score_cut,breadth_cut,spread_cut,hold_min,tp_bp,sl_bp,pre_trades,commission_bp,W0_net,W1_net,W2_net,W3_net,W4_net,positive_windows,usable_windows,pre_net,pre_mean,robust_day_10bp,robust_ticker_10bp
1.3,0.6,1.5,60.0,20.0,15.0,100,0,-205.93138887680118,-146.3163227886704,73.97969690154486,29.83557717031219,-2.8884392691866765,2,5,-251.32087686280124,-2.5132087686280125,-1305.1663752960608,-1270.2452097549617
1.3,0.6,1.5,60.0,20.0,15.0,100,2,-243.93138887680118,-182.3163227886704,5.979696901544855,11.835577170312192,-42.88843926918668,2,5,-451.32087686280124,-4.5132087686280125,-1305.1663752960608,-1270.2452097549617
1.3,0.6,1.5,60.0,20.0,15.0,100,4,-281.9313888768012,-218.3163227886704,-62.020303098455145,-6.164422829687808,-82.88843926918668,0,5,-651.3208768628012,-6.5132087686280125,-1305.1663752960608,-1270.2452097549617
1.3,0.6,1.5,60.0,20.0,15.0,100,6,-319.9313888768012,-254.3163227886704,-130.02030309845514,-24.16442282968781,-122.88843926918668,0,5,-851.3208768628012,-8.513208768628012,-1305.1663752960608,-1270.2452097549617
1.3,0.6,1.5,60.0,20.0,15.0,100,8,-357.9313888768012,-290.3163227886704,-198.02030309845514,-42.16442282968781,-162.88843926918668,0,5,-1051.3208768628012,-10.513208768628012,-1305.1663752960608,-1270.2452097549617
1.3,0.6,1.5,60.0,20.0,15.0,100,10,-395.9313888768012,-326.3163227886704,-266.02030309845514,-60.16442282968781,-202.88843926918668,0,5,-1251.3208768628012,-12.513208768628012,-1305.1663752960608,-1270.2452097549617
1.3,0.6,1.5,60.0,20.0,15.0,100,12,-433.9313888768012,-362.3163227886704,-334.02030309845514,-78.16442282968781,-242.88843926918668,0,5,-1451.3208768628012,-14.513208768628012,-1305.1663752960608,-1270.2452097549617
1.3,0.6,1.5,60.0,20.0,25.0,97,0,-97.53684291419938,-66.04161134513521,-28.3603634943276,50.28864679712657,-8.578534862732965,1,5,-150.22870581926873,-1.5487495445285435,-1174.0742042525285,-1139.1530387114292
1.3,0.6,1.5,60.0,20.0,25.0,97,2,-135.53684291419938,-100.04161134513521,-94.3603634943276,32.28864679712657,-46.578534862732965,1,5,-344.2287058192687,-3.5487495445285435,-1174.0742042525285,-1139.1530387114292
1.3,0.6,1.5,60.0,20.0,25.0,97,4,-173.53684291419938,-134.0416113451352,-160.3603634943276,14.288646797126567,-84.57853486273297,1,5,-538.2287058192687,-5.548749544528544,-1174.0742042525285,-1139.1530387114292
1.3,0.6,1.5,60.0,20.0,25.0,97,6,-211.53684291419938,-168.0416113451352,-226.3603634943276,-3.7113532028734326,-122.57853486273297,0,5,-732.2287058192687,-7.548749544528544,-1174.0742042525285,-1139.1530387114292
1.3,0.6,1.5,60.0,20.0,25.0,97,8,-249.53684291419938,-202.0416113451352,-292.3603634943276,-21.711353202873433,-160.57853486273297,0,5,-926.2287058192687,-9.548749544528544,-1174.0742042525285,-1139.1530387114292
1.3,0.6,1.5,60.0,20.0,25.0,97,10,-287.5368429141994,-236.0416113451352,-358.3603634943276,-39.71135320287343,-198.57853486273297,0,5,-1120.2287058192687,-11.548749544528544,-1174.0742042525285,-1139.1530387114292
1.3,0.6,1.5,60.0,20.0,25.0,97,12,-325.5368429141994,-270.0416113451352,-424.3603634943276,-57.71135320287343,-236.57853486273297,0,5,-1314.2287058192687,-13.548749544528544,-1174.0742042525285,-1139.1530387114292
1.3,0.6,1.5,60.0,20.0,35.0,96,0,-162.02574679147034,-33.372322423979426,36.82317596813988,-3.4086858595280773,-112.29519259803305,1,5,-274.2787717048709,-2.857070538592405,-1303.1136244123866,-1253.2031045970311
1.3,0.6,1.5,60.0,20.0,35.0,96,2,-198.02574679147034,-67.37232242397943,-29.17682403186012,-21.408685859528077,-150.29519259803305,0,5,-466.2787717048709,-4.857070538592406,-1303.1136244123866,-1253.2031045970311
1.3,0.6,1.5,60.0,20.0,35.0,96,4,-234.02574679147034,-101.37232242397943,-95.17682403186012,-39.40868585952808,-188.29519259803305,0,5,-658.2787717048709,-6.857070538592406,-1303.1136244123866,-1253.2031045970311
1.3,0.6,1.5,60.0,20.0,35.0,96,6,-270.02574679147034,-135.37232242397943,-161.17682403186012,-57.40868585952808,-226.29519259803305,0,5,-850.2787717048709,-8.857070538592405,-1303.1136244123866,-1253.2031045970311
1.3,0.6,1.5,60.0,20.0,35.0,96,8,-306.02574679147034,-169.37232242397943,-227.17682403186012,-75.40868585952808,-264.29519259803305,0,5,-1042.278771704871,-10.857070538592405,-1303.1136244123866,-1253.2031045970311
1.3,0.6,1.5,60.0,20.0,35.0,96,10,-342.02574679147034,-203.37232242397943,-293.1768240318601,-93.40868585952808,-302.29519259803305,0,5,-1234.278771704871,-12.857070538592405,-1303.1136244123866,-1253.2031045970311
1.3,0.6,1.5,60.0,20.0,35.0,96,12,-378.02574679147034,-237.37232242397943,-359.1768240318601,-111.40868585952808,-340.29519259803305,0,5,-1426.278771704871,-14.857070538592405,-1303.1136244123866,-1253.2031045970311
1.3,0.6,1.5,60.0,20.0,50.0,96,0,-116.71265672462602,-13.822340684907289,134.57883376529173,-17.7676855315908,-64.93230456082196,1,5,-78.65615373665423,-0.819334934756815,-1107.49100644417,-1108.945069328221
1.3,0.6,1.5,60.0,20.0,50.0,96,2,-152.71265672462602,-47.82234068490729,68.57883376529173,-35.7676855315908,-102.93230456082196,1,5,-270.65615373665423,-2.819334934756815,-1107.49100644417,-1108.945069328221
1.3,0.6,1.5,60.0,20.0,50.0,96,4,-188.71265672462602,-81.82234068490729,2.5788337652917335,-53.7676855315908,-140.93230456082196,1,5,-462.65615373665423,-4.819334934756815,-1107.49100644417,-1108.945069328221
1.3,0.6,1.5,60.0,20.0,50.0,96,6,-224.71265672462602,-115.82234068490729,-63.42116623470827,-71.7676855315908,-178.93230456082196,0,5,-654.6561537366542,-6.819334934756815,-1107.49100644417,-1108.945069328221
1.3,0.6,1.5,60.0,20.0,50.0,96,8,-260.712656724626,-149.8223406849073,-129.42116623470827,-89.7676855315908,-216.93230456082196,0,5,-846.6561537366542,-8.819334934756816,-1107.49100644417,-1108.945069328221
1.3,0.6,1.5,60.0,20.0,50.0,96,10,-296.712656724626,-183.8223406849073,-195.42116623470827,-107.7676855315908,-254.93230456082196,0,5,-1038.6561537366542,-10.819334934756816,-1107.49100644417,-1108.945069328221
1.3,0.6,1.5,60.0,20.0,50.0,96,12,-332.712656724626,-217.8223406849073,-261.42116623470827,-125.7676855315908,-292.932304560822,0,5,-1230.6561537366542,-12.819334934756816,-1107.49100644417,-1108.945069328221
1.3,0.6,1.5,60.0,30.0,15.0,100,0,-209.19367743943968,-150.64826194742705,112.92965480691785,-1.5127957248812436,7.7951503812473675,2,5,-240.62992992358295,-2.4062992992358296,-1313.3097039522868,-1267.941858343062
1.3,0.6,1.5,60.0,30.0,15.0,100,2,-247.19367743943968,-186.64826194742705,44.92965480691785,-19.512795724881244,-32.20484961875263,1,5,-440.62992992358295,-4.40629929923583,-1313.3097039522868,-1267.941858343062
1.3,0.6,1.5,60.0,30.0,15.0,100,4,-285.1936774394397,-222.64826194742705,-23.070345193082147,-37.512795724881244,-72.20484961875263,0,5,-640.629929923583,-6.40629929923583,-1313.3097039522868,-1267.941858343062
1.3,0.6,1.5,60.0,30.0,15.0,100,6,-323.1936774394397,-258.64826194742705,-91.07034519308215,-55.512795724881244,-112.20484961875263,0,5,-840.629929923583,-8.40629929923583,-1313.3097039522868,-1267.941858343062
1.3,0.6,1.5,60.0,30.0,15.0,100,8,-361.1936774394397,-294.64826194742705,-159.07034519308215,-73.51279572488124,-152.20484961875263,0,5,-1040.629929923583,-10.40629929923583,-1313.3097039522868,-1267.941858343062
1.3,0.6,1.5,60.0,30.0,15.0,100,10,-399.1936774394397,-330.64826194742705,-227.07034519308215,-91.51279572488124,-192.20484961875263,0,5,-1240.629929923583,-12.40629929923583,-1313.3097039522868,-1267.941858343062
1.3,0.6,1.5,60.0,30.0,15.0,100,12,-437.1936774394397,-366.64826194742705,-295.0703451930822,-109.51279572488124,-232.20484961875263,0,5,-1440.629929923583,-14.40629929923583,-1313.3097039522868,-1267.941858343062
1.3,0.6,1.5,60.0,30.0,25.0,96,0,-113.25984175426453,-106.13420916986576,0.1879010503345171,166.6977241383293,-9.045826420875613,2,5,-61.554252156342045,-0.641190126628563,-1094.234026185046,-1040.7834962709132
1.3,0.6,1.5,60.0,30.0,25.0,96,2,-149.25984175426453,-140.13420916986576,-65.81209894966548,148.6977241383293,-47.04582642087561,1,5,-253.55425215634205,-2.641190126628563,-1094.234026185046,-1040.7834962709132
1.3,0.6,1.5,60.0,30.0,25.0,96,4,-185.25984175426453,-174.13420916986576,-131.81209894966548,130.6977241383293,-85.04582642087561,1,5,-445.55425215634205,-4.641190126628563,-1094.234026185046,-1040.7834962709132
1.3,0.6,1.5,60.0,30.0,25.0,96,6,-221.25984175426453,-208.13420916986576,-197.81209894966548,112.6977241383293,-123.04582642087561,1,5,-637.554252156342,-6.641190126628563,-1094.234026185046,-1040.7834962709132
1.3,0.6,1.5,60.0,30.0,25.0,96,8,-257.2598417542645,-242.13420916986576,-263.8120989496655,94.6977241383293,-161.0458264208756,1,5,-829.554252156342,-8.641190126628564,-1094.234026185046,-1040.7834962709132
1.3,0.6,1.5,60.0,30.0,25.0,96,10,-293.2598417542645,-276.13420916986576,-329.8120989496655,76.6977241383293,-199.0458264208756,1,5,-1021.554252156342,-10.641190126628564,-1094.234026185046,-1040.7834962709132
1.3,0.6,1.5,60.0,30.0,25.0,96,12,-329.2598417542645,-310.13420916986576,-395.8120989496655,58.697724138329306,-237.0458264208756,1,5,-1213.554252156342,-12.641190126628564,-1094.234026185046,-1040.7834962709132
1.3,0.6,1.5,60.0,30.0,35.0,94,0,-301.8446840376593,-62.375605330546875,132.7121430897296,113.00039148167465,-119.81122928289227,2,5,-238.3189840796938,-2.535308341273338,-1277.2989367630207,-1197.2433169718545
1.3,0.6,1.5,60.0,30.0,35.0,94,2,-333.8446840376593,-96.37560533054688,66.71214308972961,95.00039148167465,-157.81122928289227,2,5,-426.3189840796938,-4.535308341273338,-1277.2989367630207,-1197.2433169718545
1.3,0.6,1.5,60.0,30.0,35.0,94,4,-365.8446840376593,-130.37560533054688,0.7121430897296079,77.00039148167465,-195.81122928289227,2,5,-614.3189840796938,-6.535308341273338,-1277.2989367630207,-1197.2433169718545
1.3,0.6,1.5,60.0,30.0,35.0,94,6,-397.8446840376593,-164.37560533054688,-65.28785691027039,59.00039148167465,-233.81122928289227,1,5,-802.3189840796938,-8.535308341273339,-1277.2989367630207,-1197.2433169718545
1.3,0.6,1.5,60.0,30.0,35.0,94,8,-429.8446840376593,-198.37560533054688,-131.2878569102704,41.00039148167465,-271.81122928289227,1,5,-990.3189840796938,-10.535308341273339,-1277.2989367630207,-1197.2433169718545
1.3,0.6,1.5,60.0,30.0,35.0,94,10,-461.8446840376593,-232.37560533054688,-197.2878569102704,23.000391481674647,-309.81122928289227,1,5,-1178.3189840796938,-12.535308341273339,-1277.2989367630207,-1197.2433169718545
1.3,0.6,1.5,60.0,30.0,35.0,94,12,-493.8446840376593,-266.3756053305469,-263.2878569102704,5.000391481674647,-347.81122928289227,1,5,-1366.3189840796938,-14.535308341273339,-1277.2989367630207,-1197.2433169718545
1.3,0.6,1.5,60.0,30.0,50.0,94,0,-281.5534012288748,-49.27837276548075,257.4226519799348,98.64139180961192,-107.60656615234507,2,5,-82.37429635715375,-0.8763223016718484,-1121.354249040481,-1099.0786930497975
1.3,0.6,1.5,60.0,30.0,50.0,94,2,-313.5534012288748,-83.27837276548075,191.4226519799348,80.64139180961192,-145.60656615234507,2,5,-270.37429635715375,-2.8763223016718484,-1121.354249040481,-1099.0786930497975
1.3,0.6,1.5,60.0,30.0,50.0,94,4,-345.5534012288748,-117.27837276548075,125.42265197993483,62.64139180961191,-183.60656615234507,2,5,-458.37429635715375,-4.876322301671848,-1121.354249040481,-1099.0786930497975
1.3,0.6,1.5,60.0,30.0,50.0,94,6,-377.5534012288748,-151.27837276548075,59.42265197993483,44.64139180961191,-221.60656615234507,2,5,-646.3742963571538,-6.876322301671848,-1121.354249040481,-1099.0786930497975
1.3,0.6,1.5,60.0,30.0,50.0,94,8,-409.5534012288748,-185.27837276548075,-6.577348020065173,26.64139180961191,-259.60656615234507,1,5,-834.3742963571538,-8.876322301671848,-1121.354249040481,-1099.0786930497975
1.3,0.6,1.5,60.0,30.0,50.0,94,10,-441.5534012288748,-219.27837276548075,-72.57734802006517,8.64139180961191,-297.60656615234507,1,5,-1022.3742963571538,-10.876322301671848,-1121.354249040481,-1099.0786930497975
1.3,0.6,1.5,60.0,30.0,50.0,94,12,-473.5534012288748,-253.27837276548075,-138.5773480200652,-9.35860819038809,-335.60656615234507,0,5,-1210.3742963571538,-12.876322301671848,-1121.354249040481,-1099.0786930497975
1.3,0.6,1.5,60.0,40.0,15.0,98,0,-198.61291800899392,-221.70145539909117,-15.807716531896858,33.231410237178466,21.80489917443478,2,5,-381.08578052836856,-3.888630413554781,-1464.9094902052557,-1439.940456308587
1.3,0.6,1.5,60.0,40.0,15.0,98,2,-234.61291800899392,-255.70145539909117,-83.80771653189686,15.231410237178466,-18.19510082556522,1,5,-577.0857805283686,-5.888630413554782,-1464.9094902052557,-1439.940456308587
1.3,0.6,1.5,60.0,40.0,15.0,98,4,-270.6129180089939,-289.7014553990912,-151.80771653189686,-2.7685897628215344,-58.19510082556522,0,5,-773.0857805283686,-7.888630413554782,-1464.9094902052557,-1439.940456308587
1.3,0.6,1.5,60.0,40.0,15.0,98,6,-306.6129180089939,-323.7014553990912,-219.80771653189686,-20.768589762821534,-98.19510082556522,0,5,-969.0857805283686,-9.88863041355478,-1464.9094902052557,-1439.940456308587
1.3,0.6,1.5,60.0,40.0,15.0,98,8,-342.6129180089939,-357.7014553990912,-287.80771653189686,-38.768589762821534,-138.19510082556522,0,5,-1165.0857805283686,-11.88863041355478,-1464.9094902052557,-1439.940456308587
1.3,0.6,1.5,60.0,40.0,15.0,98,10,-378.6129180089939,-391.7014553990912,-355.80771653189686,-56.768589762821534,-178.19510082556522,0,5,-1361.0857805283686,-13.88863041355478,-1464.9094902052557,-1439.940456308587
1.3,0.6,1.5,60.0,40.0,15.0,98,12,-414.6129180089939,-425.7014553990912,-423.80771653189686,-74.76858976282153,-218.19510082556522,0,5,-1557.0857805283686,-15.88863041355478,-1464.9094902052557,-1439.940456308587
1.3,0.6,1.5,60.0,40.0,25.0,94,0,-198.0370397472126,-202.64697476458178,-119.29403457813652,110.6131008124227,22.649187889206473,2,5,-386.71576038830153,-4.113997450939378,-1430.5394700651884,-1385.154461197964
1.3,0.6,1.5,60.0,40.0,25.0,94,2,-232.0370397472126,-234.64697476458178,-185.29403457813652,92.6131008124227,-15.350812110793527,1,5,-574.7157603883015,-6.113997450939378,-1430.5394700651884,-1385.154461197964
1.3,0.6,1.5,60.0,40.0,25.0,94,4,-266.0370397472126,-266.6469747645818,-251.29403457813652,74.6131008124227,-53.35081211079353,1,5,-762.7157603883015,-8.113997450939378,-1430.5394700651884,-1385.154461197964
1.3,0.6,1.5,60.0,40.0,25.0,94,6,-300.0370397472126,-298.6469747645818,-317.2940345781365,56.6131008124227,-91.35081211079353,1,5,-950.7157603883015,-10.113997450939378,-1430.5394700651884,-1385.154461197964
1.3,0.6,1.5,60.0,40.0,25.0,94,8,-334.0370397472126,-330.6469747645818,-383.2940345781365,38.6131008124227,-129.35081211079353,1,5,-1138.7157603883015,-12.113997450939378,-1430.5394700651884,-1385.154461197964
1.3,0.6,1.5,60.0,40.0,25.0,94,10,-368.0370397472126,-362.6469747645818,-449.2940345781365,20.6131008124227,-167.35081211079353,1,5,-1326.7157603883015,-14.113997450939378,-1430.5394700651884,-1385.154461197964
1.3,0.6,1.5,60.0,40.0,25.0,94,12,-402.0370397472126,-394.6469747645818,-515.2940345781365,2.613100812422701,-205.35081211079353,1,5,-1514.7157603883015,-16.11399745093938,-1430.5394700651884,-1385.154461197964
1.3,0.6,1.5,60.0,40.0,35.0,92,0,-335.97984501246026,-132.71733653753938,0.25528727502558013,56.91576815576803,-88.11621497281016,2,5,-499.64234109201607,-5.430895011869739,-1557.2128636432735,-1466.201656933736
1.3,0.6,1.5,60.0,40.0,35.0,92,2,-365.97984501246026,-164.71733653753938,-65.74471272497442,38.91576815576803,-126.11621497281016,1,5,-683.6423410920161,-7.430895011869739,-1557.2128636432735,-1466.201656933736
1.3,0.6,1.5,60.0,40.0,35.0,92,4,-395.97984501246026,-196.71733653753938,-131.74471272497442,20.915768155768028,-164.11621497281016,1,5,-867.6423410920161,-9.43089501186974,-1557.2128636432735,-1466.201656933736
1.3,0.6,1.5,60.0,40.0,35.0,92,6,-425.97984501246026,-228.71733653753938,-197.74471272497442,2.9157681557680277,-202.11621497281016,1,5,-1051.642341092016,-11.43089501186974,-1557.2128636432735,-1466.201656933736
1.3,0.6,1.5,60.0,40.0,35.0,92,8,-455.97984501246026,-260.7173365375394,-263.7447127249744,-15.084231844231972,-240.11621497281016,0,5,-1235.642341092016,-13.43089501186974,-1557.2128636432735,-1466.201656933736
1.3,0.6,1.5,60.0,40.0,35.0,92,10,-485.97984501246026,-292.7173365375394,-329.7447127249744,-33.08423184423197,-278.11621497281016,0,5,-1419.642341092016,-15.43089501186974,-1557.2128636432735,-1466.201656933736
1.3,0.6,1.5,60.0,40.0,35.0,92,12,-515.9798450124603,-324.7173365375394,-395.7447127249744,-51.08423184423197,-316.11621497281016,0,5,-1603.642341092016,-17.43089501186974,-1557.2128636432735,-1466.201656933736
1.3,0.6,1.5,60.0,40.0,50.0,91,0,-315.6885622036759,-119.62010397247343,317.8078461887615,42.556768483705305,-75.91155184226301,2,5,-150.85560334594516,-1.6577538829224743,-1198.4261258972028,-1198.5777724256782
1.3,0.6,1.5,60.0,40.0,50.0,91,2,-345.6885622036759,-151.62010397247343,253.80784618876154,24.556768483705305,-113.91155184226301,2,5,-332.85560334594516,-3.6577538829224743,-1198.4261258972028,-1198.5777724256782
1.3,0.6,1.5,60.0,40.0,50.0,91,4,-375.6885622036759,-183.62010397247343,189.80784618876154,6.556768483705305,-151.911551842263,2,5,-514.8556033459452,-5.657753882922474,-1198.4261258972028,-1198.5777724256782
1.3,0.6,1.5,60.0,40.0,50.0,91,6,-405.6885622036759,-215.62010397247343,125.80784618876153,-11.443231516294695,-189.911551842263,1,5,-696.8556033459452,-7.657753882922474,-1198.4261258972028,-1198.5777724256782
1.3,0.6,1.5,60.0,40.0,50.0,91,8,-435.6885622036759,-247.62010397247343,61.80784618876153,-29.443231516294695,-227.911551842263,1,5,-878.8556033459452,-9.657753882922474,-1198.4261258972028,-1198.5777724256782
1.3,0.6,1.5,60.0,40.0,50.0,91,10,-465.6885622036759,-279.62010397247343,-2.192153811238469,-47.443231516294695,-265.911551842263,0,5,-1060.8556033459452,-11.657753882922474,-1198.4261258972028,-1198.5777724256782
1.3,0.6,1.5,60.0,40.0,50.0,91,12,-495.6885622036759,-311.62010397247343,-66.19215381123847,-65.4432315162947,-303.911551842263,0,5,-1242.8556033459452,-13.657753882922474,-1198.4261258972028,-1198.5777724256782
1.3,0.6,1.5,60.0,60.0,15.0,97,0,-292.3439233389042,-274.4364754850166,-160.8463272347572,59.70830486008418,177.43076063540528,2,5,-490.48766056318823,-5.056573820239054,-1691.5950607093446,-1615.8520782977455
1.3,0.6,1.5,60.0,60.0,15.0,97,2,-326.3439233389042,-308.4364754850166,-228.8463272347572,41.70830486008418,137.43076063540528,2,5,-684.4876605631882,-7.056573820239054,-1691.5950607093446,-1615.8520782977455
1.3,0.6,1.5,60.0,60.0,15.0,97,4,-360.3439233389042,-342.4364754850166,-296.8463272347572,23.708304860084183,97.43076063540528,2,5,-878.4876605631882,-9.056573820239054,-1691.5950607093446,-1615.8520782977455
1.3,0.6,1.5,60.0,60.0,15.0,97,6,-394.3439233389042,-376.4364754850166,-364.8463272347572,5.7083048600841835,57.43076063540527,2,5,-1072.4876605631882,-11.056573820239054,-1691.5950607093446,-1615.8520782977455
1.3,0.6,1.5,60.0,60.0,15.0,97,8,-428.3439233389042,-410.4364754850166,-432.8463272347572,-12.291695139915817,17.43076063540527,1,5,-1266.4876605631882,-13.056573820239054,-1691.5950607093446,-1615.8520782977455
1.3,0.6,1.5,60.0,60.0,15.0,97,10,-462.3439233389042,-444.4364754850166,-500.8463272347572,-30.291695139915817,-22.56923936459473,0,5,-1460.4876605631882,-15.056573820239054,-1691.5950607093446,-1615.8520782977455
1.3,0.6,1.5,60.0,60.0,15.0,97,12,-496.3439233389042,-478.4364754850166,-568.8463272347572,-48.29169513991582,-62.56923936459473,0,5,-1654.4876605631882,-17.056573820239056,-1691.5950607093446,-1615.8520782977455
1.3,0.6,1.5,60.0,60.0,25.0,93,0,-295.0066822508677,-283.5189484669686,-308.24651337575267,113.37142050856889,187.96755984577484,2,5,-585.4331637392454,-6.294980255260703,-1699.556306953721,-1662.7148971688948
1.3,0.6,1.5,60.0,60.0,25.0,93,2,-327.0066822508677,-315.5189484669686,-374.24651337575267,95.37142050856889,149.96755984577484,2,5,-771.4331637392454,-8.294980255260704,-1699.556306953721,-1662.7148971688948
1.3,0.6,1.5,60.0,60.0,25.0,93,4,-359.0066822508677,-347.5189484669686,-440.24651337575267,77.37142050856889,111.96755984577483,2,5,-957.4331637392454,-10.294980255260704,-1699.556306953721,-1662.7148971688948
1.3,0.6,1.5,60.0,60.0,25.0,93,6,-391.0066822508677,-379.5189484669686,-506.24651337575267,59.37142050856889,73.96755984577483,2,5,-1143.4331637392454,-12.294980255260704,-1699.556306953721,-1662.7148971688948
1.3,0.6,1.5,60.0,60.0,25.0,93,8,-423.0066822508677,-411.5189484669686,-572.2465133757527,41.37142050856889,35.96755984577483,2,5,-1329.4331637392454,-14.294980255260704,-1699.556306953721,-1662.7148971688948
1.3,0.6,1.5,60.0,60.0,25.0,93,10,-455.0066822508677,-443.5189484669686,-638.2465133757527,23.37142050856889,-2.032440154225167,1,5,-1515.4331637392454,-16.294980255260704,-1699.556306953721,-1662.7148971688948
1.3,0.6,1.5,60.0,60.0,25.0,93,12,-487.0066822508677,-475.5189484669686,-704.2465133757527,5.371420508568889,-40.03244015422517,1,5,-1701.4331637392454,-18.294980255260704,-1699.556306953721,-1662.7148971688948
1.3,0.6,1.5,60.0,60.0,35.0,92,0,-384.78514967567537,-222.21458493169592,-165.27660754913467,59.674087851914216,77.20215698375816,2,5,-635.4000973208333,-6.90652279696558,-1698.572236348036,-1690.8024457825406
1.3,0.6,1.5,60.0,60.0,35.0,92,2,-414.78514967567537,-254.21458493169592,-231.27660754913467,41.674087851914216,39.20215698375816,2,5,-819.4000973208333,-8.906522796965579,-1698.572236348036,-1690.8024457825406
1.3,0.6,1.5,60.0,60.0,35.0,92,4,-444.78514967567537,-286.2145849316959,-297.27660754913467,23.674087851914216,1.202156983758158,2,5,-1003.4000973208333,-10.906522796965579,-1698.572236348036,-1690.8024457825406
1.3,0.6,1.5,60.0,60.0,35.0,92,6,-474.78514967567537,-318.2145849316959,-363.27660754913467,5.674087851914216,-36.79784301624184,1,5,-1187.4000973208333,-12.906522796965579,-1698.572236348036,-1690.8024457825406
1.3,0.6,1.5,60.0,60.0,35.0,92,8,-504.78514967567537,-350.2145849316959,-429.27660754913467,-12.325912148085784,-74.79784301624184,0,5,-1371.4000973208333,-14.906522796965579,-1698.572236348036,-1690.8024457825406
1.3,0.6,1.5,60.0,60.0,35.0,92,10,-534.7851496756754,-382.2145849316959,-495.27660754913467,-30.325912148085784,-112.79784301624184,0,5,-1555.4000973208333,-16.90652279696558,-1698.572236348036,-1690.8024457825406
1.3,0.6,1.5,60.0,60.0,35.0,92,12,-564.7851496756754,-414.2145849316959,-561.2766075491347,-48.325912148085784,-150.79784301624184,0,5,-1739.4000973208333,-18.90652279696558,-1698.572236348036,-1690.8024457825406
1.3,0.6,1.5,60.0,60.0,50.0,91,0,-364.49386686689104,-183.8279465066479,36.749457795177705,45.31508817985149,89.40682011430536,3,5,-376.8504472842044,-4.141213706419829,-1468.8037867593537,-1495.781136101847
1.3,0.6,1.5,60.0,60.0,50.0,91,2,-394.49386686689104,-215.8279465066479,-27.250542204822295,27.315088179851493,51.40682011430536,2,5,-558.8504472842044,-6.141213706419829,-1468.8037867593537,-1495.781136101847
1.3,0.6,1.5,60.0,60.0,50.0,91,4,-424.49386686689104,-247.8279465066479,-91.2505422048223,9.315088179851493,13.406820114305361,2,5,-740.8504472842044,-8.141213706419828,-1468.8037867593537,-1495.781136101847
1.3,0.6,1.5,60.0,60.0,50.0,91,6,-454.49386686689104,-279.8279465066479,-155.2505422048223,-8.684911820148507,-24.59317988569464,0,5,-922.8504472842044,-10.141213706419828,-1468.8037867593537,-1495.781136101847
1.3,0.6,1.5,60.0,60.0,50.0,91,8,-484.49386686689104,-311.8279465066479,-219.2505422048223,-26.684911820148507,-62.59317988569464,0,5,-1104.8504472842044,-12.141213706419828,-1468.8037867593537,-1495.781136101847
1.3,0.6,1.5,60.0,60.0,50.0,91,10,-514.493866866891,-343.8279465066479,-283.2505422048223,-44.68491182014851,-100.59317988569464,0,5,-1286.8504472842044,-14.141213706419828,-1468.8037867593537,-1495.781136101847
1.3,0.6,1.5,60.0,60.0,50.0,91,12,-544.493866866891,-375.8279465066479,-347.2505422048223,-62.68491182014851,-138.59317988569464,0,5,-1468.8504472842044,-16.14121370641983,-1468.8037867593537,-1495.781136101847
1.3,0.6,1.5,90.0,20.0,15.0,100,0,-221.74703930982105,-111.03813043012337,23.1707401866783,29.83557717031219,-2.8884392691866765,2,5,-282.66729165214065,-2.8266729165214066,-1336.5127900854002,-1301.591624544301
1.3,0.6,1.5,90.0,20.0,15.0,100,2,-259.74703930982105,-147.03813043012337,-44.8292598133217,11.835577170312192,-42.88843926918668,1,5,-482.66729165214065,-4.826672916521407,-1336.5127900854002,-1301.591624544301
1.3,0.6,1.5,90.0,20.0,15.0,100,4,-297.74703930982105,-183.03813043012337,-112.8292598133217,-6.164422829687808,-82.88843926918668,0,5,-682.6672916521406,-6.826672916521407,-1336.5127900854002,-1301.591624544301
1.3,0.6,1.5,90.0,20.0,15.0,100,6,-335.74703930982105,-219.03813043012337,-180.8292598133217,-24.16442282968781,-122.88843926918668,0,5,-882.6672916521406,-8.826672916521407,-1336.5127900854002,-1301.591624544301
1.3,0.6,1.5,90.0,20.0,15.0,100,8,-373.74703930982105,-255.03813043012337,-248.8292598133217,-42.16442282968781,-162.88843926918668,0,5,-1082.6672916521406,-10.826672916521407,-1336.5127900854002,-1301.591624544301
1.3,0.6,1.5,90.0,20.0,15.0,100,10,-411.74703930982105,-291.0381304301234,-316.8292598133217,-60.16442282968781,-202.88843926918668,0,5,-1282.6672916521406,-12.826672916521407,-1336.5127900854002,-1301.591624544301
1.3,0.6,1.5,90.0,20.0,15.0,100,12,-449.74703930982105,-327.0381304301234,-384.8292598133217,-78.16442282968781,-242.88843926918668,0,5,-1482.6672916521406,-14.826672916521407,-1336.5127900854002,-1301.591624544301
1.3,0.6,1.5,90.0,20.0,25.0,97,0,-112.1184350441805,-30.590521964100105,-79.16932020919415,50.28864679712657,-8.578534862732965,1,5,-180.16816528308118,-1.8574037658049607,-1204.0136637163407,-1169.0924981752416
1.3,0.6,1.5,90.0,20.0,25.0,97,2,-150.1184350441805,-64.5905219641001,-145.16932020919415,32.28864679712657,-46.578534862732965,1,5,-374.1681652830812,-3.8574037658049605,-1204.0136637163407,-1169.0924981752416
1.3,0.6,1.5,90.0,20.0,25.0,97,4,-188.1184350441805,-98.5905219641001,-211.16932020919415,14.288646797126567,-84.57853486273297,1,5,-568.1681652830812,-5.8574037658049605,-1204.0136637163407,-1169.0924981752416
1.3,0.6,1.5,90.0,20.0,25.0,97,6,-226.1184350441805,-132.5905219641001,-277.16932020919415,-3.7113532028734326,-122.57853486273297,0,5,-762.1681652830812,-7.8574037658049605,-1204.0136637163407,-1169.0924981752416
1.3,0.6,1.5,90.0,20.0,25.0,97,8,-264.1184350441805,-166.5905219641001,-343.16932020919415,-21.711353202873433,-160.57853486273297,0,5,-956.1681652830812,-9.85740376580496,-1204.0136637163407,-1169.0924981752416
1.3,0.6,1.5,90.0,20.0,25.0,97,10,-302.1184350441805,-200.5905219641001,-409.16932020919415,-39.71135320287343,-198.57853486273297,0,5,-1150.1681652830812,-11.85740376580496,-1204.0136637163407,-1169.0924981752416
1.3,0.6,1.5,90.0,20.0,25.0,97,12,-340.1184350441805,-234.5905219641001,-475.16932020919415,-57.71135320287343,-236.57853486273297,0,5,-1344.1681652830812,-13.85740376580496,-1204.0136637163407,-1169.0924981752416
1.3,0.6,1.5,90.0,20.0,35.0,96,0,-176.60733892145146,2.0787669570556773,-13.126314424881343,-3.4086858595280773,-112.29519259803305,1,5,-303.3587648468383,-3.1599871338212324,-1317.2042632800978,-1282.2830977389988
1.3,0.6,1.5,90.0,20.0,35.0,96,2,-212.60733892145146,-31.921233042944323,-79.12631442488134,-21.408685859528077,-150.29519259803305,0,5,-495.3587648468383,-5.159987133821232,-1317.2042632800978,-1282.2830977389988
1.3,0.6,1.5,90.0,20.0,35.0,96,4,-248.60733892145146,-65.92123304294432,-145.12631442488134,-39.40868585952808,-188.29519259803305,0,5,-687.3587648468383,-7.159987133821232,-1317.2042632800978,-1282.2830977389988
1.3,0.6,1.5,90.0,20.0,35.0,96,6,-284.60733892145146,-99.92123304294432,-211.12631442488134,-57.40868585952808,-226.29519259803305,0,5,-879.3587648468383,-9.159987133821232,-1317.2042632800978,-1282.2830977389988
1.3,0.6,1.5,90.0,20.0,35.0,96,8,-320.60733892145146,-133.92123304294432,-277.12631442488134,-75.40868585952808,-264.29519259803305,0,5,-1071.3587648468383,-11.159987133821232,-1317.2042632800978,-1282.2830977389988
1.3,0.6,1.5,90.0,20.0,35.0,96,10,-356.60733892145146,-167.92123304294432,-343.12631442488134,-93.40868585952808,-302.29519259803305,0,5,-1263.3587648468383,-13.159987133821232,-1317.2042632800978,-1282.2830977389988
1.3,0.6,1.5,90.0,20.0,35.0,96,12,-392.60733892145146,-201.92123304294432,-409.12631442488134,-111.40868585952808,-340.29519259803305,0,5,-1455.3587648468383,-15.159987133821232,-1317.2042632800978,-1282.2830977389988
1.3,0.6,1.5,90.0,20.0,50.0,95,0,70.41228059781469,21.628748696127786,126.50900107410283,-17.7676855315908,-79.44567946265511,3,5,121.33666537379929,1.2772280565663083,-1006.17585531263,-1001.7715853391504
1.3,0.6,1.5,90.0,20.0,50.0,95,2,34.412280597814686,-12.371251303872214,62.50900107410283,-35.7676855315908,-117.44567946265511,2,5,-68.66333462620071,-0.7227719434336917,-1006.17585531263,-1001.7715853391504
1.3,0.6,1.5,90.0,20.0,50.0,95,4,-1.5877194021853143,-46.371251303872214,-1.4909989258971734,-53.7676855315908,-155.4456794626551,0,5,-258.6633346262007,-2.7227719434336914,-1006.17585531263,-1001.7715853391504
1.3,0.6,1.5,90.0,20.0,50.0,95,6,-37.587719402185314,-80.37125130387221,-65.49099892589717,-71.7676855315908,-193.4456794626551,0,5,-448.6633346262007,-4.722771943433692,-1006.17585531263,-1001.7715853391504
1.3,0.6,1.5,90.0,20.0,50.0,95,8,-73.58771940218531,-114.37125130387221,-129.49099892589717,-89.7676855315908,-231.4456794626551,0,5,-638.6633346262007,-6.722771943433692,-1006.17585531263,-1001.7715853391504
1.3,0.6,1.5,90.0,20.0,50.0,95,10,-109.58771940218531,-148.3712513038722,-193.49099892589717,-107.7676855315908,-269.4456794626551,0,5,-828.6633346262007,-8.722771943433692,-1006.17585531263,-1001.7715853391504
1.3,0.6,1.5,90.0,20.0,50.0,95,12,-145.58771940218531,-182.3712513038722,-257.4909989258972,-125.7676855315908,-307.4456794626551,0,5,-1018.6633346262007,-10.722771943433692,-1006.17585531263,-1001.7715853391504
1.3,0.6,1.5,90.0,30.0,15.0,100,0,-225.0093278724596,-115.37006958888003,94.00942945274417,-1.5127957248812436,7.7951503812473675,2,5,-240.08761335222925,-2.4008761335222926,-1312.767387380933,-1285.3004107794095
1.3,0.6,1.5,90.0,30.0,15.0,100,2,-263.0093278724596,-151.37006958888003,26.009429452744172,-19.512795724881244,-32.20484961875263,1,5,-440.08761335222925,-4.400876133522292,-1312.767387380933,-1285.3004107794095
1.3,0.6,1.5,90.0,30.0,15.0,100,4,-301.0093278724596,-187.37006958888003,-41.99057054725583,-37.512795724881244,-72.20484961875263,0,5,-640.0876133522293,-6.400876133522292,-1312.767387380933,-1285.3004107794095
1.3,0.6,1.5,90.0,30.0,15.0,100,6,-339.0093278724596,-223.37006958888003,-109.99057054725583,-55.512795724881244,-112.20484961875263,0,5,-840.0876133522293,-8.400876133522292,-1312.767387380933,-1285.3004107794095
1.3,0.6,1.5,90.0,30.0,15.0,100,8,-377.0093278724596,-259.37006958888,-177.99057054725583,-73.51279572488124,-152.20484961875263,0,5,-1040.0876133522293,-10.400876133522292,-1312.767387380933,-1285.3004107794095
1.3,0.6,1.5,90.0,30.0,15.0,100,10,-415.0093278724596,-295.37006958888,-245.99057054725583,-91.51279572488124,-192.20484961875263,0,5,-1240.0876133522293,-12.400876133522292,-1312.767387380933,-1285.3004107794095
1.3,0.6,1.5,90.0,30.0,15.0,100,12,-453.0093278724596,-331.37006958888,-313.99057054725586,-109.51279572488124,-232.20484961875263,0,5,-1440.0876133522293,-14.400876133522292,-1312.767387380933,-1285.3004107794095
1.3,0.6,1.5,90.0,30.0,25.0,96,0,-110.92748727351653,-70.68311978883065,-18.73232430383905,166.6977241383293,-19.4652625983785,1,5,-53.1104698262352,-0.5532340606899501,-1085.7902438549393,-1050.2405829485078
1.3,0.6,1.5,90.0,30.0,25.0,96,2,-146.92748727351653,-104.68311978883065,-84.73232430383905,148.6977241383293,-57.4652625983785,1,5,-245.1104698262352,-2.55323406068995,-1085.7902438549393,-1050.2405829485078
1.3,0.6,1.5,90.0,30.0,25.0,96,4,-182.92748727351653,-138.68311978883065,-150.73232430383905,130.6977241383293,-95.4652625983785,1,5,-437.1104698262352,-4.55323406068995,-1085.7902438549393,-1050.2405829485078
1.3,0.6,1.5,90.0,30.0,25.0,96,6,-218.92748727351653,-172.68311978883065,-216.73232430383905,112.6977241383293,-133.4652625983785,1,5,-629.1104698262352,-6.55323406068995,-1085.7902438549393,-1050.2405829485078
1.3,0.6,1.5,90.0,30.0,25.0,96,8,-254.92748727351653,-206.68311978883065,-282.73232430383905,94.6977241383293,-171.4652625983785,1,5,-821.1104698262352,-8.55323406068995,-1085.7902438549393,-1050.2405829485078
1.3,0.6,1.5,90.0,30.0,25.0,96,10,-290.92748727351653,-240.68311978883065,-348.73232430383905,76.6977241383293,-209.4652625983785,1,5,-1013.1104698262352,-10.55323406068995,-1085.7902438549393,-1050.2405829485078
1.3,0.6,1.5,90.0,30.0,25.0,96,12,-326.92748727351653,-274.68311978883065,-414.73232430383905,58.697724138329306,-247.4652625983785,1,5,-1205.1104698262352,-12.55323406068995,-1085.7902438549393,-1050.2405829485078
1.3,0.6,1.5,90.0,30.0,35.0,94,0,-299.5123295569113,-26.924515949511772,117.66162012122908,113.00039148167465,-132.66318258519033,2,5,-228.43801648870954,-2.430191664773506,-1265.3175555176192,-1193.68874464304
1.3,0.6,1.5,90.0,30.0,35.0,94,2,-331.5123295569113,-60.92451594951177,51.66162012122908,95.00039148167465,-170.66318258519033,2,5,-416.43801648870954,-4.430191664773505,-1265.3175555176192,-1193.68874464304
1.3,0.6,1.5,90.0,30.0,35.0,94,4,-363.5123295569113,-94.92451594951177,-14.338379878770922,77.00039148167465,-208.66318258519033,1,5,-604.4380164887095,-6.430191664773505,-1265.3175555176192,-1193.68874464304
1.3,0.6,1.5,90.0,30.0,35.0,94,6,-395.5123295569113,-128.92451594951177,-80.33837987877092,59.00039148167465,-246.66318258519033,1,5,-792.4380164887095,-8.430191664773506,-1265.3175555176192,-1193.68874464304
1.3,0.6,1.5,90.0,30.0,35.0,94,8,-427.5123295569113,-162.92451594951177,-146.33837987877092,41.00039148167465,-284.6631825851903,1,5,-980.4380164887095,-10.430191664773506,-1265.3175555176192,-1193.68874464304
1.3,0.6,1.5,90.0,30.0,35.0,94,10,-459.5123295569113,-196.92451594951177,-212.33837987877092,23.000391481674647,-322.6631825851903,1,5,-1168.4380164887095,-12.430191664773506,-1265.3175555176192,-1193.68874464304
1.3,0.6,1.5,90.0,30.0,35.0,94,12,-491.5123295569113,-230.92451594951177,-278.3383798787709,5.000391481674647,-360.6631825851903,1,5,-1356.4380164887095,-14.430191664773506,-1265.3175555176192,-1193.68874464304
1.3,0.6,1.5,90.0,30.0,50.0,93,0,-77.51451729570505,5.532366494771395,269.7651668468459,98.64139180961192,-135.16291533733977,3,5,161.26149251818447,1.7339945432062847,-965.0518051930784,-983.26261979453
1.3,0.6,1.5,90.0,30.0,50.0,93,2,-109.51451729570505,-28.467633505228605,205.76516684684591,80.64139180961192,-173.16291533733977,2,5,-24.73850748181553,-0.2660054567937154,-965.0518051930784,-983.26261979453
1.3,0.6,1.5,90.0,30.0,50.0,93,4,-141.51451729570505,-62.467633505228605,141.76516684684591,62.64139180961191,-211.16291533733977,2,5,-210.73850748181553,-2.2660054567937156,-965.0518051930784,-983.26261979453
1.3,0.6,1.5,90.0,30.0,50.0,93,6,-173.51451729570505,-96.4676335052286,77.76516684684591,44.64139180961191,-249.16291533733977,2,5,-396.73850748181553,-4.266005456793716,-965.0518051930784,-983.26261979453
1.3,0.6,1.5,90.0,30.0,50.0,93,8,-205.51451729570505,-130.4676335052286,13.765166846845915,26.64139180961191,-287.16291533733977,2,5,-582.7385074818155,-6.266005456793716,-965.0518051930784,-983.26261979453
1.3,0.6,1.5,90.0,30.0,50.0,93,10,-237.51451729570505,-164.4676335052286,-50.234833153154085,8.64139180961191,-325.16291533733977,1,5,-768.7385074818155,-8.266005456793716,-965.0518051930784,-983.26261979453
1.3,0.6,1.5,90.0,30.0,50.0,93,12,-269.51451729570505,-198.4676335052286,-114.23483315315409,-9.35860819038809,-363.16291533733977,0,5,-954.7385074818155,-10.266005456793716,-965.0518051930784,-983.26261979453
1.3,0.6,1.5,90.0,40.0,15.0,98,0,-214.42856844201378,-183.85983612364544,-26.748898333686498,33.231410237178466,3.5036855034131236,2,5,-388.3022071587541,-3.9622674199872865,-1472.125916835641,-1452.7244612810257
1.3,0.6,1.5,90.0,40.0,15.0,98,2,-250.42856844201378,-217.85983612364544,-94.7488983336865,15.231410237178466,-36.496314496586876,1,5,-584.3022071587541,-5.9622674199872865,-1472.125916835641,-1452.7244612810257
1.3,0.6,1.5,90.0,40.0,15.0,98,4,-286.4285684420138,-251.85983612364544,-162.7488983336865,-2.7685897628215344,-76.49631449658688,0,5,-780.3022071587541,-7.9622674199872865,-1472.125916835641,-1452.7244612810257
1.3,0.6,1.5,90.0,40.0,15.0,98,6,-322.4285684420138,-285.85983612364544,-230.7488983336865,-20.768589762821534,-116.49631449658688,0,5,-976.3022071587541,-9.962267419987286,-1472.125916835641,-1452.7244612810257
1.3,0.6,1.5,90.0,40.0,15.0,98,8,-358.4285684420138,-319.85983612364544,-298.7488983336865,-38.768589762821534,-156.49631449658688,0,5,-1172.302207158754,-11.962267419987286,-1472.125916835641,-1452.7244612810257
1.3,0.6,1.5,90.0,40.0,15.0,98,10,-394.4285684420138,-353.85983612364544,-366.7488983336865,-56.768589762821534,-196.49631449658688,0,5,-1368.302207158754,-13.962267419987286,-1472.125916835641,-1452.7244612810257
1.3,0.6,1.5,90.0,40.0,15.0,98,12,-430.4285684420138,-387.85983612364544,-434.7488983336865,-74.76858976282153,-236.49631449658688,0,5,-1564.302207158754,-15.962267419987286,-1472.125916835641,-1452.7244612810257
1.3,0.6,1.5,90.0,40.0,25.0,94,0,-151.7267564109946,-152.5772984815531,-120.85178290492098,110.6131008124227,62.241360403366045,2,5,-252.3013765816795,-2.6840571976774417,-1296.1250862585666,-1268.6409463990435
1.3,0.6,1.5,90.0,40.0,25.0,94,2,-185.7267564109946,-184.5772984815531,-186.85178290492098,92.6131008124227,24.241360403366045,2,5,-440.3013765816795,-4.684057197677442,-1296.1250862585666,-1268.6409463990435
1.3,0.6,1.5,90.0,40.0,25.0,94,4,-219.7267564109946,-216.5772984815531,-252.85178290492098,74.6131008124227,-13.758639596633955,1,5,-628.3013765816795,-6.684057197677442,-1296.1250862585666,-1268.6409463990435
1.3,0.6,1.5,90.0,40.0,25.0,94,6,-253.7267564109946,-248.5772984815531,-318.851782904921,56.6131008124227,-51.758639596633955,1,5,-816.3013765816795,-8.684057197677442,-1296.1250862585666,-1268.6409463990435
1.3,0.6,1.5,90.0,40.0,25.0,94,8,-287.7267564109946,-280.5772984815531,-384.851782904921,38.6131008124227,-89.75863959663396,1,5,-1004.3013765816795,-10.684057197677442,-1296.1250862585666,-1268.6409463990435
1.3,0.6,1.5,90.0,40.0,25.0,94,10,-321.7267564109946,-312.5772984815531,-450.851782904921,20.6131008124227,-127.75863959663396,1,5,-1192.3013765816795,-12.684057197677442,-1296.1250862585666,-1268.6409463990435
1.3,0.6,1.5,90.0,40.0,25.0,94,12,-355.7267564109946,-344.5772984815531,-516.851782904921,2.613100812422701,-165.75863959663394,1,5,-1380.3013765816795,-14.684057197677442,-1296.1250862585666,-1268.6409463990435
1.3,0.6,1.5,90.0,40.0,35.0,92,0,-289.6695616762423,-82.64766025451081,2.5672413339141826,56.91576815576803,-50.956559583445795,2,5,-363.7907720245164,-3.954247522005613,-1427.2399244737408,-1348.250956873938
1.3,0.6,1.5,90.0,40.0,35.0,92,2,-319.6695616762423,-114.64766025451081,-63.43275866608582,38.91576815576803,-88.9565595834458,1,5,-547.7907720245164,-5.9542475220056135,-1427.2399244737408,-1348.250956873938
1.3,0.6,1.5,90.0,40.0,35.0,92,4,-349.6695616762423,-146.6476602545108,-129.43275866608582,20.915768155768028,-126.9565595834458,1,5,-731.7907720245164,-7.9542475220056135,-1427.2399244737408,-1348.250956873938
1.3,0.6,1.5,90.0,40.0,35.0,92,6,-379.6695616762423,-178.6476602545108,-195.43275866608582,2.9157681557680277,-164.9565595834458,1,5,-915.7907720245164,-9.954247522005613,-1427.2399244737408,-1348.250956873938
1.3,0.6,1.5,90.0,40.0,35.0,92,8,-409.6695616762423,-210.6476602545108,-261.4327586660858,-15.084231844231972,-202.9565595834458,0,5,-1099.7907720245164,-11.954247522005613,-1427.2399244737408,-1348.250956873938
1.3,0.6,1.5,90.0,40.0,35.0,92,10,-439.6695616762423,-242.6476602545108,-327.4327586660858,-33.08423184423197,-240.9565595834458,0,5,-1283.7907720245164,-13.954247522005613,-1427.2399244737408,-1348.250956873938
1.3,0.6,1.5,90.0,40.0,35.0,92,12,-469.6695616762423,-274.6476602545108,-393.4327586660858,-51.08423184423197,-278.9565595834458,0,5,-1467.7907720245164,-15.954247522005613,-1427.2399244737408,-1348.250956873938
1.3,0.6,1.5,90.0,40.0,50.0,90,0,-67.67174941503603,-36.05615468122372,388.90352257766335,42.556768483705305,-53.456292335595236,2,5,274.27609462951364,3.0475121625501513,-826.2737084931816,-879.5013654846822
1.3,0.6,1.5,90.0,40.0,50.0,90,2,-97.67174941503603,-68.05615468122372,326.90352257766335,24.556768483705305,-91.45629233559524,2,5,94.27609462951364,1.0475121625501516,-826.2737084931816,-879.5013654846822
1.3,0.6,1.5,90.0,40.0,50.0,90,4,-127.67174941503603,-100.05615468122372,264.90352257766335,6.556768483705305,-129.45629233559524,2,5,-85.72390537048636,-0.9524878374498484,-826.2737084931816,-879.5013654846822
1.3,0.6,1.5,90.0,40.0,50.0,90,6,-157.67174941503603,-132.05615468122372,202.90352257766335,-11.443231516294695,-167.45629233559524,1,5,-265.72390537048636,-2.9524878374498487,-826.2737084931816,-879.5013654846822
1.3,0.6,1.5,90.0,40.0,50.0,90,8,-187.67174941503603,-164.05615468122372,140.90352257766335,-29.443231516294695,-205.45629233559524,1,5,-445.72390537048636,-4.952487837449849,-826.2737084931816,-879.5013654846822
1.3,0.6,1.5,90.0,40.0,50.0,90,10,-217.67174941503603,-196.05615468122372,78.90352257766337,-47.443231516294695,-243.45629233559524,1,5,-625.7239053704864,-6.952487837449849,-826.2737084931816,-879.5013654846822
1.3,0.6,1.5,90.0,40.0,50.0,90,12,-247.67174941503603,-228.05615468122372,16.903522577663367,-65.4432315162947,-281.4562923355952,1,5,-805.7239053704864,-8.952487837449848,-826.2737084931816,-879.5013654846822
1.3,0.6,1.5,90.0,60.0,15.0,97,0,-285.9750249499018,-77.60421126485971,-197.28341126610542,59.70830486008418,179.5545205576339,2,5,-321.59982206314885,-3.315462083125246,-1522.7072222093052,-1464.8651088054075
1.3,0.6,1.5,90.0,60.0,15.0,97,2,-319.9750249499018,-111.60421126485971,-265.2834112661054,41.70830486008418,139.5545205576339,2,5,-515.5998220631488,-5.3154620831252455,-1522.7072222093052,-1464.8651088054075
1.3,0.6,1.5,90.0,60.0,15.0,97,4,-353.9750249499018,-145.6042112648597,-333.2834112661054,23.708304860084183,99.55452055763391,2,5,-709.5998220631488,-7.3154620831252455,-1522.7072222093052,-1464.8651088054075
1.3,0.6,1.5,90.0,60.0,15.0,97,6,-387.9750249499018,-179.6042112648597,-401.2834112661054,5.7083048600841835,59.55452055763391,2,5,-903.5998220631488,-9.315462083125245,-1522.7072222093052,-1464.8651088054075
1.3,0.6,1.5,90.0,60.0,15.0,97,8,-421.9750249499018,-213.6042112648597,-469.2834112661054,-12.291695139915817,19.55452055763391,1,5,-1097.5998220631488,-11.315462083125245,-1522.7072222093052,-1464.8651088054075
1.3,0.6,1.5,90.0,60.0,15.0,97,10,-455.9750249499018,-247.6042112648597,-537.2834112661054,-30.291695139915817,-20.44547944236609,0,5,-1291.5998220631488,-13.315462083125245,-1522.7072222093052,-1464.8651088054075
1.3,0.6,1.5,90.0,60.0,15.0,97,12,-489.9750249499018,-281.6042112648597,-605.2834112661054,-48.29169513991582,-60.44547944236609,0,5,-1485.5998220631488,-15.315462083125245,-1522.7072222093052,-1464.8651088054075
1.3,0.6,1.5,90.0,60.0,25.0,93,0,-186.15715356888728,-74.12522804562559,-263.17216500510506,108.6841154106535,327.06872076284765,2,5,-87.70171044611675,-0.9430291445819006,-1201.8248536605925,-1182.8843128834678
1.3,0.6,1.5,90.0,60.0,25.0,93,2,-218.15715356888728,-106.12522804562559,-329.17216500510506,90.6841154106535,289.06872076284765,2,5,-273.70171044611675,-2.9430291445819003,-1201.8248536605925,-1182.8843128834678
1.3,0.6,1.5,90.0,60.0,25.0,93,4,-250.15715356888728,-138.1252280456256,-395.17216500510506,72.6841154106535,251.06872076284762,2,5,-459.70171044611675,-4.9430291445819,-1201.8248536605925,-1182.8843128834678
1.3,0.6,1.5,90.0,60.0,25.0,93,6,-282.1571535688873,-170.1252280456256,-461.17216500510506,54.684115410653504,213.06872076284762,2,5,-645.7017104461167,-6.9430291445819,-1201.8248536605925,-1182.8843128834678
1.3,0.6,1.5,90.0,60.0,25.0,93,8,-314.1571535688873,-202.1252280456256,-527.1721650051051,36.684115410653504,175.06872076284762,2,5,-831.7017104461167,-8.943029144581901,-1201.8248536605925,-1182.8843128834678
1.3,0.6,1.5,90.0,60.0,25.0,93,10,-346.1571535688873,-234.1252280456256,-593.1721650051051,18.684115410653504,137.06872076284762,2,5,-1017.7017104461167,-10.943029144581901,-1201.8248536605925,-1182.8843128834678
1.3,0.6,1.5,90.0,60.0,25.0,93,12,-378.1571535688873,-266.1252280456256,-659.1721650051051,0.6841154106535043,99.06872076284762,2,5,-1203.7017104461167,-12.943029144581901,-1201.8248536605925,-1182.8843128834678
1.3,0.6,1.5,90.0,60.0,35.0,92,0,-275.93562099369495,-12.820864510352948,-94.11813829361722,54.98678275399883,213.8708007760358,2,5,-114.01704026763036,-1.2393156550829387,-1214.050838058785,-1187.3202577370391
1.3,0.6,1.5,90.0,60.0,35.0,92,2,-305.93562099369495,-44.82086451035295,-160.11813829361722,36.98678275399883,175.8708007760358,2,5,-298.01704026763036,-3.239315655082939,-1214.050838058785,-1187.3202577370391
1.3,0.6,1.5,90.0,60.0,35.0,92,4,-335.93562099369495,-76.82086451035295,-226.11813829361722,18.98678275399883,137.8708007760358,2,5,-482.01704026763036,-5.2393156550829385,-1214.050838058785,-1187.3202577370391
1.3,0.6,1.5,90.0,60.0,35.0,92,6,-365.93562099369495,-108.82086451035295,-292.1181382936172,0.9867827539988312,99.8708007760358,2,5,-666.0170402676304,-7.2393156550829385,-1214.050838058785,-1187.3202577370391
1.3,0.6,1.5,90.0,60.0,35.0,92,8,-395.93562099369495,-140.82086451035295,-358.1181382936172,-17.01321724600117,61.87080077603579,1,5,-850.0170402676304,-9.239315655082939,-1214.050838058785,-1187.3202577370391
1.3,0.6,1.5,90.0,60.0,35.0,92,10,-425.93562099369495,-172.82086451035295,-424.1181382936172,-35.01321724600117,23.87080077603579,1,5,-1034.0170402676304,-11.239315655082939,-1214.050838058785,-1187.3202577370391
1.3,0.6,1.5,90.0,60.0,35.0,92,12,-455.93562099369495,-204.82086451035295,-490.1181382936172,-53.01321724600117,-14.12919922396421,0,5,-1218.0170402676304,-13.239315655082939,-1214.050838058785,-1187.3202577370391
1.3,0.6,1.5,90.0,60.0,50.0,90,0,-53.93780873248872,85.87909531821538,143.5962528080509,40.62778308193611,211.37106802388632,4,5,427.5363904995999,4.750404338884444,-683.4503400982846,-757.2021377326955
1.3,0.6,1.5,90.0,60.0,50.0,90,2,-83.93780873248872,53.87909531821538,81.5962528080509,22.62778308193611,173.37106802388632,4,5,247.53639049959992,2.7504043388844437,-683.4503400982846,-757.2021377326955
1.3,0.6,1.5,90.0,60.0,50.0,90,4,-113.93780873248872,21.879095318215377,19.596252808050906,4.6277830819361085,135.37106802388632,4,5,67.53639049959992,0.7504043388844436,-683.4503400982846,-757.2021377326955
1.3,0.6,1.5,90.0,60.0,50.0,90,6,-143.93780873248872,-10.120904681784623,-42.403747191949094,-13.372216918063891,97.37106802388632,1,5,-112.46360950040008,-1.2495956611155565,-683.4503400982846,-757.2021377326955
1.3,0.6,1.5,90.0,60.0,50.0,90,8,-173.93780873248872,-42.12090468178462,-104.4037471919491,-31.37221691806389,59.37106802388632,1,5,-292.4636095004001,-3.2495956611155563,-683.4503400982846,-757.2021377326955
1.3,0.6,1.5,90.0,60.0,50.0,90,10,-203.93780873248872,-74.12090468178462,-166.4037471919491,-49.37221691806389,21.37106802388632,1,5,-472.4636095004001,-5.249595661115556,-683.4503400982846,-757.2021377326955
1.3,0.6,1.5,90.0,60.0,50.0,90,12,-233.93780873248872,-106.12090468178462,-228.4037471919491,-67.37221691806388,-16.62893197611368,0,5,-652.4636095004,-7.249595661115555,-683.4503400982846,-757.2021377326955
1.3,0.6,1.5,120.0,20.0,15.0,100,0,-221.74703930982105,-142.14475614578043,23.1707401866783,29.83557717031219,-2.8884392691866765,2,5,-313.7739173677978,-3.137739173677978,-1367.6194158010574,-1332.6982502599585
1.3,0.6,1.5,120.0,20.0,15.0,100,2,-259.74703930982105,-178.14475614578043,-44.8292598133217,11.835577170312192,-42.88843926918668,1,5,-513.7739173677978,-5.1377391736779785,-1367.6194158010574,-1332.6982502599585
1.3,0.6,1.5,120.0,20.0,15.0,100,4,-297.74703930982105,-214.14475614578043,-112.8292598133217,-6.164422829687808,-82.88843926918668,0,5,-713.7739173677978,-7.1377391736779785,-1367.6194158010574,-1332.6982502599585
1.3,0.6,1.5,120.0,20.0,15.0,100,6,-335.74703930982105,-250.14475614578043,-180.8292598133217,-24.16442282968781,-122.88843926918668,0,5,-913.7739173677978,-9.137739173677978,-1367.6194158010574,-1332.6982502599585
1.3,0.6,1.5,120.0,20.0,15.0,100,8,-373.74703930982105,-286.14475614578043,-248.8292598133217,-42.16442282968781,-162.88843926918668,0,5,-1113.7739173677978,-11.137739173677978,-1367.6194158010574,-1332.6982502599585
1.3,0.6,1.5,120.0,20.0,15.0,100,10,-411.74703930982105,-322.14475614578043,-316.8292598133217,-60.16442282968781,-202.88843926918668,0,5,-1313.7739173677978,-13.137739173677978,-1367.6194158010574,-1332.6982502599585
1.3,0.6,1.5,120.0,20.0,15.0,100,12,-449.74703930982105,-358.14475614578043,-384.8292598133217,-78.16442282968781,-242.88843926918668,0,5,-1513.7739173677978,-15.137739173677978,-1367.6194158010574,-1332.6982502599585
1.3,0.6,1.5,120.0,20.0,25.0,97,0,-84.82674501728758,-60.76795408637449,-79.16932020919415,50.28864679712657,-8.578534862732965,1,5,-183.05390737846255,-1.8871536843140468,-1206.899405811722,-1171.978240270623
1.3,0.6,1.5,120.0,20.0,25.0,97,2,-122.82674501728758,-94.76795408637449,-145.16932020919415,32.28864679712657,-46.578534862732965,1,5,-377.05390737846255,-3.887153684314047,-1206.899405811722,-1171.978240270623
1.3,0.6,1.5,120.0,20.0,25.0,97,4,-160.82674501728758,-128.7679540863745,-211.16932020919415,14.288646797126567,-84.57853486273297,1,5,-571.0539073784626,-5.887153684314047,-1206.899405811722,-1171.978240270623
1.3,0.6,1.5,120.0,20.0,25.0,97,6,-198.82674501728758,-162.7679540863745,-277.16932020919415,-3.7113532028734326,-122.57853486273297,0,5,-765.0539073784626,-7.887153684314047,-1206.899405811722,-1171.978240270623
1.3,0.6,1.5,120.0,20.0,25.0,97,8,-236.82674501728758,-196.7679540863745,-343.16932020919415,-21.711353202873433,-160.57853486273297,0,5,-959.0539073784626,-9.887153684314047,-1206.899405811722,-1171.978240270623
1.3,0.6,1.5,120.0,20.0,25.0,97,10,-274.8267450172876,-230.7679540863745,-409.16932020919415,-39.71135320287343,-198.57853486273297,0,5,-1153.0539073784626,-11.887153684314047,-1206.899405811722,-1171.978240270623
1.3,0.6,1.5,120.0,20.0,25.0,97,12,-312.8267450172876,-264.7679540863745,-475.16932020919415,-57.71135320287343,-236.57853486273297,0,5,-1347.0539073784626,-13.887153684314047,-1206.899405811722,-1171.978240270623
1.3,0.6,1.5,120.0,20.0,35.0,96,0,-149.31564889455854,-28.098665165218762,-11.329179484888243,-3.4086858595280773,-112.29519259803305,0,5,-304.4473720022263,-3.1713267916898573,-1318.292870435486,-1283.371704894387
1.3,0.6,1.5,120.0,20.0,35.0,96,2,-185.31564889455854,-62.09866516521876,-77.32917948488824,-21.408685859528077,-150.29519259803305,0,5,-496.4473720022263,-5.171326791689857,-1318.292870435486,-1283.371704894387
1.3,0.6,1.5,120.0,20.0,35.0,96,4,-221.31564889455854,-96.09866516521876,-143.32917948488824,-39.40868585952808,-188.29519259803305,0,5,-688.4473720022263,-7.171326791689857,-1318.292870435486,-1283.371704894387
1.3,0.6,1.5,120.0,20.0,35.0,96,6,-257.31564889455854,-130.09866516521876,-209.32917948488824,-57.40868585952808,-226.29519259803305,0,5,-880.4473720022263,-9.171326791689857,-1318.292870435486,-1283.371704894387
1.3,0.6,1.5,120.0,20.0,35.0,96,8,-293.31564889455854,-164.09866516521876,-275.32917948488824,-75.40868585952808,-264.29519259803305,0,5,-1072.4473720022263,-11.171326791689857,-1318.292870435486,-1283.371704894387
1.3,0.6,1.5,120.0,20.0,35.0,96,10,-329.31564889455854,-198.09866516521876,-341.32917948488824,-93.40868585952808,-302.29519259803305,0,5,-1264.4473720022263,-13.171326791689857,-1318.292870435486,-1283.371704894387
1.3,0.6,1.5,120.0,20.0,35.0,96,12,-365.31564889455854,-232.09866516521876,-407.32917948488824,-111.40868585952808,-340.29519259803305,0,5,-1456.4473720022263,-15.171326791689857,-1318.292870435486,-1283.371704894387
1.3,0.6,1.5,120.0,20.0,50.0,95,0,132.34648687080457,-8.548683426146624,128.30613601409596,-17.7676855315908,-74.51705907277864,2,5,159.81919485438436,1.6823073142566776,-1027.79831970062,-991.5099394788408
1.3,0.6,1.5,120.0,20.0,50.0,95,2,96.34648687080457,-42.548683426146624,64.30613601409596,-35.7676855315908,-112.51705907277864,2,5,-30.180805145615636,-0.3176926857433225,-1027.79831970062,-991.5099394788408
1.3,0.6,1.5,120.0,20.0,50.0,95,4,60.346486870804576,-76.54868342614662,0.30613601409595503,-53.7676855315908,-150.51705907277864,2,5,-220.18080514561564,-2.3176926857433227,-1027.79831970062,-991.5099394788408
1.3,0.6,1.5,120.0,20.0,50.0,95,6,24.346486870804576,-110.54868342614662,-63.693863985904045,-71.7676855315908,-188.51705907277864,1,5,-410.18080514561564,-4.317692685743323,-1027.79831970062,-991.5099394788408
1.3,0.6,1.5,120.0,20.0,50.0,95,8,-11.653513129195424,-144.54868342614662,-127.69386398590404,-89.7676855315908,-226.51705907277864,0,5,-600.1808051456156,-6.317692685743323,-1027.79831970062,-991.5099394788408
1.3,0.6,1.5,120.0,20.0,50.0,95,10,-47.653513129195424,-178.54868342614662,-191.69386398590404,-107.7676855315908,-264.51705907277864,0,5,-790.1808051456156,-8.317692685743323,-1027.79831970062,-991.5099394788408
1.3,0.6,1.5,120.0,20.0,50.0,95,12,-83.65351312919543,-212.54868342614662,-255.69386398590404,-125.7676855315908,-302.51705907277864,0,5,-980.1808051456156,-10.317692685743323,-1027.79831970062,-991.5099394788408
1.3,0.6,1.5,120.0,30.0,15.0,100,0,-225.0093278724596,-146.4766953045371,94.00942945274417,-1.5127957248812436,7.7951503812473675,2,5,-271.19423906788643,-2.7119423906788644,-1343.8740130965905,-1302.2580462769886
1.3,0.6,1.5,120.0,30.0,15.0,100,2,-263.0093278724596,-182.4766953045371,26.009429452744172,-19.512795724881244,-32.20484961875263,1,5,-471.19423906788643,-4.711942390678864,-1343.8740130965905,-1302.2580462769886
1.3,0.6,1.5,120.0,30.0,15.0,100,4,-301.0093278724596,-218.4766953045371,-41.99057054725583,-37.512795724881244,-72.20484961875263,0,5,-671.1942390678864,-6.711942390678864,-1343.8740130965905,-1302.2580462769886
1.3,0.6,1.5,120.0,30.0,15.0,100,6,-339.0093278724596,-254.4766953045371,-109.99057054725583,-55.512795724881244,-112.20484961875263,0,5,-871.1942390678864,-8.711942390678864,-1343.8740130965905,-1302.2580462769886
1.3,0.6,1.5,120.0,30.0,15.0,100,8,-377.0093278724596,-290.4766953045371,-177.99057054725583,-73.51279572488124,-152.20484961875263,0,5,-1071.1942390678864,-10.711942390678864,-1343.8740130965905,-1302.2580462769886
1.3,0.6,1.5,120.0,30.0,15.0,100,10,-415.0093278724596,-326.4766953045371,-245.99057054725583,-91.51279572488124,-192.20484961875263,0,5,-1271.1942390678864,-12.711942390678864,-1343.8740130965905,-1302.2580462769886
1.3,0.6,1.5,120.0,30.0,15.0,100,12,-453.0093278724596,-362.4766953045371,-313.99057054725586,-109.51279572488124,-232.20484961875263,0,5,-1471.1942390678864,-14.711942390678864,-1343.8740130965905,-1302.2580462769886
1.3,0.6,1.5,120.0,30.0,25.0,96,0,-83.63579724662361,-100.860551911105,-18.73232430383905,166.6977241383293,9.610110258338409,2,5,-26.92083906489995,-0.2804254069260412,-1059.600613093604,-1008.5514180799048
1.3,0.6,1.5,120.0,30.0,25.0,96,2,-119.63579724662361,-134.860551911105,-84.73232430383905,148.6977241383293,-28.38988974166159,1,5,-218.92083906489995,-2.280425406926041,-1059.600613093604,-1008.5514180799048
1.3,0.6,1.5,120.0,30.0,25.0,96,4,-155.6357972466236,-168.860551911105,-150.73232430383905,130.6977241383293,-66.38988974166159,1,5,-410.92083906489995,-4.2804254069260415,-1059.600613093604,-1008.5514180799048
1.3,0.6,1.5,120.0,30.0,25.0,96,6,-191.6357972466236,-202.860551911105,-216.73232430383905,112.6977241383293,-104.38988974166159,1,5,-602.9208390649,-6.2804254069260415,-1059.600613093604,-1008.5514180799048
1.3,0.6,1.5,120.0,30.0,25.0,96,8,-227.6357972466236,-236.860551911105,-282.73232430383905,94.6977241383293,-142.3898897416616,1,5,-794.9208390649,-8.28042540692604,-1059.600613093604,-1008.5514180799048
1.3,0.6,1.5,120.0,30.0,25.0,96,10,-263.6357972466236,-270.860551911105,-348.73232430383905,76.6977241383293,-180.3898897416616,1,5,-986.9208390649,-10.28042540692604,-1059.600613093604,-1008.5514180799048
1.3,0.6,1.5,120.0,30.0,25.0,96,12,-299.6357972466236,-304.860551911105,-414.73232430383905,58.697724138329306,-218.3898897416616,1,5,-1178.9208390649,-12.280425406926042,-1059.600613093604,-1008.5514180799048
1.3,0.6,1.5,120.0,30.0,35.0,94,0,-272.22063953001833,-57.101948071786126,107.03952653318365,113.00039148167465,-103.58780972847342,2,5,-212.87047931541952,-2.264579567185314,-1237.3307898162907,-1171.79481220758
1.3,0.6,1.5,120.0,30.0,35.0,94,2,-304.22063953001833,-91.10194807178613,41.03952653318365,95.00039148167465,-141.58780972847342,2,5,-400.8704793154195,-4.264579567185314,-1237.3307898162907,-1171.79481220758
1.3,0.6,1.5,120.0,30.0,35.0,94,4,-336.22063953001833,-125.10194807178613,-24.960473466816353,77.00039148167465,-179.58780972847342,1,5,-588.8704793154195,-6.264579567185314,-1237.3307898162907,-1171.79481220758
1.3,0.6,1.5,120.0,30.0,35.0,94,6,-368.22063953001833,-159.10194807178613,-90.96047346681635,59.00039148167465,-217.58780972847342,1,5,-776.8704793154195,-8.264579567185313,-1237.3307898162907,-1171.79481220758
1.3,0.6,1.5,120.0,30.0,35.0,94,8,-400.22063953001833,-193.10194807178613,-156.96047346681635,41.00039148167465,-255.58780972847342,1,5,-964.8704793154195,-10.264579567185313,-1237.3307898162907,-1171.79481220758
1.3,0.6,1.5,120.0,30.0,35.0,94,10,-432.22063953001833,-227.10194807178613,-222.96047346681635,23.000391481674647,-293.5878097284734,1,5,-1152.8704793154195,-12.264579567185313,-1237.3307898162907,-1171.79481220758
1.3,0.6,1.5,120.0,30.0,35.0,94,12,-464.22063953001833,-261.1019480717861,-288.9604734668163,5.000391481674647,-331.5878097284734,1,5,-1340.8704793154195,-14.264579567185313,-1237.3307898162907,-1171.79481220758
1.3,0.6,1.5,120.0,30.0,50.0,93,0,-6.916316513413278,-24.645065627503044,259.14307325880054,98.64139180961192,-59.66319772980319,2,5,266.5598851976928,2.866235324706374,-928.5224008914468,-906.1851107352974
1.3,0.6,1.5,120.0,30.0,50.0,93,2,-38.91631651341328,-58.645065627503044,195.1430732588005,80.64139180961192,-97.66319772980319,2,5,80.55988519769278,0.866235324706374,-928.5224008914468,-906.1851107352974
1.3,0.6,1.5,120.0,30.0,50.0,93,4,-70.91631651341328,-92.64506562750304,131.1430732588005,62.64139180961191,-135.6631977298032,2,5,-105.44011480230722,-1.1337646752936261,-928.5224008914468,-906.1851107352974
1.3,0.6,1.5,120.0,30.0,50.0,93,6,-102.91631651341328,-126.64506562750304,67.14307325880051,44.64139180961191,-173.6631977298032,2,5,-291.4401148023072,-3.133764675293626,-928.5224008914468,-906.1851107352974
1.3,0.6,1.5,120.0,30.0,50.0,93,8,-134.91631651341328,-160.64506562750304,3.143073258800513,26.64139180961191,-211.6631977298032,2,5,-477.4401148023072,-5.133764675293626,-928.5224008914468,-906.1851107352974
1.3,0.6,1.5,120.0,30.0,50.0,93,10,-166.91631651341328,-194.64506562750304,-60.85692674119949,8.64139180961191,-249.6631977298032,1,5,-663.4401148023072,-7.133764675293626,-928.5224008914468,-906.1851107352974
1.3,0.6,1.5,120.0,30.0,50.0,93,12,-198.91631651341328,-228.64506562750304,-124.85692674119949,-9.35860819038809,-287.6631977298032,0,5,-849.4401148023072,-9.133764675293627,-928.5224008914468,-906.1851107352974
1.3,0.6,1.5,120.0,40.0,15.0,98,0,-214.42856844201378,-214.9664618393025,-26.748898333686498,33.231410237178466,35.039105166801534,2,5,-387.8734132110226,-3.9578919715410468,-1471.6971228879097,-1436.7961332260263
1.3,0.6,1.5,120.0,40.0,15.0,98,2,-250.42856844201378,-248.9664618393025,-94.7488983336865,15.231410237178466,-4.960894833198466,1,5,-583.8734132110226,-5.957891971541047,-1471.6971228879097,-1436.7961332260263
1.3,0.6,1.5,120.0,40.0,15.0,98,4,-286.4285684420138,-282.9664618393025,-162.7488983336865,-2.7685897628215344,-44.960894833198466,0,5,-779.8734132110226,-7.957891971541047,-1471.6971228879097,-1436.7961332260263
1.3,0.6,1.5,120.0,40.0,15.0,98,6,-322.4285684420138,-316.9664618393025,-230.7488983336865,-20.768589762821534,-84.96089483319847,0,5,-975.8734132110226,-9.957891971541047,-1471.6971228879097,-1436.7961332260263
1.3,0.6,1.5,120.0,40.0,15.0,98,8,-358.4285684420138,-350.9664618393025,-298.7488983336865,-38.768589762821534,-124.96089483319847,0,5,-1171.8734132110226,-11.957891971541047,-1471.6971228879097,-1436.7961332260263
1.3,0.6,1.5,120.0,40.0,15.0,98,10,-394.4285684420138,-384.9664618393025,-366.7488983336865,-56.768589762821534,-164.96089483319847,0,5,-1367.8734132110226,-13.957891971541047,-1471.6971228879097,-1436.7961332260263
1.3,0.6,1.5,120.0,40.0,15.0,98,12,-430.4285684420138,-418.9664618393025,-434.7488983336865,-74.76858976282153,-204.96089483319847,0,5,-1563.8734132110226,-15.957891971541047,-1471.6971228879097,-1436.7961332260263
1.3,0.6,1.5,120.0,40.0,25.0,94,0,-124.43506638410167,-182.7547306038275,-87.28797519730006,110.6131008124227,124.27321828196236,2,5,-159.59145309084397,-1.6977814158600422,-1212.5971008829729,-1160.43148880094
1.3,0.6,1.5,120.0,40.0,25.0,94,2,-158.43506638410167,-214.7547306038275,-153.28797519730006,92.6131008124227,86.27321828196236,2,5,-347.59145309084397,-3.6977814158600424,-1212.5971008829729,-1160.43148880094
1.3,0.6,1.5,120.0,40.0,25.0,94,4,-192.43506638410167,-246.7547306038275,-219.28797519730006,74.6131008124227,48.27321828196236,2,5,-535.591453090844,-5.697781415860042,-1212.5971008829729,-1160.43148880094
1.3,0.6,1.5,120.0,40.0,25.0,94,6,-226.43506638410167,-278.7547306038275,-285.28797519730006,56.6131008124227,10.273218281962357,2,5,-723.591453090844,-7.697781415860042,-1212.5971008829729,-1160.43148880094
1.3,0.6,1.5,120.0,40.0,25.0,94,8,-260.4350663841017,-310.7547306038275,-351.28797519730006,38.6131008124227,-27.726781718037643,1,5,-911.591453090844,-9.697781415860042,-1212.5971008829729,-1160.43148880094
1.3,0.6,1.5,120.0,40.0,25.0,94,10,-294.4350663841017,-342.7547306038275,-417.28797519730006,20.6131008124227,-65.72678171803764,1,5,-1099.591453090844,-11.697781415860042,-1212.5971008829729,-1160.43148880094
1.3,0.6,1.5,120.0,40.0,25.0,94,12,-328.4350663841017,-374.7547306038275,-483.28797519730006,2.613100812422701,-103.72678171803764,1,5,-1287.591453090844,-13.697781415860042,-1212.5971008829729,-1160.43148880094
1.3,0.6,1.5,120.0,40.0,35.0,92,0,-262.3778716493494,-112.82509237678522,25.508955453489705,56.91576815576803,11.07529829515056,3,5,-281.702942121726,-3.0619885013231083,-1332.7328660429118,-1250.6635928638798
1.3,0.6,1.5,120.0,40.0,35.0,92,2,-292.3778716493494,-144.82509237678522,-40.491044546510295,38.91576815576803,-26.92470170484944,1,5,-465.702942121726,-5.061988501323109,-1332.7328660429118,-1250.6635928638798
1.3,0.6,1.5,120.0,40.0,35.0,92,4,-322.3778716493494,-176.82509237678522,-106.4910445465103,20.915768155768028,-64.92470170484944,1,5,-649.702942121726,-7.061988501323109,-1332.7328660429118,-1250.6635928638798
1.3,0.6,1.5,120.0,40.0,35.0,92,6,-352.3778716493494,-208.82509237678522,-172.4910445465103,2.9157681557680277,-102.92470170484944,1,5,-833.702942121726,-9.061988501323109,-1332.7328660429118,-1250.6635928638798
1.3,0.6,1.5,120.0,40.0,35.0,92,8,-382.3778716493494,-240.82509237678522,-238.4910445465103,-15.084231844231972,-140.92470170484944,0,5,-1017.702942121726,-11.061988501323109,-1332.7328660429118,-1250.6635928638798
1.3,0.6,1.5,120.0,40.0,35.0,92,10,-412.3778716493494,-272.8250923767852,-304.4910445465103,-33.08423184423197,-178.92470170484944,0,5,-1201.702942121726,-13.061988501323109,-1332.7328660429118,-1250.6635928638798
1.3,0.6,1.5,120.0,40.0,35.0,92,12,-442.3778716493494,-304.8250923767852,-370.4910445465103,-51.08423184423197,-216.92470170484944,0,5,-1385.702942121726,-15.061988501323109,-1332.7328660429118,-1250.6635928638798
1.3,0.6,1.5,120.0,40.0,50.0,90,0,-20.534825214077756,-66.23358680349816,411.8452366972389,42.556768483705305,54.999910293820705,3,5,422.63350345718897,4.695927816190989,-723.2240114620498,-759.3648402772824
1.3,0.6,1.5,120.0,40.0,50.0,90,2,-50.534825214077756,-98.23358680349816,349.8452366972389,24.556768483705305,16.999910293820705,3,5,242.63350345718897,2.6959278161909883,-723.2240114620498,-759.3648402772824
1.3,0.6,1.5,120.0,40.0,50.0,90,4,-80.53482521407776,-130.23358680349816,287.8452366972389,6.556768483705305,-21.000089706179295,2,5,62.633503457188965,0.6959278161909885,-723.2240114620498,-759.3648402772824
1.3,0.6,1.5,120.0,40.0,50.0,90,6,-110.53482521407776,-162.23358680349816,225.84523669723887,-11.443231516294695,-59.000089706179295,1,5,-117.36649654281103,-1.3040721838090115,-723.2240114620498,-759.3648402772824
1.3,0.6,1.5,120.0,40.0,50.0,90,8,-140.53482521407776,-194.23358680349816,163.84523669723887,-29.443231516294695,-97.0000897061793,1,5,-297.36649654281103,-3.3040721838090117,-723.2240114620498,-759.3648402772824
1.3,0.6,1.5,120.0,40.0,50.0,90,10,-170.53482521407776,-226.23358680349816,101.84523669723886,-47.443231516294695,-135.0000897061793,1,5,-477.36649654281103,-5.304072183809011,-723.2240114620498,-759.3648402772824
1.3,0.6,1.5,120.0,40.0,50.0,90,12,-200.53482521407776,-258.23358680349816,39.84523669723886,-65.4432315162947,-173.0000897061793,1,5,-657.3664965428111,-7.304072183809012,-723.2240114620498,-759.3648402772824
1.3,0.6,1.5,120.0,60.0,15.0,97,0,-245.9489948466687,-108.71083698051666,-187.22431508181432,59.70830486008418,139.6008050368472,2,5,-342.5750370120684,-3.53170141249555,-1543.6824371582247,-1470.3407896470594
1.3,0.6,1.5,120.0,60.0,15.0,97,2,-279.9489948466687,-142.71083698051666,-255.22431508181432,41.70830486008418,99.60080503684719,2,5,-536.5750370120684,-5.531701412495551,-1543.6824371582247,-1470.3407896470594
1.3,0.6,1.5,120.0,60.0,15.0,97,4,-313.9489948466687,-176.71083698051666,-323.2243150818143,23.708304860084183,59.60080503684719,2,5,-730.5750370120684,-7.531701412495551,-1543.6824371582247,-1470.3407896470594
1.3,0.6,1.5,120.0,60.0,15.0,97,6,-347.9489948466687,-210.71083698051666,-391.2243150818143,5.7083048600841835,19.60080503684719,2,5,-924.5750370120684,-9.53170141249555,-1543.6824371582247,-1470.3407896470594
1.3,0.6,1.5,120.0,60.0,15.0,97,8,-381.9489948466687,-244.71083698051666,-459.2243150818143,-12.291695139915817,-20.39919496315281,0,5,-1118.5750370120684,-11.53170141249555,-1543.6824371582247,-1470.3407896470594
1.3,0.6,1.5,120.0,60.0,15.0,97,10,-415.9489948466687,-278.71083698051666,-527.2243150818143,-30.291695139915817,-60.39919496315281,0,5,-1312.5750370120684,-13.53170141249555,-1543.6824371582247,-1470.3407896470594
1.3,0.6,1.5,120.0,60.0,15.0,97,12,-449.9489948466687,-312.71083698051666,-595.2243150818143,-48.29169513991582,-100.39919496315281,0,5,-1506.5750370120684,-15.53170141249555,-1543.6824371582247,-1470.3407896470594
1.3,0.6,1.5,120.0,60.0,25.0,93,0,-102.85808161292294,-97.39420409936861,-305.1212758609256,109.97192299081496,330.6099776316272,2,5,-64.79166095077517,-0.6966845263524212,-1178.9148041652509,-1144.4747292808584
1.3,0.6,1.5,120.0,60.0,25.0,93,2,-134.85808161292294,-129.3942040993686,-371.1212758609256,91.97192299081496,292.6099776316272,2,5,-250.79166095077517,-2.696684526352421,-1178.9148041652509,-1144.4747292808584
1.3,0.6,1.5,120.0,60.0,25.0,93,4,-166.85808161292294,-161.3942040993686,-437.1212758609256,73.97192299081496,254.6099776316272,2,5,-436.79166095077517,-4.6966845263524215,-1178.9148041652509,-1144.4747292808584
1.3,0.6,1.5,120.0,60.0,25.0,93,6,-198.85808161292294,-193.3942040993686,-503.1212758609256,55.97192299081496,216.6099776316272,2,5,-622.7916609507752,-6.6966845263524215,-1178.9148041652509,-1144.4747292808584
1.3,0.6,1.5,120.0,60.0,25.0,93,8,-230.85808161292294,-225.3942040993686,-569.1212758609256,37.97192299081496,178.6099776316272,2,5,-808.7916609507752,-8.69668452635242,-1178.9148041652509,-1144.4747292808584
1.3,0.6,1.5,120.0,60.0,25.0,93,10,-262.85808161292294,-257.3942040993686,-635.1212758609256,19.97192299081496,140.6099776316272,2,5,-994.7916609507752,-10.69668452635242,-1178.9148041652509,-1144.4747292808584
1.3,0.6,1.5,120.0,60.0,25.0,93,12,-294.85808161292294,-289.3942040993686,-701.1212758609256,1.97192299081496,102.6099776316272,2,5,-1180.7916609507752,-12.69668452635242,-1178.9148041652509,-1144.4747292808584
1.3,0.6,1.5,120.0,60.0,35.0,92,0,-192.63654903773062,-36.089840564095965,-103.00021751798704,56.27459033416029,217.41205764481538,2,5,-58.039959140837595,-0.6308691210960609,-1131.118575585564,-1115.8436425029786
1.3,0.6,1.5,120.0,60.0,35.0,92,2,-222.63654903773062,-68.08984056409597,-169.00021751798704,38.27459033416029,179.41205764481538,2,5,-242.0399591408376,-2.630869121096061,-1131.118575585564,-1115.8436425029786
1.3,0.6,1.5,120.0,60.0,35.0,92,4,-252.63654903773062,-100.08984056409597,-235.00021751798704,20.274590334160287,141.41205764481538,2,5,-426.0399591408376,-4.630869121096061,-1131.118575585564,-1115.8436425029786
1.3,0.6,1.5,120.0,60.0,35.0,92,6,-282.6365490377306,-132.08984056409597,-301.00021751798704,2.274590334160287,103.41205764481538,2,5,-610.0399591408376,-6.630869121096061,-1131.118575585564,-1115.8436425029786
1.3,0.6,1.5,120.0,60.0,35.0,92,8,-312.6365490377306,-164.08984056409597,-367.00021751798704,-15.725409665839713,65.41205764481538,1,5,-794.0399591408376,-8.63086912109606,-1131.118575585564,-1115.8436425029786
1.3,0.6,1.5,120.0,60.0,35.0,92,10,-342.6365490377306,-196.08984056409597,-433.00021751798704,-33.72540966583971,27.412057644815377,1,5,-978.0399591408376,-10.63086912109606,-1131.118575585564,-1115.8436425029786
1.3,0.6,1.5,120.0,60.0,35.0,92,12,-372.6365490377306,-228.08984056409597,-499.00021751798704,-51.72540966583971,-10.587942355184623,0,5,-1162.0399591408377,-12.630869121096062,-1131.118575585564,-1115.8436425029786
1.3,0.6,1.5,120.0,60.0,50.0,90,0,49.20649739754096,72.35423255281978,209.97999094389516,41.91559066209756,280.977746835727,5,5,654.4340583920804,7.271489537689782,-514.113361796293,-557.2825662861582
1.3,0.6,1.5,120.0,60.0,50.0,90,2,19.206497397540957,40.35423255281978,147.97999094389516,23.915590662097557,242.97774683572698,5,5,474.4340583920804,5.271489537689782,-514.113361796293,-557.2825662861582
1.3,0.6,1.5,120.0,60.0,50.0,90,4,-10.793502602459043,8.35423255281978,85.97999094389516,5.915590662097557,204.97774683572698,4,5,294.4340583920804,3.271489537689782,-514.113361796293,-557.2825662861582
1.3,0.6,1.5,120.0,60.0,50.0,90,6,-40.79350260245904,-23.64576744718022,23.97999094389516,-12.084409337902443,166.97774683572698,2,5,114.4340583920804,1.2714895376897823,-514.113361796293,-557.2825662861582
1.3,0.6,1.5,120.0,60.0,50.0,90,8,-70.79350260245904,-55.64576744718022,-38.02000905610484,-30.084409337902443,128.97774683572698,1,5,-65.5659416079196,-0.7285104623102178,-514.113361796293,-557.2825662861582
1.3,0.6,1.5,120.0,60.0,50.0,90,10,-100.79350260245904,-87.64576744718022,-100.02000905610484,-48.08440933790244,90.97774683572696,1,5,-245.5659416079196,-2.7285104623102177,-514.113361796293,-557.2825662861582
1.3,0.6,1.5,120.0,60.0,50.0,90,12,-130.79350260245906,-119.64576744718022,-162.02000905610484,-66.08440933790244,52.97774683572696,1,5,-425.5659416079196,-4.728510462310218,-514.113361796293,-557.2825662861582
1.3,0.6,2.0,60.0,20.0,15.0,212,0,-245.1753599064848,102.52707513072681,226.14376417493213,149.11009941064992,37.48433396289528,4,5,270.0899127727191,1.274009022512826,-1919.7075213359265,-1919.2694041997945
1.3,0.6,2.0,60.0,20.0,15.0,212,2,-333.1753599064848,20.527075130726814,114.14376417493213,105.11009941064992,-60.51566603710472,3,5,-153.91008722728088,-0.725990977487174,-1919.7075213359265,-1919.2694041997945
1.3,0.6,2.0,60.0,20.0,15.0,212,4,-421.1753599064848,-61.472924869273186,2.14376417493213,61.11009941064992,-158.51566603710472,2,5,-577.9100872272809,-2.725990977487174,-1919.7075213359265,-1919.2694041997945
1.3,0.6,2.0,60.0,20.0,15.0,212,6,-509.1753599064848,-143.47292486927319,-109.85623582506787,17.110099410649923,-256.5156660371047,1,5,-1001.9100872272809,-4.725990977487174,-1919.7075213359265,-1919.2694041997945
1.3,0.6,2.0,60.0,20.0,15.0,212,8,-597.1753599064848,-225.47292486927319,-221.85623582506787,-26.889900589350077,-354.5156660371047,0,5,-1425.9100872272809,-6.725990977487174,-1919.7075213359265,-1919.2694041997945
1.3,0.6,2.0,60.0,20.0,15.0,212,10,-685.1753599064848,-307.4729248692732,-333.85623582506787,-70.88990058935008,-452.5156660371047,0,5,-1849.9100872272809,-8.725990977487173,-1919.7075213359265,-1919.2694041997945
1.3,0.6,2.0,60.0,20.0,15.0,212,12,-773.1753599064848,-389.4729248692732,-445.85623582506787,-114.88990058935008,-550.5156660371047,0,5,-2273.910087227281,-10.725990977487175,-1919.7075213359265,-1919.2694041997945
1.3,0.6,2.0,60.0,20.0,25.0,208,0,-127.17533656358103,155.1725457290333,103.29472158406008,218.66549733548965,-61.958554794564634,3,5,287.9988732904376,1.3846099677424883,-1861.798560818208,-1827.47251427763
1.3,0.6,2.0,60.0,20.0,25.0,208,2,-213.17533656358103,75.17254572903329,-6.705278415939915,174.66549733548965,-157.95855479456463,2,5,-128.0011267095624,-0.6153900322575117,-1861.798560818208,-1827.47251427763
1.3,0.6,2.0,60.0,20.0,25.0,208,4,-299.175336563581,-4.827454270966712,-116.70527841593992,130.66549733548965,-253.95855479456463,1,5,-544.0011267095624,-2.6153900322575114,-1861.798560818208,-1827.47251427763
1.3,0.6,2.0,60.0,20.0,25.0,208,6,-385.175336563581,-84.82745427096671,-226.70527841593992,86.66549733548965,-349.95855479456463,1,5,-960.0011267095624,-4.615390032257512,-1861.798560818208,-1827.47251427763
1.3,0.6,2.0,60.0,20.0,25.0,208,8,-471.175336563581,-164.8274542709667,-336.7052784159399,42.66549733548965,-445.95855479456463,1,5,-1376.0011267095624,-6.615390032257512,-1861.798560818208,-1827.47251427763
1.3,0.6,2.0,60.0,20.0,25.0,208,10,-557.175336563581,-244.8274542709667,-446.7052784159399,-1.334502664510353,-541.9585547945646,0,5,-1792.0011267095624,-8.615390032257512,-1861.798560818208,-1827.47251427763
1.3,0.6,2.0,60.0,20.0,25.0,208,12,-643.175336563581,-324.8274542709667,-556.7052784159399,-45.33450266451035,-637.9585547945646,0,5,-2208.0011267095624,-10.615390032257512,-1861.798560818208,-1827.47251427763
1.3,0.6,2.0,60.0,20.0,35.0,206,0,-124.11272580260902,198.75448949145132,50.67980826798663,157.15111228849074,-149.64331367814032,3,5,132.82937056717924,0.6448027697435885,-1996.9680635414663,-2005.1851834116296
1.3,0.6,2.0,60.0,20.0,35.0,206,2,-208.11272580260902,118.75448949145132,-59.32019173201337,113.15111228849074,-243.64331367814032,2,5,-279.17062943282076,-1.3551972302564115,-1996.9680635414663,-2005.1851834116296
1.3,0.6,2.0,60.0,20.0,35.0,206,4,-292.112725802609,38.754489491451324,-169.32019173201337,69.15111228849074,-337.6433136781403,2,5,-691.1706294328208,-3.3551972302564113,-1996.9680635414663,-2005.1851834116296
1.3,0.6,2.0,60.0,20.0,35.0,206,6,-376.112725802609,-41.245510508548676,-279.32019173201337,25.151112288490737,-431.6433136781403,1,5,-1103.1706294328208,-5.355197230256412,-1996.9680635414663,-2005.1851834116296
1.3,0.6,2.0,60.0,20.0,35.0,206,8,-460.112725802609,-121.24551050854868,-389.32019173201337,-18.848887711509263,-525.6433136781403,0,5,-1515.1706294328208,-7.355197230256412,-1996.9680635414663,-2005.1851834116296
1.3,0.6,2.0,60.0,20.0,35.0,206,10,-544.112725802609,-201.24551050854868,-499.32019173201337,-62.84888771150926,-619.6433136781403,0,5,-1927.1706294328208,-9.355197230256412,-1996.9680635414663,-2005.1851834116296
1.3,0.6,2.0,60.0,20.0,35.0,206,12,-628.112725802609,-281.2455105085487,-609.3201917320134,-106.84888771150926,-713.6433136781403,0,5,-2339.1706294328205,-11.35519723025641,-1996.9680635414663,-2005.1851834116296
1.3,0.6,2.0,60.0,20.0,50.0,206,0,17.747106874761016,213.4804190189559,123.18840548498918,78.27956406486231,9.876140951841421,5,5,442.57163639540977,2.148406001919465,-1687.2257977132358,-1695.442917583399
1.3,0.6,2.0,60.0,20.0,50.0,206,2,-66.25289312523898,133.4804190189559,13.188405484989175,34.27956406486231,-84.12385904815858,3,5,30.57163639540977,0.1484060019194649,-1687.2257977132358,-1695.442917583399
1.3,0.6,2.0,60.0,20.0,50.0,206,4,-150.25289312523898,53.4804190189559,-96.81159451501082,-9.720435935137687,-178.12385904815858,1,5,-381.42836360459023,-1.8515939980805352,-1687.2257977132358,-1695.442917583399
1.3,0.6,2.0,60.0,20.0,50.0,206,6,-234.25289312523898,-26.5195809810441,-206.81159451501082,-53.72043593513769,-272.1238590481586,0,5,-793.4283636045902,-3.851593998080535,-1687.2257977132358,-1695.442917583399
1.3,0.6,2.0,60.0,20.0,50.0,206,8,-318.252893125239,-106.5195809810441,-316.8115945150108,-97.72043593513769,-366.1238590481586,0,5,-1205.4283636045902,-5.851593998080535,-1687.2257977132358,-1695.442917583399
1.3,0.6,2.0,60.0,20.0,50.0,206,10,-402.252893125239,-186.5195809810441,-426.8115945150108,-141.7204359351377,-460.1238590481586,0,5,-1617.4283636045902,-7.851593998080535,-1687.2257977132358,-1695.442917583399
1.3,0.6,2.0,60.0,20.0,50.0,206,12,-486.252893125239,-266.5195809810441,-536.8115945150108,-185.7204359351377,-554.1238590481586,0,5,-2029.4283636045902,-9.851593998080535,-1687.2257977132358,-1695.442917583399
1.3,0.6,2.0,60.0,30.0,15.0,212,0,-232.83168121031792,32.94489611688226,279.4974580385378,52.706113194594394,14.108747822742316,4,5,146.42553396243875,0.6906864809548997,-2072.8938397612574,-2023.4092590063065
1.3,0.6,2.0,60.0,30.0,15.0,212,2,-320.8316812103179,-49.05510388311774,167.4974580385378,8.706113194594394,-83.89125217725768,2,5,-277.57446603756125,-1.3093135190451002,-2072.8938397612574,-2023.4092590063065
1.3,0.6,2.0,60.0,30.0,15.0,212,4,-408.8316812103179,-131.05510388311774,55.497458038537786,-35.293886805405606,-181.89125217725768,1,5,-701.5744660375613,-3.3093135190451,-2072.8938397612574,-2023.4092590063065
1.3,0.6,2.0,60.0,30.0,15.0,212,6,-496.8316812103179,-213.05510388311774,-56.502541961462214,-79.2938868054056,-279.8912521772577,0,5,-1125.5744660375613,-5.309313519045101,-2072.8938397612574,-2023.4092590063065
1.3,0.6,2.0,60.0,30.0,15.0,212,8,-584.8316812103179,-295.05510388311774,-168.5025419614622,-123.2938868054056,-377.8912521772577,0,5,-1549.5744660375613,-7.309313519045101,-2072.8938397612574,-2023.4092590063065
1.3,0.6,2.0,60.0,30.0,15.0,212,10,-672.8316812103179,-377.05510388311774,-280.5025419614622,-167.2938868054056,-475.8912521772577,0,5,-1973.5744660375613,-9.3093135190451,-2072.8938397612574,-2023.4092590063065
1.3,0.6,2.0,60.0,30.0,15.0,212,12,-760.8316812103179,-459.05510388311774,-392.5025419614622,-211.2938868054056,-573.8912521772577,0,5,-2397.5744660375613,-11.3093135190451,-2072.8938397612574,-2023.4092590063065
1.3,0.6,2.0,60.0,30.0,25.0,207,0,-141.23301438957776,106.38034046227835,68.37638103810343,323.60931782155205,-75.66452735946427,3,5,281.4684975728917,1.3597511960043076,-1887.8508761508049,-1834.7053633365035
1.3,0.6,2.0,60.0,30.0,25.0,207,2,-225.23301438957776,26.380340462278355,-41.62361896189657,279.60931782155205,-171.66452735946427,2,5,-132.5315024271083,-0.6402488039956923,-1887.8508761508049,-1834.7053633365035
1.3,0.6,2.0,60.0,30.0,25.0,207,4,-309.23301438957776,-53.619659537721645,-151.62361896189657,235.60931782155205,-267.6645273594643,1,5,-546.5315024271083,-2.6402488039956924,-1887.8508761508049,-1834.7053633365035
1.3,0.6,2.0,60.0,30.0,25.0,207,6,-393.23301438957776,-133.61965953772165,-261.62361896189657,191.60931782155205,-363.6645273594643,1,5,-960.5315024271083,-4.640248803995692,-1887.8508761508049,-1834.7053633365035
1.3,0.6,2.0,60.0,30.0,25.0,207,8,-477.23301438957776,-213.61965953772165,-371.62361896189657,147.60931782155205,-459.6645273594643,1,5,-1374.5315024271083,-6.640248803995692,-1887.8508761508049,-1834.7053633365035
1.3,0.6,2.0,60.0,30.0,25.0,207,10,-561.2330143895778,-293.61965953772165,-481.62361896189657,103.60931782155204,-555.6645273594643,1,5,-1788.5315024271083,-8.640248803995693,-1887.8508761508049,-1834.7053633365035
1.3,0.6,2.0,60.0,30.0,25.0,207,12,-645.2330143895778,-373.61965953772165,-591.6236189618966,59.60931782155204,-651.6645273594643,1,5,-2202.5315024271085,-10.640248803995693,-1887.8508761508049,-1834.7053633365035
1.3,0.6,2.0,60.0,30.0,35.0,204,0,-228.15000901257451,180.3598600531392,51.51625127045264,262.0949327745531,-134.30540190817248,3,5,131.5156331773976,0.6446844763597922,-2007.8037405462985,-1957.71706588366
1.3,0.6,2.0,60.0,30.0,35.0,204,2,-308.1500090125745,100.35986005313919,-58.48374872954736,218.09493277455311,-228.30540190817248,2,5,-276.4843668226024,-1.355315523640208,-2007.8037405462985,-1957.71706588366
1.3,0.6,2.0,60.0,30.0,35.0,204,4,-388.1500090125745,20.359860053139187,-168.48374872954736,174.09493277455311,-322.3054019081725,2,5,-684.4843668226024,-3.3553155236402077,-2007.8037405462985,-1957.71706588366
1.3,0.6,2.0,60.0,30.0,35.0,204,6,-468.1500090125745,-59.64013994686081,-278.48374872954736,130.09493277455311,-416.3054019081725,1,5,-1092.4843668226024,-5.355315523640208,-2007.8037405462985,-1957.71706588366
1.3,0.6,2.0,60.0,30.0,35.0,204,8,-548.1500090125745,-139.6401399468608,-388.48374872954736,86.09493277455311,-510.3054019081725,1,5,-1500.4843668226024,-7.355315523640208,-2007.8037405462985,-1957.71706588366
1.3,0.6,2.0,60.0,30.0,35.0,204,10,-628.1500090125745,-219.6401399468608,-498.48374872954736,42.09493277455311,-604.3054019081725,1,5,-1908.4843668226024,-9.355315523640208,-2007.8037405462985,-1957.71706588366
1.3,0.6,2.0,60.0,30.0,35.0,204,12,-708.1500090125745,-299.6401399468608,-608.4837487295474,-1.905067225446892,-698.3054019081725,0,5,-2316.484366822602,-11.355315523640206,-2007.8037405462985,-1957.71706588366
1.3,0.6,2.0,60.0,30.0,50.0,204,0,-93.41804722725306,173.53251460322068,139.27820592944232,237.9683540152506,51.68972837488087,4,5,509.0507556955415,2.4953468416448112,-1653.6816633260823,-1607.6536409971022
1.3,0.6,2.0,60.0,30.0,50.0,204,2,-173.41804722725306,93.53251460322068,29.278205929442322,193.9683540152506,-42.31027162511913,3,5,101.05075569554151,0.49534684164481135,-1653.6816633260823,-1607.6536409971022
1.3,0.6,2.0,60.0,30.0,50.0,204,4,-253.41804722725306,13.532514603220676,-80.72179407055768,149.9683540152506,-136.31027162511913,2,5,-306.9492443044585,-1.5046531583551888,-1653.6816633260823,-1607.6536409971022
1.3,0.6,2.0,60.0,30.0,50.0,204,6,-333.41804722725306,-66.46748539677932,-190.72179407055768,105.96835401525061,-230.31027162511913,1,5,-714.9492443044585,-3.5046531583551888,-1653.6816633260823,-1607.6536409971022
1.3,0.6,2.0,60.0,30.0,50.0,204,8,-413.41804722725306,-146.46748539677932,-300.7217940705577,61.96835401525062,-324.3102716251191,1,5,-1122.9492443044585,-5.504653158355189,-1653.6816633260823,-1607.6536409971022
1.3,0.6,2.0,60.0,30.0,50.0,204,10,-493.41804722725306,-226.46748539677932,-410.7217940705577,17.96835401525062,-418.3102716251191,1,5,-1530.9492443044585,-7.504653158355189,-1653.6816633260823,-1607.6536409971022
1.3,0.6,2.0,60.0,30.0,50.0,204,12,-573.418047227253,-306.46748539677935,-520.7217940705577,-26.03164598474938,-512.3102716251192,0,5,-1938.9492443044585,-9.504653158355188,-1653.6816633260823,-1607.6536409971022
1.3,0.6,2.0,60.0,40.0,15.0,210,0,-290.68724884312303,-37.88708336718912,86.20985873241642,188.35501209697117,91.94357732374351,3,5,37.93411594281861,0.18063864734675528,-2192.5291934290603,-2140.9205598374
1.3,0.6,2.0,60.0,40.0,15.0,210,2,-376.68724884312303,-117.88708336718912,-25.79014126758358,144.35501209697117,-6.056422676256489,1,5,-382.0658840571814,-1.8193613526532448,-2192.5291934290603,-2140.9205598374
1.3,0.6,2.0,60.0,40.0,15.0,210,4,-462.68724884312303,-197.88708336718912,-137.79014126758358,100.35501209697117,-104.05642267625649,1,5,-802.0658840571814,-3.8193613526532446,-2192.5291934290603,-2140.9205598374
1.3,0.6,2.0,60.0,40.0,15.0,210,6,-548.687248843123,-277.8870833671891,-249.79014126758358,56.35501209697117,-202.0564226762565,1,5,-1222.0658840571814,-5.819361352653245,-2192.5291934290603,-2140.9205598374
1.3,0.6,2.0,60.0,40.0,15.0,210,8,-634.687248843123,-357.8870833671891,-361.7901412675836,12.355012096971173,-300.0564226762565,1,5,-1642.0658840571814,-7.819361352653245,-2192.5291934290603,-2140.9205598374
1.3,0.6,2.0,60.0,40.0,15.0,210,10,-720.687248843123,-437.8870833671891,-473.7901412675836,-31.644987903028827,-398.0564226762565,0,5,-2062.0658840571814,-9.819361352653244,-2192.5291934290603,-2140.9205598374
1.3,0.6,2.0,60.0,40.0,15.0,210,12,-806.687248843123,-517.8870833671891,-585.7901412675835,-75.64498790302883,-496.0564226762565,0,5,-2482.0658840571814,-11.819361352653244,-2192.5291934290603,-2140.9205598374
1.3,0.6,2.0,60.0,40.0,25.0,205,0,-247.74160090819316,-5.029290077447911,-115.65578255767434,379.70885278268537,19.855567658431482,2,5,31.137746897801662,0.15189144828195933,-2211.7055965368318,-2123.356362317892
1.3,0.6,2.0,60.0,40.0,25.0,205,2,-329.74160090819316,-83.02929007744791,-225.65578255767434,335.70885278268537,-76.14443234156852,1,5,-378.86225310219834,-1.8481085517180407,-2211.7055965368318,-2123.356362317892
1.3,0.6,2.0,60.0,40.0,25.0,205,4,-411.74160090819316,-161.0292900774479,-335.65578255767434,291.70885278268537,-172.14443234156852,1,5,-788.8622531021983,-3.848108551718041,-2211.7055965368318,-2123.356362317892
1.3,0.6,2.0,60.0,40.0,25.0,205,6,-493.74160090819316,-239.0292900774479,-445.65578255767434,247.70885278268537,-268.1444323415685,1,5,-1198.8622531021983,-5.848108551718041,-2211.7055965368318,-2123.356362317892
1.3,0.6,2.0,60.0,40.0,25.0,205,8,-575.7416009081932,-317.0292900774479,-555.6557825576743,203.70885278268537,-364.1444323415685,1,5,-1608.8622531021983,-7.848108551718041,-2211.7055965368318,-2123.356362317892
1.3,0.6,2.0,60.0,40.0,25.0,205,10,-657.7416009081932,-395.0292900774479,-665.6557825576743,159.70885278268537,-460.1444323415685,1,5,-2018.8622531021983,-9.84810855171804,-2211.7055965368318,-2123.356362317892
1.3,0.6,2.0,60.0,40.0,25.0,205,12,-739.7416009081932,-473.0292900774479,-775.6557825576743,115.70885278268537,-556.1444323415685,1,5,-2428.8622531021983,-11.84810855171804,-2211.7055965368318,-2123.356362317892
1.3,0.6,2.0,60.0,40.0,35.0,202,0,-277.1952179308696,122.15114610304727,-145.49083251155798,318.19446773568643,-51.40691641205194,2,5,-33.747353015746285,-0.16706610403834796,-2215.97929191386,-2172.020961971817
1.3,0.6,2.0,60.0,40.0,35.0,202,2,-355.1952179308696,44.15114610304727,-255.49083251155798,274.19446773568643,-145.40691641205194,2,5,-437.7473530157463,-2.167066104038348,-2215.97929191386,-2172.020961971817
1.3,0.6,2.0,60.0,40.0,35.0,202,4,-433.1952179308696,-33.84885389695273,-365.490832511558,230.19446773568643,-239.40691641205194,1,5,-841.7473530157463,-4.167066104038348,-2215.97929191386,-2172.020961971817
1.3,0.6,2.0,60.0,40.0,35.0,202,6,-511.1952179308696,-111.84885389695273,-475.490832511558,186.19446773568643,-333.40691641205194,1,5,-1245.7473530157463,-6.167066104038348,-2215.97929191386,-2172.020961971817
1.3,0.6,2.0,60.0,40.0,35.0,202,8,-589.1952179308696,-189.84885389695273,-585.490832511558,142.19446773568643,-427.40691641205194,1,5,-1649.7473530157463,-8.167066104038348,-2215.97929191386,-2172.020961971817
1.3,0.6,2.0,60.0,40.0,35.0,202,10,-667.1952179308696,-267.84885389695273,-695.490832511558,98.19446773568644,-521.4069164120519,1,5,-2053.7473530157463,-10.167066104038348,-2215.97929191386,-2172.020961971817
1.3,0.6,2.0,60.0,40.0,35.0,202,12,-745.1952179308696,-345.84885389695273,-805.490832511558,54.194467735686445,-615.4069164120519,1,5,-2457.7473530157463,-12.167066104038348,-2215.97929191386,-2172.020961971817
1.3,0.6,2.0,60.0,40.0,50.0,201,0,-35.52747909655545,115.32380065312861,126.39398505392711,294.06788897638387,130.40291774658982,4,5,630.6611133334738,3.137617479271014,-1534.2798096073873,-1524.7161257415405
1.3,0.6,2.0,60.0,40.0,50.0,201,2,-113.52747909655545,37.323800653128615,18.39398505392711,250.06788897638387,36.40291774658982,4,5,228.66111333347385,1.137617479271014,-1534.2798096073873,-1524.7161257415405
1.3,0.6,2.0,60.0,40.0,50.0,201,4,-191.52747909655545,-40.676199346871385,-89.60601494607289,206.06788897638387,-57.59708225341018,1,5,-173.33888666652615,-0.8623825207289858,-1534.2798096073873,-1524.7161257415405
1.3,0.6,2.0,60.0,40.0,50.0,201,6,-269.52747909655545,-118.67619934687139,-197.6060149460729,162.06788897638387,-151.59708225341018,1,5,-575.3388866665262,-2.862382520728986,-1534.2798096073873,-1524.7161257415405
1.3,0.6,2.0,60.0,40.0,50.0,201,8,-347.52747909655545,-196.67619934687139,-305.6060149460729,118.06788897638387,-245.59708225341018,1,5,-977.3388866665262,-4.8623825207289855,-1534.2798096073873,-1524.7161257415405
1.3,0.6,2.0,60.0,40.0,50.0,201,10,-425.52747909655545,-274.6761993468714,-413.6060149460729,74.06788897638387,-339.5970822534102,1,5,-1379.3388866665262,-6.8623825207289855,-1534.2798096073873,-1524.7161257415405
1.3,0.6,2.0,60.0,40.0,50.0,201,12,-503.52747909655545,-352.6761993468714,-521.606014946073,30.06788897638387,-433.5970822534102,1,5,-1781.3388866665262,-8.862382520728985,-1534.2798096073873,-1524.7161257415405
1.3,0.6,2.0,60.0,60.0,15.0,207,0,-364.82134948051964,-23.59356845063462,-185.88723664850568,306.725530680727,314.41702322605875,2,5,46.84039932712608,0.22628212235326609,-2229.970357334424,-2178.5240184074314
1.3,0.6,2.0,60.0,60.0,15.0,207,2,-446.82134948051964,-103.59356845063462,-295.8872366485057,262.725530680727,216.41702322605877,2,5,-367.1596006728739,-1.773717877646734,-2229.970357334424,-2178.5240184074314
1.3,0.6,2.0,60.0,60.0,15.0,207,4,-528.8213494805196,-183.59356845063462,-405.8872366485057,218.725530680727,118.41702322605877,2,5,-781.1596006728739,-3.773717877646734,-2229.970357334424,-2178.5240184074314
1.3,0.6,2.0,60.0,60.0,15.0,207,6,-610.8213494805196,-263.5935684506346,-515.8872366485057,174.725530680727,20.417023226058774,2,5,-1195.159600672874,-5.7737178776467335,-2229.970357334424,-2178.5240184074314
1.3,0.6,2.0,60.0,60.0,15.0,207,8,-692.8213494805196,-343.5935684506346,-625.8872366485057,130.725530680727,-77.58297677394123,1,5,-1609.159600672874,-7.7737178776467335,-2229.970357334424,-2178.5240184074314
1.3,0.6,2.0,60.0,60.0,15.0,207,10,-774.8213494805196,-423.5935684506346,-735.8872366485057,86.72553068072699,-175.58297677394123,1,5,-2023.159600672874,-9.773717877646733,-2229.970357334424,-2178.5240184074314
1.3,0.6,2.0,60.0,60.0,15.0,207,12,-856.8213494805196,-503.5935684506346,-845.8872366485057,42.72553068072699,-273.58297677394125,1,5,-2437.159600672874,-11.773717877646735,-2229.970357334424,-2178.5240184074314
1.3,0.6,2.0,60.0,60.0,25.0,202,0,-292.60511872315385,-97.2460133423686,-428.44925569360635,485.5285510799445,252.02152405634467,2,5,-80.75031262283983,-0.3997540228853457,-2331.3247381513065,-2248.032046052489
1.3,0.6,2.0,60.0,60.0,25.0,202,2,-370.60511872315385,-175.2460133423686,-536.4492556936063,441.5285510799445,156.02152405634467,2,5,-484.75031262283983,-2.399754022885346,-2331.3247381513065,-2248.032046052489
1.3,0.6,2.0,60.0,60.0,25.0,202,4,-448.60511872315385,-253.2460133423686,-644.4492556936063,397.5285510799445,60.021524056344674,2,5,-888.7503126228398,-4.399754022885346,-2331.3247381513065,-2248.032046052489
1.3,0.6,2.0,60.0,60.0,25.0,202,6,-526.6051187231539,-331.2460133423686,-752.4492556936063,353.5285510799445,-35.978475943655326,1,5,-1292.7503126228398,-6.399754022885346,-2331.3247381513065,-2248.032046052489
1.3,0.6,2.0,60.0,60.0,25.0,202,8,-604.6051187231539,-409.2460133423686,-860.4492556936063,309.5285510799445,-131.97847594365533,1,5,-1696.7503126228398,-8.399754022885345,-2331.3247381513065,-2248.032046052489
1.3,0.6,2.0,60.0,60.0,25.0,202,10,-682.6051187231539,-487.2460133423686,-968.4492556936063,265.5285510799445,-227.97847594365533,1,5,-2100.75031262284,-10.399754022885345,-2331.3247381513065,-2248.032046052489
1.3,0.6,2.0,60.0,60.0,25.0,202,12,-760.6051187231539,-565.2460133423685,-1076.4492556936063,221.52855107994452,-323.9784759436553,1,5,-2504.75031262284,-12.399754022885345,-2331.3247381513065,-2248.032046052489
1.3,0.6,2.0,60.0,60.0,35.0,200,0,-115.04775266889982,12.64518612233178,-450.0119388174696,424.01416603294547,205.04015275385137,3,5,76.63981342275929,0.3831990671137964,-2135.680794201871,-2082.8483633765777
1.3,0.6,2.0,60.0,60.0,35.0,200,2,-191.04775266889982,-65.35481387766822,-558.0119388174696,380.01416603294547,111.04015275385137,2,5,-323.3601865772407,-1.6168009328862036,-2135.680794201871,-2082.8483633765777
1.3,0.6,2.0,60.0,60.0,35.0,200,4,-267.0477526688998,-143.35481387766822,-666.0119388174696,336.01416603294547,17.040152753851373,2,5,-723.3601865772407,-3.6168009328862034,-2135.680794201871,-2082.8483633765777
1.3,0.6,2.0,60.0,60.0,35.0,200,6,-343.0477526688998,-221.35481387766822,-774.0119388174696,292.01416603294547,-76.95984724614863,1,5,-1123.3601865772407,-5.616800932886203,-2135.680794201871,-2082.8483633765777
1.3,0.6,2.0,60.0,60.0,35.0,200,8,-419.0477526688998,-299.3548138776682,-882.0119388174696,248.01416603294547,-170.95984724614863,1,5,-1523.3601865772407,-7.616800932886203,-2135.680794201871,-2082.8483633765777
1.3,0.6,2.0,60.0,60.0,35.0,200,10,-495.0477526688998,-377.3548138776682,-990.0119388174696,204.01416603294547,-264.9598472461486,1,5,-1923.3601865772407,-9.616800932886203,-2135.680794201871,-2082.8483633765777
1.3,0.6,2.0,60.0,60.0,35.0,200,12,-571.0477526688999,-455.3548138776682,-1098.0119388174696,160.01416603294547,-358.9598472461486,1,5,-2323.3601865772407,-11.616800932886203,-2135.680794201871,-2082.8483633765777
1.3,0.6,2.0,60.0,60.0,50.0,199,0,20.655280841723084,29.672706672143022,-304.902898033174,399.88758727364296,409.66828683434426,4,5,554.9809635886795,2.788849063259696,-1678.5462455243007,-1643.9497252289634
1.3,0.6,2.0,60.0,60.0,50.0,199,2,-55.34471915827692,-48.32729332785698,-410.902898033174,355.88758727364296,315.66828683434426,2,5,156.98096358867951,0.7888490632596961,-1678.5462455243007,-1643.9497252289634
1.3,0.6,2.0,60.0,60.0,50.0,199,4,-131.34471915827692,-126.32729332785698,-516.902898033174,311.88758727364296,221.66828683434423,2,5,-241.01903641132049,-1.211150936740304,-1678.5462455243007,-1643.9497252289634
1.3,0.6,2.0,60.0,60.0,50.0,199,6,-207.34471915827692,-204.32729332785698,-622.902898033174,267.88758727364296,127.66828683434423,2,5,-639.0190364113205,-3.211150936740304,-1678.5462455243007,-1643.9497252289634
1.3,0.6,2.0,60.0,60.0,50.0,199,8,-283.3447191582769,-282.327293327857,-728.902898033174,223.88758727364296,33.66828683434424,2,5,-1037.0190364113205,-5.211150936740304,-1678.5462455243007,-1643.9497252289634
1.3,0.6,2.0,60.0,60.0,50.0,199,10,-359.3447191582769,-360.327293327857,-834.902898033174,179.88758727364296,-60.33171316565576,1,5,-1435.0190364113205,-7.211150936740304,-1678.5462455243007,-1643.9497252289634
1.3,0.6,2.0,60.0,60.0,50.0,199,12,-435.3447191582769,-438.327293327857,-940.902898033174,135.88758727364296,-154.33171316565577,1,5,-1833.0190364113205,-9.211150936740305,-1678.5462455243007,-1643.9497252289634
1.3,0.6,2.0,90.0,20.0,15.0,212,0,-260.99101033950467,137.80526748927383,175.33480746006558,149.11009941064992,37.48433396289528,4,5,238.74349798337994,1.1261485753933016,-1951.0539361252656,-1950.6158189891337
1.3,0.6,2.0,90.0,20.0,15.0,212,2,-348.99101033950467,55.80526748927383,63.334807460065576,105.11009941064992,-60.51566603710472,3,5,-185.25650201662006,-0.8738514246066984,-1951.0539361252656,-1950.6158189891337
1.3,0.6,2.0,90.0,20.0,15.0,212,4,-436.99101033950467,-26.19473251072617,-48.665192539934424,61.11009941064992,-158.51566603710472,1,5,-609.2565020166201,-2.8738514246066984,-1951.0539361252656,-1950.6158189891337
1.3,0.6,2.0,90.0,20.0,15.0,212,6,-524.9910103395047,-108.19473251072617,-160.66519253993442,17.110099410649923,-256.5156660371047,1,5,-1033.25650201662,-4.873851424606698,-1951.0539361252656,-1950.6158189891337
1.3,0.6,2.0,90.0,20.0,15.0,212,8,-612.9910103395047,-190.19473251072617,-272.6651925399344,-26.889900589350077,-354.5156660371047,0,5,-1457.25650201662,-6.873851424606698,-1951.0539361252656,-1950.6158189891337
1.3,0.6,2.0,90.0,20.0,15.0,212,10,-700.9910103395047,-272.19473251072617,-384.6651925399344,-70.88990058935008,-452.5156660371047,0,5,-1881.25650201662,-8.873851424606698,-1951.0539361252656,-1950.6158189891337
1.3,0.6,2.0,90.0,20.0,15.0,212,12,-788.9910103395047,-354.19473251072617,-496.6651925399344,-114.88990058935008,-550.5156660371047,0,5,-2305.2565020166203,-10.8738514246067,-1951.0539361252656,-1950.6158189891337
1.3,0.6,2.0,90.0,20.0,25.0,208,0,-141.75692869356214,190.6236351100684,52.48576486919359,218.66549733548965,-61.958554794564634,3,5,258.0594138266249,1.2406702587818506,-1891.738020282021,-1857.4119737414428
1.3,0.6,2.0,90.0,20.0,25.0,208,2,-227.75692869356214,110.62363511006839,-57.51423513080641,174.66549733548965,-157.95855479456463,2,5,-157.9405861733751,-0.7593297412181494,-1891.738020282021,-1857.4119737414428
1.3,0.6,2.0,90.0,20.0,25.0,208,4,-313.75692869356214,30.623635110068392,-167.5142351308064,130.66549733548965,-253.95855479456463,2,5,-573.9405861733751,-2.7593297412181497,-1891.738020282021,-1857.4119737414428
1.3,0.6,2.0,90.0,20.0,25.0,208,6,-399.75692869356214,-49.37636488993161,-277.5142351308064,86.66549733548965,-349.95855479456463,1,5,-989.9405861733751,-4.759329741218149,-1891.738020282021,-1857.4119737414428
1.3,0.6,2.0,90.0,20.0,25.0,208,8,-485.75692869356214,-129.3763648899316,-387.5142351308064,42.66549733548965,-445.95855479456463,1,5,-1405.940586173375,-6.759329741218149,-1891.738020282021,-1857.4119737414428
1.3,0.6,2.0,90.0,20.0,25.0,208,10,-571.7569286935621,-209.3763648899316,-497.5142351308064,-1.334502664510353,-541.9585547945646,0,5,-1821.940586173375,-8.75932974121815,-1891.738020282021,-1857.4119737414428
1.3,0.6,2.0,90.0,20.0,25.0,208,12,-657.7569286935621,-289.3763648899316,-607.5142351308064,-45.33450266451035,-637.9585547945646,0,5,-2237.940586173375,-10.75932974121815,-1891.738020282021,-1857.4119737414428
1.3,0.6,2.0,90.0,20.0,35.0,206,0,-138.69431793259014,256.2865907648892,8.868935010251107,157.15111228849074,-159.17203860074585,3,5,124.4402815302949,0.6040790365548296,-2012.660704623812,-1998.9993084507369
1.3,0.6,2.0,90.0,20.0,35.0,206,2,-222.69431793259014,176.28659076488918,-101.1310649897489,113.15111228849074,-253.17203860074585,2,5,-287.5597184697051,-1.3959209634451704,-2012.660704623812,-1998.9993084507369
1.3,0.6,2.0,90.0,20.0,35.0,206,4,-306.69431793259014,96.28659076488918,-211.1310649897489,69.15111228849074,-347.17203860074585,2,5,-699.5597184697051,-3.3959209634451706,-2012.660704623812,-1998.9993084507369
1.3,0.6,2.0,90.0,20.0,35.0,206,6,-390.69431793259014,16.286590764889183,-321.1310649897489,25.151112288490737,-441.17203860074585,2,5,-1111.559718469705,-5.39592096344517,-2012.660704623812,-1998.9993084507369
1.3,0.6,2.0,90.0,20.0,35.0,206,8,-474.69431793259014,-63.71340923511082,-431.1310649897489,-18.848887711509263,-535.1720386007459,0,5,-1523.559718469705,-7.39592096344517,-2012.660704623812,-1998.9993084507369
1.3,0.6,2.0,90.0,20.0,35.0,206,10,-558.6943179325901,-143.71340923511082,-541.1310649897489,-62.84888771150926,-629.1720386007459,0,5,-1935.559718469705,-9.395920963445171,-2012.660704623812,-1998.9993084507369
1.3,0.6,2.0,90.0,20.0,35.0,206,12,-642.6943179325901,-223.71340923511082,-651.1310649897489,-106.84888771150926,-723.1720386007459,0,5,-2347.5597184697053,-11.395920963445171,-2012.660704623812,-1998.9993084507369
1.3,0.6,2.0,90.0,20.0,50.0,205,0,248.31590727234197,280.78269038047677,147.2568243916852,78.27956406486231,55.57814710004425,5,5,810.2131332094104,3.952259186387368,-1323.5425115151625,-1400.6440187755866
1.3,0.6,2.0,90.0,20.0,50.0,205,2,164.31590727234197,200.78269038047674,39.2568243916852,34.27956406486231,-38.42185289995575,4,5,400.21313320941044,1.952259186387368,-1323.5425115151625,-1400.6440187755866
1.3,0.6,2.0,90.0,20.0,50.0,205,4,80.31590727234197,120.78269038047674,-68.7431756083148,-9.720435935137687,-132.42185289995575,2,5,-9.786866790589556,-0.04774081361263198,-1323.5425115151625,-1400.6440187755866
1.3,0.6,2.0,90.0,20.0,50.0,205,6,-3.684092727658026,40.78269038047674,-176.7431756083148,-53.72043593513769,-226.42185289995575,1,5,-419.78686679058956,-2.047740813612632,-1323.5425115151625,-1400.6440187755866
1.3,0.6,2.0,90.0,20.0,50.0,205,8,-87.68409272765803,-39.21730961952326,-284.7431756083148,-97.72043593513769,-320.42185289995575,0,5,-829.7868667905896,-4.047740813612632,-1323.5425115151625,-1400.6440187755866
1.3,0.6,2.0,90.0,20.0,50.0,205,10,-171.68409272765803,-119.21730961952326,-392.7431756083148,-141.7204359351377,-414.42185289995575,0,5,-1239.7868667905896,-6.047740813612632,-1323.5425115151625,-1400.6440187755866
1.3,0.6,2.0,90.0,20.0,50.0,205,12,-255.68409272765803,-199.21730961952326,-500.7431756083148,-185.7204359351377,-508.42185289995575,0,5,-1649.7868667905896,-8.047740813612632,-1323.5425115151625,-1400.6440187755866
1.3,0.6,2.0,90.0,30.0,15.0,212,0,-266.73489310513753,54.890686263907696,261.6013566531043,52.706113194594394,52.2641788570088,4,5,154.72744186347768,0.7298464238843286,-2064.5919318602187,-2015.1073511052675
1.3,0.6,2.0,90.0,30.0,15.0,212,2,-354.73489310513753,-27.109313736092304,149.6013566531043,8.706113194594394,-45.7358211429912,2,5,-269.2725581365223,-1.2701535761156713,-2064.5919318602187,-2015.1073511052675
1.3,0.6,2.0,90.0,30.0,15.0,212,4,-442.73489310513753,-109.1093137360923,37.60135665310429,-35.293886805405606,-143.7358211429912,1,5,-693.2725581365223,-3.2701535761156713,-2064.5919318602187,-2015.1073511052675
1.3,0.6,2.0,90.0,30.0,15.0,212,6,-530.7348931051375,-191.1093137360923,-74.39864334689571,-79.2938868054056,-241.7358211429912,0,5,-1117.2725581365223,-5.270153576115671,-2064.5919318602187,-2015.1073511052675
1.3,0.6,2.0,90.0,30.0,15.0,212,8,-618.7348931051375,-273.1093137360923,-186.3986433468957,-123.2938868054056,-339.7358211429912,0,5,-1541.2725581365223,-7.270153576115671,-2064.5919318602187,-2015.1073511052675
1.3,0.6,2.0,90.0,30.0,15.0,212,10,-706.7348931051375,-355.1093137360923,-298.3986433468957,-167.2938868054056,-437.7358211429912,0,5,-1965.2725581365223,-9.270153576115671,-2064.5919318602187,-2015.1073511052675
1.3,0.6,2.0,90.0,30.0,15.0,212,12,-794.7348931051375,-437.1093137360923,-410.3986433468957,-211.2938868054056,-535.7358211429912,0,5,-2389.272558136522,-11.27015357611567,-2064.5919318602187,-2015.1073511052675
1.3,0.6,2.0,90.0,30.0,25.0,207,0,-147.09661816173104,125.42302229003093,50.480279652669935,323.60931782155205,-30.182547687969816,3,5,322.23345391455223,1.5566833522442136,-1847.085919809144,-1793.9404069948423
1.3,0.6,2.0,90.0,30.0,25.0,207,2,-231.09661816173104,45.42302229003093,-59.519720347330065,279.60931782155205,-126.18254768796982,2,5,-91.76654608544777,-0.44331664775578633,-1847.085919809144,-1793.9404069948423
1.3,0.6,2.0,90.0,30.0,25.0,207,4,-315.09661816173104,-34.57697770996907,-169.51972034733006,235.60931782155205,-222.18254768796982,1,5,-505.76654608544777,-2.443316647755786,-1847.085919809144,-1793.9404069948423
1.3,0.6,2.0,90.0,30.0,25.0,207,6,-399.09661816173104,-114.57697770996907,-279.51972034733006,191.60931782155205,-318.1825476879698,1,5,-919.7665460854478,-4.443316647755786,-1847.085919809144,-1793.9404069948423
1.3,0.6,2.0,90.0,30.0,25.0,207,8,-483.09661816173104,-194.57697770996907,-389.51972034733006,147.60931782155205,-414.1825476879698,1,5,-1333.7665460854478,-6.443316647755786,-1847.085919809144,-1793.9404069948423
1.3,0.6,2.0,90.0,30.0,25.0,207,10,-567.096618161731,-274.57697770996907,-499.51972034733006,103.60931782155204,-510.1825476879698,1,5,-1747.7665460854478,-8.443316647755786,-1847.085919809144,-1793.9404069948423
1.3,0.6,2.0,90.0,30.0,25.0,207,12,-651.096618161731,-354.57697770996907,-609.5197203473301,59.60931782155204,-606.1825476879699,1,5,-2161.7665460854478,-10.443316647755786,-1847.085919809144,-1793.9404069948423
1.3,0.6,2.0,90.0,30.0,35.0,204,0,-269.49688035786187,188.6792135084844,42.61823334215006,262.0949327745531,-100.78466428407853,3,5,123.11083498324706,0.6034844852119954,-2029.7948288906548,-1951.5469000800329
1.3,0.6,2.0,90.0,30.0,35.0,204,2,-349.49688035786187,108.6792135084844,-67.38176665784994,218.09493277455311,-194.78466428407853,2,5,-284.88916501675294,-1.3965155147880046,-2029.7948288906548,-1951.5469000800329
1.3,0.6,2.0,90.0,30.0,35.0,204,4,-429.49688035786187,28.679213508484395,-177.38176665784994,174.09493277455311,-288.78466428407853,2,5,-692.8891650167529,-3.3965155147880046,-2029.7948288906548,-1951.5469000800329
1.3,0.6,2.0,90.0,30.0,35.0,204,6,-509.49688035786187,-51.320786491515605,-287.38176665784994,130.09493277455311,-382.78466428407853,1,5,-1100.889165016753,-5.396515514788004,-2029.7948288906548,-1951.5469000800329
1.3,0.6,2.0,90.0,30.0,35.0,204,8,-589.4968803578619,-131.3207864915156,-397.38176665784994,86.09493277455311,-476.78466428407853,1,5,-1508.889165016753,-7.396515514788004,-2029.7948288906548,-1951.5469000800329
1.3,0.6,2.0,90.0,30.0,35.0,204,10,-669.4968803578619,-211.3207864915156,-507.38176665784994,42.09493277455311,-570.7846642840785,1,5,-1916.889165016753,-9.396515514788005,-2029.7948288906548,-1951.5469000800329
1.3,0.6,2.0,90.0,30.0,35.0,204,12,-749.4968803578619,-291.3207864915156,-617.38176665785,-1.905067225446892,-664.7846642840785,0,5,-2324.889165016753,-11.396515514788005,-2029.7948288906548,-1951.5469000800329
1.3,0.6,2.0,90.0,30.0,50.0,203,0,110.38547395502161,210.9816880258659,181.77286029915075,191.15132640815594,180.62631936727473,5,5,874.9176680554692,4.309939251504774,-1308.1066773361422,-1373.471384585436
1.3,0.6,2.0,90.0,30.0,50.0,203,2,30.38547395502161,130.9816880258659,73.77286029915075,147.15132640815594,86.62631936727473,5,5,468.9176680554692,2.3099392515047743,-1308.1066773361422,-1373.471384585436
1.3,0.6,2.0,90.0,30.0,50.0,203,4,-49.61452604497839,50.98168802586591,-34.22713970084925,103.15132640815594,-7.373680632725268,2,5,62.91766805546922,0.30993925150477447,-1308.1066773361422,-1373.471384585436
1.3,0.6,2.0,90.0,30.0,50.0,203,6,-129.6145260449784,-29.018311974134093,-142.22713970084925,59.15132640815593,-101.37368063272527,1,5,-343.0823319445308,-1.6900607484952255,-1308.1066773361422,-1373.471384585436
1.3,0.6,2.0,90.0,30.0,50.0,203,8,-209.6145260449784,-109.0183119741341,-250.22713970084925,15.151326408155931,-195.37368063272527,1,5,-749.0823319445308,-3.6900607484952257,-1308.1066773361422,-1373.471384585436
1.3,0.6,2.0,90.0,30.0,50.0,203,10,-289.6145260449784,-189.0183119741341,-358.22713970084925,-28.84867359184407,-289.37368063272527,0,5,-1155.0823319445308,-5.690060748495226,-1308.1066773361422,-1373.471384585436
1.3,0.6,2.0,90.0,30.0,50.0,203,12,-369.6145260449784,-269.0183119741341,-466.22713970084925,-72.84867359184406,-383.37368063272527,0,5,-1561.0823319445308,-7.690060748495226,-1308.1066773361422,-1373.471384585436
1.3,0.6,2.0,90.0,40.0,15.0,210,0,-317.2755125308428,-13.37786630326491,89.26787928285489,193.19208292262243,120.8344329678078,3,5,72.64101633917721,0.34590960161512957,-2162.659363858353,-2111.781237783094
1.3,0.6,2.0,90.0,40.0,15.0,210,2,-403.2755125308428,-93.37786630326491,-22.732120717145108,149.19208292262243,22.8344329678078,2,5,-347.3589836608228,-1.6540903983848705,-2162.659363858353,-2111.781237783094
1.3,0.6,2.0,90.0,40.0,15.0,210,4,-489.2755125308428,-173.3778663032649,-134.7321207171451,105.19208292262243,-75.1655670321922,1,5,-767.3589836608228,-3.6540903983848705,-2162.659363858353,-2111.781237783094
1.3,0.6,2.0,90.0,40.0,15.0,210,6,-575.2755125308428,-253.3778663032649,-246.7321207171451,61.19208292262243,-173.1655670321922,1,5,-1187.3589836608228,-5.65409039838487,-2162.659363858353,-2111.781237783094
1.3,0.6,2.0,90.0,40.0,15.0,210,8,-661.2755125308428,-333.3778663032649,-358.7321207171451,17.19208292262243,-271.1655670321922,1,5,-1607.3589836608228,-7.65409039838487,-2162.659363858353,-2111.781237783094
1.3,0.6,2.0,90.0,40.0,15.0,210,10,-747.2755125308428,-413.3778663032649,-470.7321207171451,-26.80791707737757,-369.1655670321922,0,5,-2027.3589836608228,-9.65409039838487,-2162.659363858353,-2111.781237783094
1.3,0.6,2.0,90.0,40.0,15.0,210,12,-833.2755125308428,-493.3778663032649,-582.7321207171451,-70.80791707737757,-467.1655670321922,0,5,-2447.3589836608226,-11.65409039838487,-2162.659363858353,-2111.781237783094
1.3,0.6,2.0,90.0,40.0,25.0,205,0,-202.31232761777642,28.631978652298187,-91.74450582672296,376.5143640515597,126.54728065070009,3,5,237.63678991005872,1.1592038532197986,-2005.2065535245745,-1916.8573193056343
1.3,0.6,2.0,90.0,40.0,25.0,205,2,-284.3123276177764,-49.36802134770181,-201.74450582672296,332.5143640515597,30.54728065070009,2,5,-172.36321008994128,-0.8407961467802013,-2005.2065535245745,-1916.8573193056343
1.3,0.6,2.0,90.0,40.0,25.0,205,4,-366.3123276177764,-127.36802134770181,-311.74450582672296,288.5143640515597,-65.45271934929991,1,5,-582.3632100899413,-2.8407961467802014,-2005.2065535245745,-1916.8573193056343
1.3,0.6,2.0,90.0,40.0,25.0,205,6,-448.3123276177764,-205.3680213477018,-421.74450582672296,244.5143640515597,-161.4527193492999,1,5,-992.3632100899413,-4.840796146780201,-2005.2065535245745,-1916.8573193056343
1.3,0.6,2.0,90.0,40.0,25.0,205,8,-530.3123276177764,-283.3680213477018,-531.744505826723,200.5143640515597,-257.4527193492999,1,5,-1402.3632100899413,-6.840796146780201,-2005.2065535245745,-1916.8573193056343
1.3,0.6,2.0,90.0,40.0,25.0,205,10,-612.3123276177764,-361.3680213477018,-641.744505826723,156.5143640515597,-353.4527193492999,1,5,-1812.3632100899413,-8.840796146780201,-2005.2065535245745,-1916.8573193056343
1.3,0.6,2.0,90.0,40.0,25.0,205,12,-694.3123276177764,-439.3680213477018,-751.744505826723,112.51436405155971,-449.4527193492999,1,5,-2222.3632100899413,-10.840796146780201,-2005.2065535245745,-1916.8573193056343
1.3,0.6,2.0,90.0,40.0,35.0,202,0,-267.24921221358716,24.315220284668158,-112.58147232347574,314.99997900456077,43.32355453281599,3,5,2.808069284981684,0.013901333093968734,-2179.423869613132,-2120.890575673311
1.3,0.6,2.0,90.0,40.0,35.0,202,2,-345.24921221358716,-53.68477971533184,-222.58147232347574,270.99997900456077,-50.67644546718401,1,5,-401.1919307150183,-1.9860986669060312,-2179.423869613132,-2120.890575673311
1.3,0.6,2.0,90.0,40.0,35.0,202,4,-423.24921221358716,-131.68477971533184,-332.58147232347574,226.99997900456077,-144.676445467184,1,5,-805.1919307150183,-3.9860986669060314,-2179.423869613132,-2120.890575673311
1.3,0.6,2.0,90.0,40.0,35.0,202,6,-501.24921221358716,-209.68477971533184,-442.58147232347574,182.99997900456077,-238.676445467184,1,5,-1209.1919307150183,-5.986098666906031,-2179.423869613132,-2120.890575673311
1.3,0.6,2.0,90.0,40.0,35.0,202,8,-579.2492122135872,-287.68477971533184,-552.5814723234757,138.99997900456077,-332.676445467184,1,5,-1613.1919307150183,-7.986098666906031,-2179.423869613132,-2120.890575673311
1.3,0.6,2.0,90.0,40.0,35.0,202,10,-657.2492122135872,-365.68477971533184,-662.5814723234757,94.99997900456076,-426.676445467184,1,5,-2017.1919307150183,-9.986098666906031,-2179.423869613132,-2120.890575673311
1.3,0.6,2.0,90.0,40.0,35.0,202,12,-735.2492122135872,-443.68477971533184,-772.5814723234757,50.99997900456076,-520.6764454671841,1,5,-2421.1919307150183,-11.986098666906031,-2179.423869613132,-2120.890575673311
1.3,0.6,2.0,90.0,40.0,50.0,199,0,229.05542243170223,79.59680211451541,231.1953781695491,244.0563726381635,346.6005339988662,5,5,1130.5045093527965,5.68092718267737,-1074.6817281537185,-1143.539437113934
1.3,0.6,2.0,90.0,40.0,50.0,199,2,151.05542243170223,3.5968021145154125,125.19537816954909,200.0563726381635,252.60053399886618,5,5,732.5045093527964,3.680927182677369,-1074.6817281537185,-1143.539437113934
1.3,0.6,2.0,90.0,40.0,50.0,199,4,73.05542243170223,-72.40319788548459,19.195378169549087,156.0563726381635,158.60053399886618,4,5,334.5045093527964,1.6809271826773688,-1074.6817281537185,-1143.539437113934
1.3,0.6,2.0,90.0,40.0,50.0,199,6,-4.944577568297774,-148.4031978854846,-86.80462183045091,112.05637263816352,64.6005339988662,2,5,-63.49549064720361,-0.3190728173226312,-1074.6817281537185,-1143.539437113934
1.3,0.6,2.0,90.0,40.0,50.0,199,8,-82.94457756829777,-224.4031978854846,-192.8046218304509,68.05637263816352,-29.399466001133803,1,5,-461.4954906472036,-2.319072817322631,-1074.6817281537185,-1143.539437113934
1.3,0.6,2.0,90.0,40.0,50.0,199,10,-160.94457756829777,-300.4031978854846,-298.8046218304509,24.05637263816352,-123.3994660011338,1,5,-859.4954906472036,-4.319072817322631,-1074.6817281537185,-1143.539437113934
1.3,0.6,2.0,90.0,40.0,50.0,199,12,-238.94457756829777,-376.4031978854846,-404.8046218304509,-19.94362736183648,-217.39946600113382,0,5,-1257.4954906472035,-6.31907281732263,-1074.6817281537185,-1143.539437113934
1.3,0.6,2.0,90.0,60.0,15.0,207,0,-352.87585187222487,126.11194527362784,-141.436029288805,301.25875611410845,451.42394806787934,3,5,384.4827682945861,1.8574046777516235,-1915.992149048056,-1858.7825184476728
1.3,0.6,2.0,90.0,60.0,15.0,207,2,-434.87585187222487,46.11194527362784,-251.436029288805,257.25875611410845,353.42394806787934,3,5,-29.517231705413906,-0.14259532224837634,-1915.992149048056,-1858.7825184476728
1.3,0.6,2.0,90.0,60.0,15.0,207,4,-516.8758518722249,-33.88805472637216,-361.436029288805,213.25875611410845,255.42394806787937,2,5,-443.5172317054139,-2.1425953222483765,-1915.992149048056,-1858.7825184476728
1.3,0.6,2.0,90.0,60.0,15.0,207,6,-598.8758518722249,-113.88805472637216,-471.436029288805,169.25875611410845,157.42394806787937,2,5,-857.5172317054139,-4.1425953222483765,-1915.992149048056,-1858.7825184476728
1.3,0.6,2.0,90.0,60.0,15.0,207,8,-680.8758518722249,-193.88805472637216,-581.436029288805,125.25875611410845,59.42394806787936,2,5,-1271.517231705414,-6.1425953222483765,-1915.992149048056,-1858.7825184476728
1.3,0.6,2.0,90.0,60.0,15.0,207,10,-762.8758518722249,-273.88805472637216,-691.436029288805,81.25875611410845,-38.57605193212064,1,5,-1685.517231705414,-8.142595322248376,-1915.992149048056,-1858.7825184476728
1.3,0.6,2.0,90.0,60.0,15.0,207,12,-844.8758518722249,-353.88805472637216,-801.436029288805,37.25875611410845,-136.57605193212063,1,5,-2099.517231705414,-10.142595322248376,-1915.992149048056,-1858.7825184476728
1.3,0.6,2.0,90.0,60.0,25.0,202,0,-148.72088336750812,44.96247980901131,-291.0167932264019,483.13326583682334,545.9133210560325,3,5,634.2713901079574,3.1399573767720663,-1632.093389398699,-1550.9112123293935
1.3,0.6,2.0,90.0,60.0,25.0,202,2,-226.72088336750812,-33.03752019098869,-399.0167932264019,439.13326583682334,449.91332105603243,2,5,230.27139010795736,1.139957376772066,-1632.093389398699,-1550.9112123293935
1.3,0.6,2.0,90.0,60.0,25.0,202,4,-304.7208833675081,-111.03752019098869,-507.0167932264019,395.13326583682334,353.91332105603243,2,5,-173.72860989204264,-0.8600426232279339,-1632.093389398699,-1550.9112123293935
1.3,0.6,2.0,90.0,60.0,25.0,202,6,-382.7208833675081,-189.0375201909887,-615.0167932264019,351.13326583682334,257.91332105603243,2,5,-577.7286098920426,-2.8600426232279337,-1632.093389398699,-1550.9112123293935
1.3,0.6,2.0,90.0,60.0,25.0,202,8,-460.7208833675081,-267.0375201909887,-723.0167932264019,307.13326583682334,161.91332105603243,2,5,-981.7286098920426,-4.860042623227934,-1632.093389398699,-1550.9112123293935
1.3,0.6,2.0,90.0,60.0,25.0,202,10,-538.7208833675081,-345.0375201909887,-831.0167932264019,263.13326583682334,65.91332105603244,2,5,-1385.7286098920426,-6.860042623227934,-1632.093389398699,-1550.9112123293935
1.3,0.6,2.0,90.0,60.0,25.0,202,12,-616.7208833675081,-423.0375201909887,-939.0167932264019,219.13326583682334,-30.086678943967556,1,5,-1789.7286098920426,-8.860042623227933,-1632.093389398699,-1550.9112123293935
1.3,0.6,2.0,90.0,60.0,35.0,200,0,-6.2729004494540845,17.349410674082264,-281.3669743939374,421.6188807898244,486.9707077061385,3,5,638.2991243266536,3.1914956216332677,-1631.0433851320468,-1560.285451934169
1.3,0.6,2.0,90.0,60.0,35.0,200,2,-82.27290044945408,-60.650589325917736,-389.3669743939374,377.6188807898244,392.9707077061385,2,5,238.29912432665355,1.1914956216332677,-1631.0433851320468,-1560.285451934169
1.3,0.6,2.0,90.0,60.0,35.0,200,4,-158.27290044945408,-138.65058932591774,-497.3669743939374,333.6188807898244,298.9707077061385,2,5,-161.70087567334645,-0.8085043783667323,-1631.0433851320468,-1560.285451934169
1.3,0.6,2.0,90.0,60.0,35.0,200,6,-234.27290044945408,-216.65058932591774,-605.3669743939374,289.6188807898244,204.9707077061385,2,5,-561.7008756733464,-2.8085043783667323,-1631.0433851320468,-1560.285451934169
1.3,0.6,2.0,90.0,60.0,35.0,200,8,-310.2729004494541,-294.65058932591774,-713.3669743939374,245.61888078982437,110.97070770613853,2,5,-961.7008756733464,-4.808504378366732,-1631.0433851320468,-1560.285451934169
1.3,0.6,2.0,90.0,60.0,35.0,200,10,-386.2729004494541,-372.65058932591774,-821.3669743939374,201.61888078982437,16.970707706138523,2,5,-1361.7008756733464,-6.808504378366732,-1631.0433851320468,-1560.285451934169
1.3,0.6,2.0,90.0,60.0,35.0,200,12,-462.2729004494541,-450.65058932591774,-929.3669743939374,157.61888078982437,-77.02929229386147,1,5,-1761.7008756733464,-8.808504378366733,-1631.0433851320468,-1560.285451934169
1.3,0.6,2.0,90.0,60.0,50.0,197,0,370.0240126822089,129.22593994874592,-51.532362791226205,350.6752744234271,808.6139280139741,4,5,1607.0067922771302,8.157394884655483,-665.7332977722508,-711.3375316965846
1.3,0.6,2.0,90.0,60.0,50.0,197,2,294.0240126822089,53.22593994874592,-155.5323627912262,306.6752744234271,714.6139280139741,4,5,1213.0067922771302,6.157394884655483,-665.7332977722508,-711.3375316965846
1.3,0.6,2.0,90.0,60.0,50.0,197,4,218.02401268220888,-22.774060051254082,-259.5323627912262,262.6752744234271,620.6139280139741,3,5,819.0067922771302,4.157394884655483,-665.7332977722508,-711.3375316965846
1.3,0.6,2.0,90.0,60.0,50.0,197,6,142.02401268220888,-98.77406005125408,-363.5323627912262,218.67527442342708,526.6139280139741,3,5,425.0067922771302,2.157394884655483,-665.7332977722508,-711.3375316965846
1.3,0.6,2.0,90.0,60.0,50.0,197,8,66.02401268220888,-174.77406005125408,-467.5323627912262,174.67527442342708,432.6139280139742,3,5,31.006792277130216,0.15739488465548332,-665.7332977722508,-711.3375316965846
1.3,0.6,2.0,90.0,60.0,50.0,197,10,-9.975987317791116,-250.77406005125408,-571.5323627912262,130.67527442342708,338.6139280139742,2,5,-362.9932077228698,-1.8426051153445167,-665.7332977722508,-711.3375316965846
1.3,0.6,2.0,90.0,60.0,50.0,197,12,-85.97598731779112,-326.7740600512541,-675.5323627912262,86.67527442342708,244.6139280139742,2,5,-756.9932077228698,-3.842605115344517,-665.7332977722508,-711.3375316965846
1.3,0.6,2.0,120.0,20.0,15.0,212,0,-260.99101033950467,106.69864177361683,175.33480746006558,149.11009941064992,37.48433396289528,4,5,207.63687226772322,0.9794192088100152,-1982.1605618409228,-1981.7224447047909
1.3,0.6,2.0,120.0,20.0,15.0,212,2,-348.99101033950467,24.698641773616828,63.334807460065576,105.11009941064992,-60.51566603710472,3,5,-216.36312773227678,-1.020580791189985,-1982.1605618409228,-1981.7224447047909
1.3,0.6,2.0,120.0,20.0,15.0,212,4,-436.99101033950467,-57.30135822638317,-48.665192539934424,61.11009941064992,-158.51566603710472,1,5,-640.3631277322768,-3.020580791189985,-1982.1605618409228,-1981.7224447047909
1.3,0.6,2.0,120.0,20.0,15.0,212,6,-524.9910103395047,-139.30135822638317,-160.66519253993442,17.110099410649923,-256.5156660371047,1,5,-1064.3631277322768,-5.0205807911899845,-1982.1605618409228,-1981.7224447047909
1.3,0.6,2.0,120.0,20.0,15.0,212,8,-612.9910103395047,-221.30135822638317,-272.6651925399344,-26.889900589350077,-354.5156660371047,0,5,-1488.3631277322768,-7.0205807911899845,-1982.1605618409228,-1981.7224447047909
1.3,0.6,2.0,120.0,20.0,15.0,212,10,-700.9910103395047,-303.3013582263832,-384.6651925399344,-70.88990058935008,-452.5156660371047,0,5,-1912.3631277322768,-9.020580791189985,-1982.1605618409228,-1981.7224447047909
1.3,0.6,2.0,120.0,20.0,15.0,212,12,-788.9910103395047,-385.3013582263832,-496.6651925399344,-114.88990058935008,-550.5156660371047,0,5,-2336.3631277322766,-11.020580791189984,-1982.1605618409228,-1981.7224447047909
1.3,0.6,2.0,120.0,20.0,25.0,208,0,-114.46523866666917,160.446202987794,52.48576486919359,218.66549733548965,-61.958554794564634,3,5,255.17367173124353,1.2267964987079016,-1894.623762377402,-1860.297715836824
1.3,0.6,2.0,120.0,20.0,25.0,208,2,-200.46523866666917,80.44620298779401,-57.51423513080641,174.66549733548965,-157.95855479456463,2,5,-160.82632826875647,-0.7732035012920984,-1894.623762377402,-1860.297715836824
1.3,0.6,2.0,120.0,20.0,25.0,208,4,-286.46523866666917,0.4462029877940097,-167.5142351308064,130.66549733548965,-253.95855479456463,2,5,-576.8263282687565,-2.7732035012920986,-1894.623762377402,-1860.297715836824
1.3,0.6,2.0,120.0,20.0,25.0,208,6,-372.46523866666917,-79.55379701220599,-277.5142351308064,86.66549733548965,-349.95855479456463,1,5,-992.8263282687565,-4.773203501292098,-1894.623762377402,-1860.297715836824
1.3,0.6,2.0,120.0,20.0,25.0,208,8,-458.46523866666917,-159.553797012206,-387.5142351308064,42.66549733548965,-445.95855479456463,1,5,-1408.8263282687565,-6.773203501292098,-1894.623762377402,-1860.297715836824
1.3,0.6,2.0,120.0,20.0,25.0,208,10,-544.4652386666692,-239.553797012206,-497.5142351308064,-1.334502664510353,-541.9585547945646,0,5,-1824.8263282687565,-8.773203501292098,-1894.623762377402,-1860.297715836824
1.3,0.6,2.0,120.0,20.0,25.0,208,12,-630.4652386666692,-319.553797012206,-607.5142351308064,-45.33450266451035,-637.9585547945646,0,5,-2240.8263282687567,-10.7732035012921,-1894.623762377402,-1860.297715836824
1.3,0.6,2.0,120.0,20.0,35.0,206,0,-111.40262790569727,226.1091586426148,1.2327011116220774,157.15111228849074,-140.8733785699959,3,5,132.21696556703432,0.6418299299370598,-1997.5804685416117,-1999.886772151379
1.3,0.6,2.0,120.0,20.0,35.0,206,2,-195.40262790569727,146.1091586426148,-108.76729888837792,113.15111228849074,-234.8733785699959,2,5,-279.7830344329657,-1.3581700700629402,-1997.5804685416117,-1999.886772151379
1.3,0.6,2.0,120.0,20.0,35.0,206,4,-279.4026279056973,66.1091586426148,-218.76729888837792,69.15111228849074,-328.8733785699959,2,5,-691.7830344329657,-3.35817007006294,-1997.5804685416117,-1999.886772151379
1.3,0.6,2.0,120.0,20.0,35.0,206,6,-363.4026279056973,-13.890841357385199,-328.7672988883779,25.151112288490737,-422.8733785699959,1,5,-1103.7830344329657,-5.35817007006294,-1997.5804685416117,-1999.886772151379
1.3,0.6,2.0,120.0,20.0,35.0,206,8,-447.4026279056973,-93.8908413573852,-438.7672988883779,-18.848887711509263,-516.8733785699959,0,5,-1515.7830344329657,-7.35817007006294,-1997.5804685416117,-1999.886772151379
1.3,0.6,2.0,120.0,20.0,35.0,206,10,-531.4026279056973,-173.8908413573852,-548.7672988883779,-62.84888771150926,-610.8733785699959,0,5,-1927.7830344329657,-9.35817007006294,-1997.5804685416117,-1999.886772151379
1.3,0.6,2.0,120.0,20.0,35.0,206,12,-615.4026279056973,-253.8908413573852,-658.7672988883779,-106.84888771150926,-704.8733785699959,0,5,-2339.783034432966,-11.358170070062942,-1997.5804685416117,-1999.886772151379
1.3,0.6,2.0,120.0,20.0,50.0,205,0,310.2501135453318,210.03397682305777,121.47904182897753,78.27956406486231,78.80542752067072,5,5,798.8481237828998,3.896820116014146,-1393.6883475673767,-1440.2299118223723
1.3,0.6,2.0,120.0,20.0,50.0,205,2,226.2501135453318,130.03397682305777,13.479041828977529,34.27956406486231,-15.194572479329281,4,5,388.84812378289985,1.8968201160141456,-1393.6883475673767,-1440.2299118223723
1.3,0.6,2.0,120.0,20.0,50.0,205,4,142.2501135453318,50.03397682305777,-94.52095817102247,-9.720435935137687,-109.19457247932928,2,5,-21.151876217100153,-0.1031798839858544,-1393.6883475673767,-1440.2299118223723
1.3,0.6,2.0,120.0,20.0,50.0,205,6,58.2501135453318,-29.96602317694223,-202.52095817102247,-53.72043593513769,-203.19457247932928,1,5,-431.15187621710015,-2.103179883985854,-1393.6883475673767,-1440.2299118223723
1.3,0.6,2.0,120.0,20.0,50.0,205,8,-25.7498864546682,-109.96602317694223,-310.52095817102247,-97.72043593513769,-297.1945724793293,0,5,-841.1518762171002,-4.103179883985854,-1393.6883475673767,-1440.2299118223723
1.3,0.6,2.0,120.0,20.0,50.0,205,10,-109.7498864546682,-189.96602317694223,-418.52095817102247,-141.7204359351377,-391.1945724793293,0,5,-1251.1518762171002,-6.103179883985854,-1393.6883475673767,-1440.2299118223723
1.3,0.6,2.0,120.0,20.0,50.0,205,12,-193.7498864546682,-269.96602317694226,-526.5209581710225,-185.7204359351377,-485.1945724793293,0,5,-1661.1518762171002,-8.103179883985854,-1393.6883475673767,-1440.2299118223723
1.3,0.6,2.0,120.0,30.0,15.0,212,0,-266.73489310513753,23.784060548250693,261.6013566531043,52.706113194594394,52.2641788570088,4,5,123.6208161478205,0.5831170573010401,-2095.6985575758754,-2046.213976820924
1.3,0.6,2.0,120.0,30.0,15.0,212,2,-354.73489310513753,-58.21593945174931,149.6013566531043,8.706113194594394,-45.7358211429912,2,5,-300.3791838521795,-1.41688294269896,-2095.6985575758754,-2046.213976820924
1.3,0.6,2.0,120.0,30.0,15.0,212,4,-442.73489310513753,-140.2159394517493,37.60135665310429,-35.293886805405606,-143.7358211429912,1,5,-724.3791838521795,-3.41688294269896,-2095.6985575758754,-2046.213976820924
1.3,0.6,2.0,120.0,30.0,15.0,212,6,-530.7348931051375,-222.2159394517493,-74.39864334689571,-79.2938868054056,-241.7358211429912,0,5,-1148.3791838521795,-5.41688294269896,-2095.6985575758754,-2046.213976820924
1.3,0.6,2.0,120.0,30.0,15.0,212,8,-618.7348931051375,-304.2159394517493,-186.3986433468957,-123.2938868054056,-339.7358211429912,0,5,-1572.3791838521795,-7.41688294269896,-2095.6985575758754,-2046.213976820924
1.3,0.6,2.0,120.0,30.0,15.0,212,10,-706.7348931051375,-386.2159394517493,-298.3986433468957,-167.2938868054056,-437.7358211429912,0,5,-1996.3791838521795,-9.41688294269896,-2095.6985575758754,-2046.213976820924
1.3,0.6,2.0,120.0,30.0,15.0,212,12,-794.7348931051375,-468.2159394517493,-410.3986433468957,-211.2938868054056,-535.7358211429912,0,5,-2420.3791838521793,-11.416882942698958,-2095.6985575758754,-2046.213976820924
1.3,0.6,2.0,120.0,30.0,25.0,207,0,-133.08458932312033,95.24559016775652,50.480279652669935,323.60931782155205,-1.1071748312529053,3,5,335.1434234876051,1.619050355012585,-1834.175950236091,-1781.0304374217897
1.3,0.6,2.0,120.0,30.0,25.0,207,2,-217.08458932312033,15.245590167756518,-59.519720347330065,279.60931782155205,-97.1071748312529,2,5,-78.8565765123949,-0.38094964498741496,-1834.175950236091,-1781.0304374217897
1.3,0.6,2.0,120.0,30.0,25.0,207,4,-301.0845893231203,-64.75440983224348,-169.51972034733006,235.60931782155205,-193.1071748312529,1,5,-492.8565765123949,-2.380949644987415,-1834.175950236091,-1781.0304374217897
1.3,0.6,2.0,120.0,30.0,25.0,207,6,-385.0845893231203,-144.75440983224348,-279.51972034733006,191.60931782155205,-289.1071748312529,1,5,-906.8565765123949,-4.380949644987415,-1834.175950236091,-1781.0304374217897
1.3,0.6,2.0,120.0,30.0,25.0,207,8,-469.0845893231203,-224.75440983224348,-389.51972034733006,147.60931782155205,-385.1071748312529,1,5,-1320.856576512395,-6.380949644987415,-1834.175950236091,-1781.0304374217897
1.3,0.6,2.0,120.0,30.0,25.0,207,10,-553.0845893231203,-304.7544098322435,-499.51972034733006,103.60931782155204,-481.1071748312529,1,5,-1734.856576512395,-8.380949644987416,-1834.175950236091,-1781.0304374217897
1.3,0.6,2.0,120.0,30.0,25.0,207,12,-637.0845893231203,-384.7544098322435,-609.5197203473301,59.60931782155204,-577.1071748312529,1,5,-2148.856576512395,-10.380949644987416,-1834.175950236091,-1781.0304374217897
1.3,0.6,2.0,120.0,30.0,35.0,204,0,-255.48485151925115,181.32296664188073,34.98199944352098,262.0949327745531,-53.41063139661185,3,5,169.504415944092,0.8309039997259411,-1975.115807469824,-1913.8174668565705
1.3,0.6,2.0,120.0,30.0,35.0,204,2,-335.48485151925115,101.32296664188073,-75.01800055647902,218.09493277455311,-147.41063139661185,2,5,-238.495584055908,-1.169096000274059,-1975.115807469824,-1913.8174668565705
1.3,0.6,2.0,120.0,30.0,35.0,204,4,-415.48485151925115,21.322966641880726,-185.01800055647902,174.09493277455311,-241.41063139661185,2,5,-646.495584055908,-3.1690960002740587,-1975.115807469824,-1913.8174668565705
1.3,0.6,2.0,120.0,30.0,35.0,204,6,-495.48485151925115,-58.677033358119274,-295.018000556479,130.09493277455311,-335.41063139661185,1,5,-1054.495584055908,-5.169096000274059,-1975.115807469824,-1913.8174668565705
1.3,0.6,2.0,120.0,30.0,35.0,204,8,-575.4848515192512,-138.67703335811927,-405.018000556479,86.09493277455311,-429.41063139661185,1,5,-1462.495584055908,-7.169096000274059,-1975.115807469824,-1913.8174668565705
1.3,0.6,2.0,120.0,30.0,35.0,204,10,-655.4848515192512,-218.67703335811927,-515.018000556479,42.09493277455311,-523.4106313966118,1,5,-1870.495584055908,-9.16909600027406,-1975.115807469824,-1913.8174668565705
1.3,0.6,2.0,120.0,30.0,35.0,204,12,-735.4848515192512,-298.6770333581193,-625.018000556479,-1.905067225446892,-617.4106313966118,0,5,-2278.495584055908,-11.169096000274058,-1975.115807469824,-1913.8174668565705
1.3,0.6,2.0,120.0,30.0,50.0,203,0,167.7040135490311,163.0541597241176,155.9950777364432,228.08472089717066,283.0210442922513,5,5,997.8590161990137,4.915561656152777,-1212.2343374320308,-1278.750920062167
1.3,0.6,2.0,120.0,30.0,50.0,203,2,87.70401354903109,83.0541597241176,47.99507773644319,184.08472089717066,189.0210442922513,5,5,591.8590161990137,2.915561656152777,-1212.2343374320308,-1278.750920062167
1.3,0.6,2.0,120.0,30.0,50.0,203,4,7.704013549031089,3.0541597241175964,-60.00492226355681,140.08472089717066,95.0210442922513,4,5,185.8590161990137,0.9155616561527768,-1212.2343374320308,-1278.750920062167
1.3,0.6,2.0,120.0,30.0,50.0,203,6,-72.29598645096891,-76.9458402758824,-168.0049222635568,96.08472089717066,1.0210442922513039,2,5,-220.1409838009863,-1.0844383438472232,-1212.2343374320308,-1278.750920062167
1.3,0.6,2.0,120.0,30.0,50.0,203,8,-152.2959864509689,-156.9458402758824,-276.0049222635568,52.08472089717066,-92.9789557077487,1,5,-626.1409838009863,-3.084438343847223,-1212.2343374320308,-1278.750920062167
1.3,0.6,2.0,120.0,30.0,50.0,203,10,-232.2959864509689,-236.9458402758824,-384.0049222635568,8.084720897170662,-186.9789557077487,1,5,-1032.1409838009863,-5.084438343847223,-1212.2343374320308,-1278.750920062167
1.3,0.6,2.0,120.0,30.0,50.0,203,12,-312.29598645096894,-316.9458402758824,-492.0049222635568,-35.91527910282934,-280.9789557077487,0,5,-1438.1409838009863,-7.084438343847223,-1212.2343374320308,-1278.750920062167
1.3,0.6,2.0,120.0,40.0,15.0,210,0,-317.2755125308428,-44.484492018922026,89.26787928285489,193.19208292262243,152.36985263119624,3,5,73.06981028690848,0.347951477556707,-2162.2305699106214,-2095.852909728095
1.3,0.6,2.0,120.0,40.0,15.0,210,2,-403.2755125308428,-124.48449201892203,-22.732120717145108,149.19208292262243,54.36985263119624,2,5,-346.9301897130915,-1.652048522443293,-2162.2305699106214,-2095.852909728095
1.3,0.6,2.0,120.0,40.0,15.0,210,4,-489.2755125308428,-204.48449201892203,-134.7321207171451,105.19208292262243,-43.63014736880376,1,5,-766.9301897130915,-3.652048522443293,-2162.2305699106214,-2095.852909728095
1.3,0.6,2.0,120.0,40.0,15.0,210,6,-575.2755125308428,-284.484492018922,-246.7321207171451,61.19208292262243,-141.63014736880376,1,5,-1186.9301897130915,-5.652048522443293,-2162.2305699106214,-2095.852909728095
1.3,0.6,2.0,120.0,40.0,15.0,210,8,-661.2755125308428,-364.484492018922,-358.7321207171451,17.19208292262243,-239.63014736880376,1,5,-1606.9301897130915,-7.652048522443293,-2162.2305699106214,-2095.852909728095
1.3,0.6,2.0,120.0,40.0,15.0,210,10,-747.2755125308428,-444.484492018922,-470.7321207171451,-26.80791707737757,-337.63014736880376,0,5,-2026.9301897130915,-9.652048522443293,-2162.2305699106214,-2095.852909728095
1.3,0.6,2.0,120.0,40.0,15.0,210,12,-833.2755125308428,-524.4844920189221,-582.7321207171451,-70.80791707737757,-435.63014736880376,0,5,-2446.9301897130917,-11.652048522443295,-2162.2305699106214,-2095.852909728095
1.3,0.6,2.0,120.0,40.0,25.0,205,0,-188.30029877916581,-1.5454534699762803,-87.3549995022347,389.5120307980311,196.26688645550632,2,5,308.5781655021606,1.5052593439129784,-1934.265177932472,-1845.9159437135324
1.3,0.6,2.0,120.0,40.0,25.0,205,2,-270.3002987791658,-79.54545346997628,-197.3549995022347,345.5120307980311,100.26688645550632,2,5,-101.42183449783943,-0.4947406560870216,-1934.265177932472,-1845.9159437135324
1.3,0.6,2.0,120.0,40.0,25.0,205,4,-352.3002987791658,-157.54545346997628,-307.3549995022347,301.5120307980311,4.266886455506324,2,5,-511.4218344978394,-2.494740656087022,-1934.265177932472,-1845.9159437135324
1.3,0.6,2.0,120.0,40.0,25.0,205,6,-434.3002987791658,-235.54545346997628,-417.3549995022347,257.5120307980311,-91.73311354449368,1,5,-921.4218344978394,-4.494740656087021,-1934.265177932472,-1845.9159437135324
1.3,0.6,2.0,120.0,40.0,25.0,205,8,-516.3002987791658,-313.5454534699763,-527.3549995022347,213.5120307980311,-187.73311354449368,1,5,-1331.4218344978394,-6.494740656087021,-1934.265177932472,-1845.9159437135324
1.3,0.6,2.0,120.0,40.0,25.0,205,10,-598.3002987791658,-391.5454534699763,-637.3549995022347,169.5120307980311,-283.7331135444937,1,5,-1741.4218344978394,-8.494740656087021,-1934.265177932472,-1845.9159437135324
1.3,0.6,2.0,120.0,40.0,25.0,205,12,-680.3002987791658,-469.5454534699763,-747.3549995022347,125.5120307980311,-379.7331135444937,1,5,-2151.4218344978394,-10.494740656087021,-1934.265177932472,-1845.9159437135324
1.3,0.6,2.0,120.0,40.0,35.0,202,0,-253.23718337497655,29.588846451987536,-125.4202528258163,327.99764575103217,131.3418203683721,3,5,110.27087637059913,0.5458954275772234,-2073.7856968075957,-2022.091916325076
1.3,0.6,2.0,120.0,40.0,35.0,202,2,-331.23718337497655,-48.411153548012464,-235.4202528258163,283.99764575103217,37.34182036837211,2,5,-293.7291236294009,-1.4541045724227766,-2073.7856968075957,-2022.091916325076
1.3,0.6,2.0,120.0,40.0,35.0,202,4,-409.23718337497655,-126.41115354801246,-345.4202528258163,239.99764575103217,-56.65817963162789,1,5,-697.7291236294009,-3.454104572422777,-2073.7856968075957,-2022.091916325076
1.3,0.6,2.0,120.0,40.0,35.0,202,6,-487.23718337497655,-204.41115354801246,-455.4202528258163,195.99764575103217,-150.6581796316279,1,5,-1101.7291236294009,-5.454104572422777,-2073.7856968075957,-2022.091916325076
1.3,0.6,2.0,120.0,40.0,35.0,202,8,-565.2371833749766,-282.41115354801246,-565.4202528258163,151.99764575103217,-244.6581796316279,1,5,-1505.7291236294009,-7.454104572422777,-2073.7856968075957,-2022.091916325076
1.3,0.6,2.0,120.0,40.0,35.0,202,10,-643.2371833749766,-360.41115354801246,-675.4202528258163,107.99764575103217,-338.6581796316279,1,5,-1909.7291236294009,-9.454104572422777,-2073.7856968075957,-2022.091916325076
1.3,0.6,2.0,120.0,40.0,35.0,202,12,-721.2371833749766,-438.41115354801246,-785.4202528258163,63.99764575103217,-432.6581796316279,1,5,-2313.729123629401,-11.454104572422777,-2073.7856968075957,-2022.091916325076
1.3,0.6,2.0,120.0,40.0,50.0,199,0,262.9126854443783,44.299146846690235,161.24330105685777,293.9874338736497,482.8609007922232,5,5,1245.303468013799,6.257806371928638,-959.8827694927156,-1056.9613620732068
1.3,0.6,2.0,120.0,40.0,50.0,199,2,184.91268544437833,-31.700853153309765,55.243301056857774,249.9874338736497,388.8609007922232,4,5,847.303468013799,4.2578063719286385,-959.8827694927156,-1056.9613620732068
1.3,0.6,2.0,120.0,40.0,50.0,199,4,106.91268544437833,-107.70085315330977,-50.756698943142226,205.9874338736497,294.8609007922232,3,5,449.30346801379903,2.2578063719286385,-959.8827694927156,-1056.9613620732068
1.3,0.6,2.0,120.0,40.0,50.0,199,6,28.912685444378326,-183.70085315330977,-156.75669894314223,161.9874338736497,200.8609007922232,3,5,51.30346801379903,0.25780637192863837,-959.8827694927156,-1056.9613620732068
1.3,0.6,2.0,120.0,40.0,50.0,199,8,-49.087314555621674,-259.70085315330977,-262.7566989431422,117.9874338736497,106.86090079222319,2,5,-346.69653198620097,-1.7421936280713617,-959.8827694927156,-1056.9613620732068
1.3,0.6,2.0,120.0,40.0,50.0,199,10,-127.08731455562167,-335.70085315330977,-368.7566989431422,73.9874338736497,12.860900792223193,2,5,-744.696531986201,-3.7421936280713615,-959.8827694927156,-1056.9613620732068
1.3,0.6,2.0,120.0,40.0,50.0,199,12,-205.08731455562167,-411.70085315330977,-474.7566989431422,29.987433873649707,-81.13909920777681,1,5,-1142.696531986201,-5.742193628071362,-959.8827694927156,-1056.9613620732068
1.3,0.6,2.0,120.0,60.0,15.0,207,0,-312.59185650985955,95.00531955797078,-131.40950585079077,292.18308168104915,436.59977740497186,3,5,379.7868162833415,1.8347189192431959,-1941.7633224001092,-1847.9789363516493
1.3,0.6,2.0,120.0,60.0,15.0,207,2,-394.59185650985955,15.005319557970779,-241.40950585079077,248.18308168104915,338.59977740497186,3,5,-34.21318371665848,-0.16528108075680423,-1941.7633224001092,-1847.9789363516493
1.3,0.6,2.0,120.0,60.0,15.0,207,4,-476.59185650985955,-64.99468044202922,-351.40950585079077,204.18308168104915,240.5997774049719,2,5,-448.2131837166585,-2.165281080756804,-1941.7633224001092,-1847.9789363516493
1.3,0.6,2.0,120.0,60.0,15.0,207,6,-558.5918565098596,-144.99468044202922,-461.40950585079077,160.18308168104915,142.5997774049719,2,5,-862.2131837166585,-4.165281080756804,-1941.7633224001092,-1847.9789363516493
1.3,0.6,2.0,120.0,60.0,15.0,207,8,-640.5918565098596,-224.99468044202922,-571.4095058507908,116.18308168104915,44.59977740497188,2,5,-1276.2131837166585,-6.165281080756804,-1941.7633224001092,-1847.9789363516493
1.3,0.6,2.0,120.0,60.0,15.0,207,10,-722.5918565098596,-304.9946804420292,-681.4095058507908,72.18308168104915,-53.40022259502812,1,5,-1690.2131837166585,-8.165281080756804,-1941.7633224001092,-1847.9789363516493
1.3,0.6,2.0,120.0,60.0,15.0,207,12,-804.5918565098596,-384.9946804420292,-791.4095058507908,28.183081681049146,-151.4002225950281,1,5,-2104.2131837166585,-10.165281080756804,-1941.7633224001092,-1847.9789363516493
1.3,0.6,2.0,120.0,60.0,25.0,202,0,-78.44350734069383,21.693503755268296,-362.172778211632,488.34306573039686,554.341568317592,3,5,623.7618522509315,3.0879299616382747,-1642.6029272557248,-1545.9212160791517
1.3,0.6,2.0,120.0,60.0,25.0,202,2,-156.44350734069383,-56.306496244731704,-470.172778211632,444.34306573039686,458.34156831759196,2,5,219.7618522509315,1.0879299616382747,-1642.6029272557248,-1545.9212160791517
1.3,0.6,2.0,120.0,60.0,25.0,202,4,-234.44350734069383,-134.3064962447317,-578.172778211632,400.34306573039686,362.34156831759196,2,5,-184.2381477490685,-0.9120700383617253,-1642.6029272557248,-1545.9212160791517
1.3,0.6,2.0,120.0,60.0,25.0,202,6,-312.4435073406938,-212.3064962447317,-686.172778211632,356.34306573039686,266.34156831759196,2,5,-588.2381477490685,-2.9120700383617253,-1642.6029272557248,-1545.9212160791517
1.3,0.6,2.0,120.0,60.0,25.0,202,8,-390.4435073406938,-290.3064962447317,-794.172778211632,312.34306573039686,170.34156831759196,2,5,-992.2381477490685,-4.912070038361725,-1642.6029272557248,-1545.9212160791517
1.3,0.6,2.0,120.0,60.0,25.0,202,10,-468.4435073406938,-368.3064962447317,-902.172778211632,268.34306573039686,74.34156831759198,2,5,-1396.2381477490685,-6.912070038361725,-1642.6029272557248,-1545.9212160791517
1.3,0.6,2.0,120.0,60.0,25.0,202,12,-546.4435073406938,-446.3064962447317,-1010.172778211632,224.34306573039686,-21.658431682408022,1,5,-1800.2381477490685,-8.912070038361724,-1642.6029272557248,-1545.9212160791517
1.3,0.6,2.0,120.0,60.0,35.0,200,0,21.454014361411225,29.531492909933093,-326.0621209865002,426.8286806833979,513.697614998448,4,5,665.4496819666902,3.3272484098334507,-1586.5721584389494,-1541.7990420315143
1.3,0.6,2.0,120.0,60.0,35.0,200,2,-54.545985638588775,-48.46850709006691,-434.0621209865002,382.8286806833979,419.69761499844793,2,5,265.44968196669015,1.3272484098334507,-1586.5721584389494,-1541.7990420315143
1.3,0.6,2.0,120.0,60.0,35.0,200,4,-130.54598563858877,-126.46850709006691,-542.0621209865002,338.8286806833979,325.69761499844793,2,5,-134.55031803330985,-0.6727515901665493,-1586.5721584389494,-1541.7990420315143
1.3,0.6,2.0,120.0,60.0,35.0,200,6,-206.54598563858877,-204.4685070900669,-650.0621209865002,294.8286806833979,231.69761499844793,2,5,-534.5503180333098,-2.6727515901665493,-1586.5721584389494,-1541.7990420315143
1.3,0.6,2.0,120.0,60.0,35.0,200,8,-282.5459856385888,-282.4685070900669,-758.0621209865002,250.82868068339792,137.69761499844793,2,5,-934.5503180333098,-4.672751590166549,-1586.5721584389494,-1541.7990420315143
1.3,0.6,2.0,120.0,60.0,35.0,200,10,-358.5459856385888,-360.4685070900669,-866.0621209865002,206.82868068339792,43.69761499844794,2,5,-1334.5503180333098,-6.672751590166549,-1586.5721584389494,-1541.7990420315143
1.3,0.6,2.0,120.0,60.0,35.0,200,12,-434.5459856385888,-438.4685070900669,-974.0621209865002,162.82868068339792,-50.30238500155206,1,5,-1734.5503180333098,-8.672751590166548,-1586.5721584389494,-1541.7990420315143
1.3,0.6,2.0,120.0,60.0,50.0,197,0,466.0377674236938,185.98803142726,-88.5295710263324,392.8184688060154,910.359006295279,4,5,1866.6737029259164,9.475501030080794,-415.37737293690645,-487.7017380480513
1.3,0.6,2.0,120.0,60.0,50.0,197,2,390.0377674236938,109.98803142726001,-192.5295710263324,348.8184688060154,816.359006295279,4,5,1472.6737029259164,7.475501030080793,-415.37737293690645,-487.7017380480513
1.3,0.6,2.0,120.0,60.0,50.0,197,4,314.0377674236938,33.98803142726001,-296.5295710263324,304.8184688060154,722.359006295279,4,5,1078.6737029259164,5.475501030080793,-415.37737293690645,-487.7017380480513
1.3,0.6,2.0,120.0,60.0,50.0,197,6,238.03776742369382,-42.01196857273999,-400.5295710263324,260.8184688060154,628.359006295279,3,5,684.6737029259162,3.475501030080793,-415.37737293690645,-487.7017380480513
1.3,0.6,2.0,120.0,60.0,50.0,197,8,162.03776742369382,-118.01196857273999,-504.5295710263324,216.8184688060154,534.359006295279,3,5,290.67370292591625,1.4755010300807931,-415.37737293690645,-487.7017380480513
1.3,0.6,2.0,120.0,60.0,50.0,197,10,86.03776742369382,-194.01196857274,-608.5295710263324,172.8184688060154,440.359006295279,3,5,-103.32629707408373,-0.5244989699192067,-415.37737293690645,-487.7017380480513
1.3,0.6,2.0,120.0,60.0,50.0,197,12,10.037767423693822,-270.01196857274,-712.5295710263324,128.8184688060154,346.359006295279,3,5,-497.32629707408375,-2.524498969919207,-415.37737293690645,-487.7017380480513
1.3,0.65,1.5,60.0,20.0,15.0,163,0,-159.82919310545367,-122.54054024232238,44.98271052572392,192.03689775234008,58.818603088418,3,5,13.46847801870581,0.08262869950126263,-1721.0785201555534,-1672.436699663238
1.3,0.65,1.5,60.0,20.0,15.0,163,2,-221.82919310545367,-182.54054024232238,-59.01728947427608,152.03689775234008,-1.1813969115819987,1,5,-312.5315219812942,-1.9173713004987374,-1721.0785201555534,-1672.436699663238
1.3,0.65,1.5,60.0,20.0,15.0,163,4,-283.82919310545367,-242.54054024232238,-163.01728947427608,112.03689775234008,-61.181396911582,1,5,-638.5315219812942,-3.917371300498737,-1721.0785201555534,-1672.436699663238
1.3,0.65,1.5,60.0,20.0,15.0,163,6,-345.82919310545367,-302.5405402423224,-267.0172894742761,72.03689775234008,-121.181396911582,1,5,-964.5315219812942,-5.917371300498737,-1721.0785201555534,-1672.436699663238
1.3,0.65,1.5,60.0,20.0,15.0,163,8,-407.82919310545367,-362.5405402423224,-371.0172894742761,32.03689775234009,-181.181396911582,1,5,-1290.5315219812942,-7.917371300498737,-1721.0785201555534,-1672.436699663238
1.3,0.65,1.5,60.0,20.0,15.0,163,10,-469.82919310545367,-422.5405402423224,-475.0172894742761,-7.963102247659911,-241.181396911582,0,5,-1616.5315219812942,-9.917371300498738,-1721.0785201555534,-1672.436699663238
1.3,0.65,1.5,60.0,20.0,15.0,163,12,-531.8291931054537,-482.5405402423224,-579.0172894742761,-47.96310224765991,-301.181396911582,0,5,-1942.5315219812942,-11.917371300498738,-1721.0785201555534,-1672.436699663238
1.3,0.65,1.5,60.0,20.0,25.0,157,0,-9.85531545284573,-29.262979716796565,-350.58970208884443,175.5302920592187,26.559854550508362,2,5,-187.6178506487597,-1.1950181569984695,-1862.1648488230187,-1768.475593116206
1.3,0.65,1.5,60.0,20.0,25.0,157,2,-71.85531545284573,-87.26297971679656,-446.58970208884443,135.5302920592187,-31.440145449491638,1,5,-501.6178506487597,-3.1950181569984695,-1862.1648488230187,-1768.475593116206
1.3,0.65,1.5,60.0,20.0,25.0,157,4,-133.85531545284573,-145.26297971679656,-542.5897020888444,95.53029205921872,-89.44014544949164,1,5,-815.6178506487597,-5.1950181569984695,-1862.1648488230187,-1768.475593116206
1.3,0.65,1.5,60.0,20.0,25.0,157,6,-195.85531545284573,-203.26297971679656,-638.5897020888444,55.53029205921872,-147.44014544949164,1,5,-1129.6178506487597,-7.1950181569984695,-1862.1648488230187,-1768.475593116206
1.3,0.65,1.5,60.0,20.0,25.0,157,8,-257.85531545284573,-261.26297971679656,-734.5897020888444,15.53029205921872,-205.44014544949164,1,5,-1443.6178506487597,-9.19501815699847,-1862.1648488230187,-1768.475593116206
1.3,0.65,1.5,60.0,20.0,25.0,157,10,-319.85531545284573,-319.26297971679656,-830.5897020888444,-24.46970794078128,-263.44014544949164,0,5,-1757.6178506487597,-11.19501815699847,-1862.1648488230187,-1768.475593116206
1.3,0.65,1.5,60.0,20.0,25.0,157,12,-381.85531545284573,-377.26297971679656,-926.5897020888444,-64.46970794078128,-321.44014544949164,0,5,-2071.6178506487595,-13.195018156998469,-1862.1648488230187,-1768.475593116206
1.3,0.65,1.5,60.0,20.0,35.0,156,0,-33.622847570951365,-18.800091943523398,-336.4244003318978,215.17686771471338,-31.79902612252971,1,5,-205.4694982541887,-1.3171121682960814,-1870.016496428448,-1794.147702910221
1.3,0.65,1.5,60.0,20.0,35.0,156,2,-93.62284757095136,-76.8000919435234,-432.4244003318978,175.17686771471338,-89.79902612252971,1,5,-517.4694982541887,-3.3171121682960814,-1870.016496428448,-1794.147702910221
1.3,0.65,1.5,60.0,20.0,35.0,156,4,-153.62284757095136,-134.8000919435234,-528.4244003318978,135.17686771471338,-147.7990261225297,1,5,-829.4694982541887,-5.317112168296082,-1870.016496428448,-1794.147702910221
1.3,0.65,1.5,60.0,20.0,35.0,156,6,-213.62284757095136,-192.8000919435234,-624.4244003318978,95.17686771471338,-205.7990261225297,1,5,-1141.4694982541887,-7.317112168296082,-1870.016496428448,-1794.147702910221
1.3,0.65,1.5,60.0,20.0,35.0,156,8,-273.62284757095136,-250.8000919435234,-720.4244003318978,55.17686771471339,-263.7990261225297,1,5,-1453.4694982541887,-9.317112168296081,-1870.016496428448,-1794.147702910221
1.3,0.65,1.5,60.0,20.0,35.0,156,10,-333.62284757095136,-308.8000919435234,-816.4244003318978,15.176867714713389,-321.7990261225297,1,5,-1765.4694982541887,-11.317112168296081,-1870.016496428448,-1794.147702910221
1.3,0.65,1.5,60.0,20.0,35.0,156,12,-393.62284757095136,-366.8000919435234,-912.4244003318978,-24.82313228528661,-379.7990261225297,0,5,-2077.4694982541887,-13.317112168296081,-1870.016496428448,-1794.147702910221
1.3,0.65,1.5,60.0,20.0,50.0,155,0,3.2672901619840786,-14.564065217149107,-265.4793527368183,161.08178292692693,-26.47381447659137,2,5,-142.1681593416481,-0.9172139312364394,-1796.715157515907,-1788.4563370974956
1.3,0.65,1.5,60.0,20.0,50.0,155,2,-54.73270983801592,-72.5640652171491,-361.4793527368183,121.08178292692693,-84.47381447659137,1,5,-452.1681593416481,-2.9172139312364394,-1796.715157515907,-1788.4563370974956
1.3,0.65,1.5,60.0,20.0,50.0,155,4,-112.73270983801592,-130.5640652171491,-457.4793527368183,81.08178292692693,-142.47381447659137,1,5,-762.1681593416481,-4.917213931236439,-1796.715157515907,-1788.4563370974956
1.3,0.65,1.5,60.0,20.0,50.0,155,6,-170.73270983801592,-188.5640652171491,-553.4793527368183,41.081782926926934,-200.47381447659137,1,5,-1072.168159341648,-6.917213931236439,-1796.715157515907,-1788.4563370974956
1.3,0.65,1.5,60.0,20.0,50.0,155,8,-228.73270983801592,-246.5640652171491,-649.4793527368183,1.081782926926934,-258.4738144765914,1,5,-1382.168159341648,-8.91721393123644,-1796.715157515907,-1788.4563370974956
1.3,0.65,1.5,60.0,20.0,50.0,155,10,-286.7327098380159,-304.5640652171491,-745.4793527368183,-38.918217073073066,-316.4738144765914,0,5,-1692.168159341648,-10.91721393123644,-1796.715157515907,-1788.4563370974956
1.3,0.65,1.5,60.0,20.0,50.0,155,12,-344.7327098380159,-362.5640652171491,-841.4793527368183,-78.91821707307307,-374.4738144765914,0,5,-2002.168159341648,-12.91721393123644,-1796.715157515907,-1788.4563370974956
1.3,0.65,1.5,60.0,30.0,15.0,162,0,-227.06231078046994,-161.93729111955065,56.15585457721073,207.11363924359586,139.21856168226273,3,5,13.48845360304881,0.08326205927807907,-1753.2067055574264,-1685.379730135763
1.3,0.65,1.5,60.0,30.0,15.0,162,2,-289.06231078046994,-219.93729111955065,-47.84414542278927,167.11363924359586,79.21856168226273,2,5,-310.5115463969512,-1.916737940721921,-1753.2067055574264,-1685.379730135763
1.3,0.65,1.5,60.0,30.0,15.0,162,4,-351.06231078046994,-277.93729111955065,-151.84414542278927,127.11363924359586,19.21856168226273,2,5,-634.5115463969512,-3.9167379407219207,-1753.2067055574264,-1685.379730135763
1.3,0.65,1.5,60.0,30.0,15.0,162,6,-413.06231078046994,-335.93729111955065,-255.84414542278927,87.11363924359586,-40.78143831773727,1,5,-958.5115463969512,-5.916737940721921,-1753.2067055574264,-1685.379730135763
1.3,0.65,1.5,60.0,30.0,15.0,162,8,-475.06231078046994,-393.93729111955065,-359.84414542278927,47.113639243595856,-100.78143831773727,1,5,-1282.5115463969512,-7.916737940721921,-1753.2067055574264,-1685.379730135763
1.3,0.65,1.5,60.0,30.0,15.0,162,10,-537.0623107804699,-451.93729111955065,-463.84414542278927,7.113639243595856,-160.78143831773727,1,5,-1606.5115463969512,-9.916737940721921,-1753.2067055574264,-1685.379730135763
1.3,0.65,1.5,60.0,30.0,15.0,162,12,-599.0623107804699,-509.93729111955065,-567.8441454227893,-32.886360756404144,-220.78143831773727,0,5,-1930.5115463969512,-11.916737940721921,-1753.2067055574264,-1685.379730135763
1.3,0.65,1.5,60.0,30.0,25.0,155,0,-102.9795754434162,-94.49609110054388,-451.6500043548592,338.36448378687066,77.17891294720269,2,5,-233.58227416474597,-1.506982413966103,-1930.2774333252207,-1817.403022689061
1.3,0.65,1.5,60.0,30.0,25.0,155,2,-162.9795754434162,-150.49609110054388,-547.6500043548592,298.36448378687066,19.17891294720269,2,5,-543.582274164746,-3.506982413966103,-1930.2774333252207,-1817.403022689061
1.3,0.65,1.5,60.0,30.0,25.0,155,4,-222.9795754434162,-206.49609110054388,-643.6500043548592,258.36448378687066,-38.82108705279731,1,5,-853.582274164746,-5.506982413966103,-1930.2774333252207,-1817.403022689061
1.3,0.65,1.5,60.0,30.0,25.0,155,6,-282.9795754434162,-262.4960911005439,-739.6500043548592,218.36448378687066,-96.82108705279731,1,5,-1163.582274164746,-7.506982413966103,-1930.2774333252207,-1817.403022689061
1.3,0.65,1.5,60.0,30.0,25.0,155,8,-342.9795754434162,-318.4960911005439,-835.6500043548592,178.36448378687066,-154.8210870527973,1,5,-1473.582274164746,-9.506982413966103,-1930.2774333252207,-1817.403022689061
1.3,0.65,1.5,60.0,30.0,25.0,155,10,-402.9795754434162,-374.4960911005439,-931.6500043548592,138.36448378687066,-212.8210870527973,1,5,-1783.582274164746,-11.506982413966103,-1930.2774333252207,-1817.403022689061
1.3,0.65,1.5,60.0,30.0,25.0,155,12,-462.9795754434162,-430.4960911005439,-1027.6500043548592,98.36448378687066,-270.82108705279734,1,5,-2093.582274164746,-13.506982413966105,-1930.2774333252207,-1817.403022689061
1.3,0.65,1.5,60.0,30.0,35.0,153,0,-342.2834954082439,-72.94388840910761,-345.8831723185731,416.9459544024297,27.7094283445241,2,5,-316.4551733889707,-2.06833446659458,-1993.150332549446,-1980.3139419152883
1.3,0.65,1.5,60.0,30.0,35.0,153,2,-398.2834954082439,-128.94388840910761,-441.8831723185731,376.9459544024297,-30.2905716554759,1,5,-622.4551733889707,-4.06833446659458,-1993.150332549446,-1980.3139419152883
1.3,0.65,1.5,60.0,30.0,35.0,153,4,-454.2834954082439,-184.94388840910761,-537.8831723185731,336.9459544024297,-88.2905716554759,1,5,-928.4551733889707,-6.06833446659458,-1993.150332549446,-1980.3139419152883
1.3,0.65,1.5,60.0,30.0,35.0,153,6,-510.2834954082439,-240.94388840910761,-633.8831723185731,296.9459544024297,-146.2905716554759,1,5,-1234.4551733889707,-8.06833446659458,-1993.150332549446,-1980.3139419152883
1.3,0.65,1.5,60.0,30.0,35.0,153,8,-566.2834954082439,-296.9438884091076,-729.8831723185731,256.9459544024297,-204.2905716554759,1,5,-1540.4551733889707,-10.06833446659458,-1993.150332549446,-1980.3139419152883
1.3,0.65,1.5,60.0,30.0,35.0,153,10,-622.2834954082439,-352.9438884091076,-825.8831723185731,216.9459544024297,-262.2905716554759,1,5,-1846.4551733889707,-12.06833446659458,-1993.150332549446,-1980.3139419152883
1.3,0.65,1.5,60.0,30.0,35.0,153,12,-678.2834954082439,-408.9438884091076,-921.8831723185731,176.9459544024297,-320.2905716554759,1,5,-2152.4551733889707,-14.06833446659458,-1993.150332549446,-1980.3139419152883
1.3,0.65,1.5,60.0,30.0,50.0,152,0,-390.2689104683309,-85.41048063901059,-281.9726860177668,362.8508696146432,-4.006054214295148,1,5,-398.8072617247601,-2.6237319850313163,-2065.502420885235,-2051.5841079208108
1.3,0.65,1.5,60.0,30.0,50.0,152,2,-444.2689104683309,-141.4104806390106,-377.9726860177668,322.8508696146432,-62.00605421429515,1,5,-702.8072617247601,-4.623731985031316,-2065.502420885235,-2051.5841079208108
1.3,0.65,1.5,60.0,30.0,50.0,152,4,-498.2689104683309,-197.4104806390106,-473.9726860177668,282.8508696146432,-120.00605421429515,1,5,-1006.8072617247601,-6.623731985031316,-2065.502420885235,-2051.5841079208108
1.3,0.65,1.5,60.0,30.0,50.0,152,6,-552.2689104683309,-253.4104806390106,-569.9726860177668,242.85086961464324,-178.00605421429515,1,5,-1310.80726172476,-8.623731985031316,-2065.502420885235,-2051.5841079208108
1.3,0.65,1.5,60.0,30.0,50.0,152,8,-606.2689104683309,-309.4104806390106,-665.9726860177668,202.85086961464324,-236.00605421429515,1,5,-1614.80726172476,-10.623731985031316,-2065.502420885235,-2051.5841079208108
1.3,0.65,1.5,60.0,30.0,50.0,152,10,-660.2689104683309,-365.4104806390106,-761.9726860177668,162.85086961464324,-294.00605421429515,1,5,-1918.80726172476,-12.623731985031316,-2065.502420885235,-2051.5841079208108
1.3,0.65,1.5,60.0,30.0,50.0,152,12,-714.2689104683309,-421.4104806390106,-857.9726860177668,122.85086961464324,-352.00605421429515,1,5,-2222.80726172476,-14.623731985031315,-2065.502420885235,-2051.5841079208108
1.3,0.65,1.5,60.0,40.0,15.0,160,0,-5.121502672798897,-149.74780046269018,-175.01860105941273,272.9676599664626,197.9798332391673,2,5,141.0595890107279,0.8816224313170494,-1646.4357895140115,-1697.977692236164
1.3,0.65,1.5,60.0,40.0,15.0,160,2,-65.1215026727989,-205.74780046269018,-279.01860105941273,232.96765996646258,137.9798332391673,2,5,-178.9404109892721,-1.1183775686829507,-1646.4357895140115,-1697.977692236164
1.3,0.65,1.5,60.0,40.0,15.0,160,4,-125.1215026727989,-261.7478004626902,-383.01860105941273,192.96765996646258,77.97983323916732,2,5,-498.9404109892721,-3.1183775686829507,-1646.4357895140115,-1697.977692236164
1.3,0.65,1.5,60.0,40.0,15.0,160,6,-185.1215026727989,-317.7478004626902,-487.01860105941273,152.96765996646258,17.97983323916732,2,5,-818.9404109892721,-5.11837756868295,-1646.4357895140115,-1697.977692236164
1.3,0.65,1.5,60.0,40.0,15.0,160,8,-245.1215026727989,-373.7478004626902,-591.0186010594127,112.96765996646258,-42.02016676083268,1,5,-1138.940410989272,-7.11837756868295,-1646.4357895140115,-1697.977692236164
1.3,0.65,1.5,60.0,40.0,15.0,160,10,-305.1215026727989,-429.7478004626902,-695.0186010594127,72.96765996646258,-102.02016676083268,1,5,-1458.940410989272,-9.11837756868295,-1646.4357895140115,-1697.977692236164
1.3,0.65,1.5,60.0,40.0,15.0,160,12,-365.1215026727989,-485.7478004626902,-799.0186010594127,32.96765996646258,-162.0201667608327,1,5,-1778.940410989272,-11.11837756868295,-1646.4357895140115,-1697.977692236164
1.3,0.65,1.5,60.0,40.0,25.0,152,0,61.16894994014004,-137.49710906536438,-690.2861679009052,313.3896752217711,153.62545002100188,3,5,-299.5992017833569,-1.9710473801536637,-2064.9500793182547,-2110.6651502269497
1.3,0.65,1.5,60.0,40.0,25.0,152,2,3.1689499401400383,-189.49710906536438,-786.2861679009052,273.3896752217711,95.62545002100188,3,5,-603.5992017833569,-3.9710473801536637,-2064.9500793182547,-2110.6651502269497
1.3,0.65,1.5,60.0,40.0,25.0,152,4,-54.83105005985996,-241.49710906536438,-882.2861679009052,233.38967522177109,37.62545002100188,2,5,-907.5992017833569,-5.971047380153664,-2064.9500793182547,-2110.6651502269497
1.3,0.65,1.5,60.0,40.0,25.0,152,6,-112.83105005985996,-293.4971090653644,-978.2861679009052,193.38967522177109,-20.374549978998118,1,5,-1211.5992017833569,-7.971047380153664,-2064.9500793182547,-2110.6651502269497
1.3,0.65,1.5,60.0,40.0,25.0,152,8,-170.83105005985996,-345.4971090653644,-1074.2861679009052,153.38967522177109,-78.37454997899812,1,5,-1515.5992017833569,-9.971047380153664,-2064.9500793182547,-2110.6651502269497
1.3,0.65,1.5,60.0,40.0,25.0,152,10,-228.83105005985996,-397.4971090653644,-1170.2861679009052,113.38967522177109,-136.37454997899812,1,5,-1819.5992017833569,-11.971047380153664,-2064.9500793182547,-2110.6651502269497
1.3,0.65,1.5,60.0,40.0,25.0,152,12,-286.83105005986,-449.4971090653644,-1266.2861679009052,73.38967522177109,-194.37454997899812,1,5,-2123.599201783357,-13.971047380153664,-2064.9500793182547,-2110.6651502269497
1.3,0.65,1.5,60.0,40.0,35.0,150,0,-127.49293300654051,-89.77387198620465,-611.3449282214265,388.88129522419706,114.41380899063105,2,5,-325.31662899934395,-2.168777526662293,-2055.3061271722054,-2229.9951239826905
1.3,0.65,1.5,60.0,40.0,35.0,150,2,-181.4929330065405,-141.77387198620465,-707.3449282214265,348.88129522419706,56.413808990631054,2,5,-625.316628999344,-4.168777526662293,-2055.3061271722054,-2229.9951239826905
1.3,0.65,1.5,60.0,40.0,35.0,150,4,-235.4929330065405,-193.77387198620465,-803.3449282214265,308.88129522419706,-1.586191009368946,1,5,-925.316628999344,-6.168777526662293,-2055.3061271722054,-2229.9951239826905
1.3,0.65,1.5,60.0,40.0,35.0,150,6,-289.4929330065405,-245.77387198620465,-899.3449282214265,268.88129522419706,-59.586191009368946,1,5,-1225.316628999344,-8.168777526662293,-2055.3061271722054,-2229.9951239826905
1.3,0.65,1.5,60.0,40.0,35.0,150,8,-343.4929330065405,-297.77387198620465,-995.3449282214265,228.88129522419703,-117.58619100936895,1,5,-1525.316628999344,-10.168777526662293,-2055.3061271722054,-2229.9951239826905
1.3,0.65,1.5,60.0,40.0,35.0,150,10,-397.4929330065405,-349.77387198620465,-1091.3449282214265,188.88129522419703,-175.58619100936895,1,5,-1825.316628999344,-12.168777526662293,-2055.3061271722054,-2229.9951239826905
1.3,0.65,1.5,60.0,40.0,35.0,150,12,-451.4929330065405,-401.77387198620465,-1187.3449282214265,148.88129522419703,-233.58619100936895,1,5,-2125.316628999344,-14.168777526662295,-2055.3061271722054,-2229.9951239826905
1.3,0.65,1.5,60.0,40.0,50.0,148,0,-384.0678721876317,-102.24046421610763,-435.81892464135797,334.78621043641056,82.69832643181172,2,5,-504.64272417687494,-3.409748136330236,-2162.481818985533,-2172.030584653653
1.3,0.65,1.5,60.0,40.0,50.0,148,2,-436.0678721876317,-154.24046421610763,-529.818924641358,294.78621043641056,24.698326431811722,2,5,-800.6427241768749,-5.409748136330236,-2162.481818985533,-2172.030584653653
1.3,0.65,1.5,60.0,40.0,50.0,148,4,-488.0678721876317,-206.24046421610763,-623.818924641358,254.78621043641058,-33.30167356818828,1,5,-1096.642724176875,-7.409748136330236,-2162.481818985533,-2172.030584653653
1.3,0.65,1.5,60.0,40.0,50.0,148,6,-540.0678721876317,-258.2404642161076,-717.818924641358,214.78621043641058,-91.30167356818828,1,5,-1392.642724176875,-9.409748136330236,-2162.481818985533,-2172.030584653653
1.3,0.65,1.5,60.0,40.0,50.0,148,8,-592.0678721876317,-310.2404642161076,-811.818924641358,174.78621043641058,-149.30167356818828,1,5,-1688.642724176875,-11.409748136330236,-2162.481818985533,-2172.030584653653
1.3,0.65,1.5,60.0,40.0,50.0,148,10,-644.0678721876317,-362.2404642161076,-905.818924641358,134.78621043641058,-207.30167356818828,1,5,-1984.642724176875,-13.409748136330236,-2162.481818985533,-2172.030584653653
1.3,0.65,1.5,60.0,40.0,50.0,148,12,-696.0678721876317,-414.2404642161076,-999.818924641358,94.78621043641058,-265.3016735681883,1,5,-2280.642724176875,-15.409748136330238,-2162.481818985533,-2172.030584653653
1.3,0.65,1.5,60.0,60.0,15.0,158,0,-61.40294588479685,-263.79484585646617,-318.34342000415916,456.8897329977107,396.1393354824821,2,5,209.48785673477073,1.3258725109795615,-1615.6924711561458,-1586.7766743801135
1.3,0.65,1.5,60.0,60.0,15.0,158,2,-119.40294588479685,-317.79484585646617,-422.34342000415916,416.8897329977107,336.1393354824821,2,5,-106.51214326522927,-0.6741274890204384,-1615.6924711561458,-1586.7766743801135
1.3,0.65,1.5,60.0,60.0,15.0,158,4,-177.40294588479685,-371.79484585646617,-526.3434200041592,376.8897329977107,276.1393354824821,2,5,-422.51214326522927,-2.6741274890204383,-1615.6924711561458,-1586.7766743801135
1.3,0.65,1.5,60.0,60.0,15.0,158,6,-235.40294588479685,-425.79484585646617,-630.3434200041592,336.8897329977107,216.1393354824821,2,5,-738.5121432652293,-4.674127489020439,-1615.6924711561458,-1586.7766743801135
1.3,0.65,1.5,60.0,60.0,15.0,158,8,-293.40294588479685,-479.79484585646617,-734.3434200041592,296.8897329977107,156.1393354824821,2,5,-1054.5121432652293,-6.674127489020439,-1615.6924711561458,-1586.7766743801135
1.3,0.65,1.5,60.0,60.0,15.0,158,10,-351.40294588479685,-533.7948458564662,-838.3434200041592,256.8897329977107,96.1393354824821,2,5,-1370.5121432652293,-8.674127489020439,-1615.6924711561458,-1586.7766743801135
1.3,0.65,1.5,60.0,60.0,15.0,158,12,-409.40294588479685,-587.7948458564662,-942.3434200041592,216.88973299771072,36.139335482482096,2,5,-1686.5121432652293,-10.674127489020439,-1615.6924711561458,-1586.7766743801135
1.3,0.65,1.5,60.0,60.0,25.0,150,0,-10.958254394099868,-312.11157795125644,-879.285567804184,473.5931733262597,361.47746275991454,2,5,-367.2847640633656,-2.448565093755771,-2070.173930178956,-2102.903056664428
1.3,0.65,1.5,60.0,60.0,25.0,150,2,-66.95825439409987,-362.11157795125644,-975.285567804184,433.5931733262597,303.47746275991454,2,5,-667.2847640633656,-4.448565093755771,-2070.173930178956,-2102.903056664428
1.3,0.65,1.5,60.0,60.0,25.0,150,4,-122.95825439409987,-412.11157795125644,-1071.285567804184,393.5931733262597,245.47746275991454,2,5,-967.2847640633656,-6.448565093755771,-2070.173930178956,-2102.903056664428
1.3,0.65,1.5,60.0,60.0,25.0,150,6,-178.95825439409987,-462.11157795125644,-1167.285567804184,353.5931733262597,187.47746275991454,2,5,-1267.2847640633656,-8.448565093755771,-2070.173930178956,-2102.903056664428
1.3,0.65,1.5,60.0,60.0,25.0,150,8,-234.95825439409987,-512.1115779512564,-1263.285567804184,313.5931733262597,129.47746275991454,2,5,-1567.2847640633656,-10.448565093755771,-2070.173930178956,-2102.903056664428
1.3,0.65,1.5,60.0,60.0,25.0,150,10,-290.95825439409987,-562.1115779512564,-1359.285567804184,273.5931733262597,71.47746275991456,2,5,-1867.2847640633656,-12.448565093755771,-2070.173930178956,-2102.903056664428
1.3,0.65,1.5,60.0,60.0,25.0,150,12,-346.95825439409987,-612.1115779512564,-1455.285567804184,233.59317332625972,13.477462759914559,2,5,-2167.2847640633654,-14.44856509375577,-2070.173930178956,-2102.903056664428
1.3,0.65,1.5,60.0,60.0,35.0,149,0,-151.4557995003404,-280.2153511010076,-776.9237441512491,550.9015600577391,334.6712935978358,2,5,-323.02204109702234,-2.167933161724982,-2003.7612393009308,-2136.669006320748
1.3,0.65,1.5,60.0,60.0,35.0,149,2,-205.4557995003404,-330.2153511010076,-872.9237441512491,510.9015600577391,276.6712935978358,2,5,-621.0220410970223,-4.167933161724982,-2003.7612393009308,-2136.669006320748
1.3,0.65,1.5,60.0,60.0,35.0,149,4,-259.4557995003404,-380.2153511010076,-968.9237441512491,470.9015600577391,218.6712935978358,2,5,-919.0220410970223,-6.167933161724982,-2003.7612393009308,-2136.669006320748
1.3,0.65,1.5,60.0,60.0,35.0,149,6,-313.4557995003404,-430.2153511010076,-1064.9237441512491,430.9015600577391,160.6712935978358,2,5,-1217.0220410970223,-8.167933161724982,-2003.7612393009308,-2136.669006320748
1.3,0.65,1.5,60.0,60.0,35.0,149,8,-367.4557995003404,-480.2153511010076,-1160.9237441512491,390.9015600577391,102.6712935978358,2,5,-1515.0220410970223,-10.167933161724982,-2003.7612393009308,-2136.669006320748
1.3,0.65,1.5,60.0,60.0,35.0,149,10,-421.4557995003404,-530.2153511010076,-1256.9237441512491,350.9015600577391,44.6712935978358,2,5,-1813.0220410970223,-12.167933161724982,-2003.7612393009308,-2136.669006320748
1.3,0.65,1.5,60.0,60.0,35.0,149,12,-475.4557995003404,-580.2153511010076,-1352.9237441512491,310.9015600577391,-13.328706402164201,1,5,-2111.0220410970223,-14.167933161724982,-2003.7612393009308,-2136.669006320748
1.3,0.65,1.5,60.0,60.0,50.0,147,0,-388.3077521062006,-223.43633730424818,-716.9242341406043,496.8064752699526,302.9558110390165,2,5,-528.906037242084,-3.5980002533475104,-2194.932304461993,-2279.908624960949
1.3,0.65,1.5,60.0,60.0,50.0,147,2,-440.3077521062006,-273.4363373042482,-810.9242341406043,456.8064752699526,244.9558110390165,2,5,-822.906037242084,-5.598000253347511,-2194.932304461993,-2279.908624960949
1.3,0.65,1.5,60.0,60.0,50.0,147,4,-492.3077521062006,-323.4363373042482,-904.9242341406043,416.8064752699526,186.9558110390165,2,5,-1116.906037242084,-7.598000253347511,-2194.932304461993,-2279.908624960949
1.3,0.65,1.5,60.0,60.0,50.0,147,6,-544.3077521062006,-373.4363373042482,-998.9242341406043,376.8064752699526,128.9558110390165,2,5,-1410.906037242084,-9.59800025334751,-2194.932304461993,-2279.908624960949
1.3,0.65,1.5,60.0,60.0,50.0,147,8,-596.3077521062006,-423.4363373042482,-1092.9242341406043,336.8064752699526,70.95581103901652,2,5,-1704.906037242084,-11.59800025334751,-2194.932304461993,-2279.908624960949
1.3,0.65,1.5,60.0,60.0,50.0,147,10,-648.3077521062006,-473.4363373042482,-1186.9242341406043,296.8064752699526,12.955811039016524,2,5,-1998.906037242084,-13.59800025334751,-2194.932304461993,-2279.908624960949
1.3,0.65,1.5,60.0,60.0,50.0,147,12,-700.3077521062006,-523.4363373042481,-1280.9242341406043,256.8064752699526,-45.044188960983476,1,5,-2292.906037242084,-15.59800025334751,-2194.932304461993,-2279.908624960949
1.3,0.65,1.5,90.0,20.0,15.0,163,0,-175.6448435384736,-87.26234788377553,13.818785657281182,192.03689775234008,58.818603088418,3,5,1.7670950757906212,0.010841074084605037,-1732.7799030984686,-1650.706449242132
1.3,0.65,1.5,90.0,20.0,15.0,163,2,-237.6448435384736,-147.26234788377553,-90.18121434271882,152.03689775234008,-1.1813969115819987,1,5,-324.2329049242094,-1.989158925915395,-1732.7799030984686,-1650.706449242132
1.3,0.65,1.5,90.0,20.0,15.0,163,4,-299.6448435384736,-207.26234788377553,-194.18121434271882,112.03689775234008,-61.181396911582,1,5,-650.2329049242094,-3.989158925915395,-1732.7799030984686,-1650.706449242132
1.3,0.65,1.5,90.0,20.0,15.0,163,6,-361.6448435384736,-267.26234788377553,-298.1812143427188,72.03689775234008,-121.181396911582,1,5,-976.2329049242094,-5.989158925915395,-1732.7799030984686,-1650.706449242132
1.3,0.65,1.5,90.0,20.0,15.0,163,8,-423.6448435384736,-327.26234788377553,-402.1812143427188,32.03689775234009,-181.181396911582,1,5,-1302.2329049242094,-7.989158925915395,-1732.7799030984686,-1650.706449242132
1.3,0.65,1.5,90.0,20.0,15.0,163,10,-485.6448435384736,-387.26234788377553,-506.1812143427188,-7.963102247659911,-241.181396911582,0,5,-1628.2329049242094,-9.989158925915396,-1732.7799030984686,-1650.706449242132
1.3,0.65,1.5,90.0,20.0,15.0,163,12,-547.6448435384737,-447.26234788377553,-610.1812143427188,-47.96310224765991,-301.181396911582,0,5,-1954.2329049242094,-11.989158925915396,-1732.7799030984686,-1650.706449242132
1.3,0.65,1.5,90.0,20.0,25.0,157,0,-24.436907582826848,6.188109664238539,-370.8040320161856,175.5302920592187,26.559854550508362,3,5,-186.96268332504656,-1.1908451167200418,-1861.5096814993055,-1763.7657226325218
1.3,0.65,1.5,90.0,20.0,25.0,157,2,-86.43690758282685,-51.81189033576146,-466.8040320161856,135.5302920592187,-31.440145449491638,1,5,-500.96268332504656,-3.1908451167200416,-1861.5096814993055,-1763.7657226325218
1.3,0.65,1.5,90.0,20.0,25.0,157,4,-148.43690758282685,-109.81189033576146,-562.8040320161856,95.53029205921872,-89.44014544949164,1,5,-814.9626833250466,-5.190845116720042,-1861.5096814993055,-1763.7657226325218
1.3,0.65,1.5,90.0,20.0,25.0,157,6,-210.43690758282685,-167.81189033576146,-658.8040320161856,55.53029205921872,-147.44014544949164,1,5,-1128.9626833250466,-7.190845116720042,-1861.5096814993055,-1763.7657226325218
1.3,0.65,1.5,90.0,20.0,25.0,157,8,-272.43690758282685,-225.81189033576146,-754.8040320161856,15.53029205921872,-205.44014544949164,1,5,-1442.9626833250466,-9.190845116720041,-1861.5096814993055,-1763.7657226325218
1.3,0.65,1.5,90.0,20.0,25.0,157,10,-334.43690758282685,-283.81189033576146,-850.8040320161856,-24.46970794078128,-263.44014544949164,0,5,-1756.9626833250466,-11.190845116720041,-1861.5096814993055,-1763.7657226325218
1.3,0.65,1.5,90.0,20.0,25.0,157,12,-396.43690758282685,-341.81189033576146,-946.8040320161856,-64.46970794078128,-321.44014544949164,0,5,-2070.962683325047,-13.190845116720043,-1861.5096814993055,-1763.7657226325218
1.3,0.65,1.5,90.0,20.0,35.0,156,0,-59.38870710009104,16.650997437511705,-364.16974344139066,215.17686771471338,-31.79902612252971,2,5,-223.52961151178624,-1.4328821250755528,-1888.0766096860452,-1812.2078161678185
1.3,0.65,1.5,90.0,20.0,35.0,156,2,-119.38870710009104,-41.349002562488295,-460.16974344139066,175.17686771471338,-89.79902612252971,1,5,-535.5296115117862,-3.432882125075553,-1888.0766096860452,-1812.2078161678185
1.3,0.65,1.5,90.0,20.0,35.0,156,4,-179.38870710009104,-99.3490025624883,-556.1697434413907,135.17686771471338,-147.7990261225297,1,5,-847.5296115117862,-5.432882125075553,-1888.0766096860452,-1812.2078161678185
1.3,0.65,1.5,90.0,20.0,35.0,156,6,-239.38870710009104,-157.3490025624883,-652.1697434413907,95.17686771471338,-205.7990261225297,1,5,-1159.5296115117862,-7.432882125075553,-1888.0766096860452,-1812.2078161678185
1.3,0.65,1.5,90.0,20.0,35.0,156,8,-299.38870710009104,-215.3490025624883,-748.1697434413907,55.17686771471339,-263.7990261225297,1,5,-1471.5296115117862,-9.432882125075553,-1888.0766096860452,-1812.2078161678185
1.3,0.65,1.5,90.0,20.0,35.0,156,10,-359.38870710009104,-273.3490025624883,-844.1697434413907,15.176867714713389,-321.7990261225297,1,5,-1783.5296115117862,-11.432882125075553,-1888.0766096860452,-1812.2078161678185
1.3,0.65,1.5,90.0,20.0,35.0,156,12,-419.38870710009104,-331.3490025624883,-940.1697434413907,-24.82313228528661,-379.7990261225297,0,5,-2095.5296115117862,-13.432882125075553,-1888.0766096860452,-1812.2078161678185
1.3,0.65,1.5,90.0,20.0,50.0,154,0,160.1614619653413,-11.065281463622057,-251.34503814447885,152.6813954928844,-40.98718937842449,2,5,9.4453484717003,0.061333431634417526,-1761.725712119619,-1764.6585530633458
1.3,0.65,1.5,90.0,20.0,50.0,154,2,102.16146196534129,-69.06528146362206,-345.34503814447885,112.6813954928844,-98.98718937842449,2,5,-298.5546515282997,-1.9386665683655824,-1761.725712119619,-1764.6585530633458
1.3,0.65,1.5,90.0,20.0,50.0,154,4,44.16146196534129,-127.06528146362206,-439.34503814447885,72.6813954928844,-156.9871893784245,2,5,-606.5546515282997,-3.9386665683655826,-1761.725712119619,-1764.6585530633458
1.3,0.65,1.5,90.0,20.0,50.0,154,6,-13.838538034658711,-185.06528146362206,-533.3450381444788,32.6813954928844,-214.9871893784245,1,5,-914.5546515282997,-5.938666568365583,-1761.725712119619,-1764.6585530633458
1.3,0.65,1.5,90.0,20.0,50.0,154,8,-71.83853803465871,-243.06528146362206,-627.3450381444788,-7.318604507115602,-272.9871893784245,0,5,-1222.5546515282997,-7.938666568365583,-1761.725712119619,-1764.6585530633458
1.3,0.65,1.5,90.0,20.0,50.0,154,10,-129.8385380346587,-301.06528146362206,-721.3450381444788,-47.3186045071156,-330.9871893784245,0,5,-1530.5546515282997,-9.938666568365582,-1761.725712119619,-1764.6585530633458
1.3,0.65,1.5,90.0,20.0,50.0,154,12,-187.8385380346587,-359.06528146362206,-815.3450381444788,-87.3186045071156,-388.9871893784245,0,5,-1838.5546515282997,-11.938666568365582,-1761.725712119619,-1764.6585530633458
1.3,0.65,1.5,90.0,30.0,15.0,162,0,-242.87796121348958,-126.65909876100375,51.934139884118,207.11363924359586,139.21856168226273,3,5,28.729280835482996,0.1773412397252037,-1737.9658783249922,-1665.2719480737674
1.3,0.65,1.5,90.0,30.0,15.0,162,2,-304.8779612134896,-184.65909876100375,-52.065860115882,167.11363924359586,79.21856168226273,2,5,-295.270719164517,-1.8226587602747963,-1737.9658783249922,-1665.2719480737674
1.3,0.65,1.5,90.0,30.0,15.0,162,4,-366.8779612134896,-242.65909876100375,-156.065860115882,127.11363924359586,19.21856168226273,2,5,-619.270719164517,-3.822658760274796,-1737.9658783249922,-1665.2719480737674
1.3,0.65,1.5,90.0,30.0,15.0,162,6,-428.8779612134896,-300.65909876100375,-260.065860115882,87.11363924359586,-40.78143831773727,1,5,-943.270719164517,-5.822658760274797,-1737.9658783249922,-1665.2719480737674
1.3,0.65,1.5,90.0,30.0,15.0,162,8,-490.8779612134896,-358.65909876100375,-364.065860115882,47.113639243595856,-100.78143831773727,1,5,-1267.270719164517,-7.822658760274797,-1737.9658783249922,-1665.2719480737674
1.3,0.65,1.5,90.0,30.0,15.0,162,10,-552.8779612134896,-416.65909876100375,-468.065860115882,7.113639243595856,-160.78143831773727,1,5,-1591.270719164517,-9.822658760274797,-1737.9658783249922,-1665.2719480737674
1.3,0.65,1.5,90.0,30.0,15.0,162,12,-614.8779612134896,-474.65909876100375,-572.0658601158821,-32.886360756404144,-220.78143831773727,0,5,-1915.270719164517,-11.822658760274797,-1737.9658783249922,-1665.2719480737674
1.3,0.65,1.5,90.0,30.0,25.0,155,0,-100.64722096266831,-59.045001719508775,-497.0493024369274,338.36448378687066,66.7594767696998,2,5,-251.61756456253397,-1.6233391262098966,-1948.3127237230087,-1830.571358257287
1.3,0.65,1.5,90.0,30.0,25.0,155,2,-160.6472209626683,-115.04500171950878,-593.0493024369274,298.36448378687066,8.759476769699802,2,5,-561.617564562534,-3.6233391262098964,-1948.3127237230087,-1830.571358257287
1.3,0.65,1.5,90.0,30.0,25.0,155,4,-220.6472209626683,-171.04500171950878,-689.0493024369274,258.36448378687066,-49.2405232303002,1,5,-871.617564562534,-5.623339126209896,-1948.3127237230087,-1830.571358257287
1.3,0.65,1.5,90.0,30.0,25.0,155,6,-280.6472209626683,-227.04500171950878,-785.0493024369274,218.36448378687066,-107.2405232303002,1,5,-1181.617564562534,-7.623339126209896,-1948.3127237230087,-1830.571358257287
1.3,0.65,1.5,90.0,30.0,25.0,155,8,-340.6472209626683,-283.0450017195088,-881.0493024369274,178.36448378687066,-165.2405232303002,1,5,-1491.617564562534,-9.623339126209897,-1948.3127237230087,-1830.571358257287
1.3,0.65,1.5,90.0,30.0,25.0,155,10,-400.6472209626683,-339.0450017195088,-977.0493024369274,138.36448378687066,-223.2405232303002,1,5,-1801.617564562534,-11.623339126209897,-1948.3127237230087,-1830.571358257287
1.3,0.65,1.5,90.0,30.0,25.0,155,12,-460.6472209626683,-395.0450017195088,-1073.0493024369275,98.36448378687066,-281.2405232303002,1,5,-2111.617564562534,-13.623339126209897,-1948.3127237230087,-1830.571358257287
1.3,0.65,1.5,90.0,30.0,35.0,153,0,-351.13540832665444,-37.492799028072454,-395.56152378401293,416.9459544024297,14.857475042225985,2,5,-352.38630169408407,-2.303178442444994,-2029.081460854559,-2001.8363751129089
1.3,0.65,1.5,90.0,30.0,35.0,153,2,-407.13540832665444,-93.49279902807245,-491.56152378401293,376.9459544024297,-43.142524957774015,1,5,-658.3863016940841,-4.3031784424449935,-2029.081460854559,-2001.8363751129089
1.3,0.65,1.5,90.0,30.0,35.0,153,4,-463.13540832665444,-149.49279902807245,-587.5615237840129,336.9459544024297,-101.14252495777401,1,5,-964.3863016940841,-6.3031784424449935,-2029.081460854559,-2001.8363751129089
1.3,0.65,1.5,90.0,30.0,35.0,153,6,-519.1354083266544,-205.49279902807245,-683.5615237840129,296.9459544024297,-159.14252495777401,1,5,-1270.386301694084,-8.303178442444993,-2029.081460854559,-2001.8363751129089
1.3,0.65,1.5,90.0,30.0,35.0,153,8,-575.1354083266544,-261.49279902807245,-779.5615237840129,256.9459544024297,-217.14252495777401,1,5,-1576.386301694084,-10.303178442444993,-2029.081460854559,-2001.8363751129089
1.3,0.65,1.5,90.0,30.0,35.0,153,10,-631.1354083266544,-317.49279902807245,-875.5615237840129,216.9459544024297,-275.142524957774,1,5,-1882.386301694084,-12.303178442444993,-2029.081460854559,-2001.8363751129089
1.3,0.65,1.5,90.0,30.0,35.0,153,12,-687.1354083266544,-373.49279902807245,-971.5615237840129,176.9459544024297,-333.142524957774,1,5,-2188.386301694084,-14.303178442444993,-2029.081460854559,-2001.8363751129089
1.3,0.65,1.5,90.0,30.0,50.0,151,0,-216.46079205424462,-62.55204700626649,-304.2579996477949,354.4504821806007,-38.42102720986486,1,5,-267.24138373757023,-1.7698104883282797,-2027.2132213537232,-2115.478606823009
1.3,0.65,1.5,90.0,30.0,50.0,151,2,-270.4607920542446,-118.55204700626649,-398.2579996477949,314.4504821806007,-96.42102720986486,1,5,-569.2413837375702,-3.7698104883282797,-2027.2132213537232,-2115.478606823009
1.3,0.65,1.5,90.0,30.0,50.0,151,4,-324.4607920542446,-174.5520470062665,-492.2579996477949,274.4504821806007,-154.42102720986486,1,5,-871.2413837375702,-5.76981048832828,-2027.2132213537232,-2115.478606823009
1.3,0.65,1.5,90.0,30.0,50.0,151,6,-378.4607920542446,-230.5520470062665,-586.2579996477949,234.45048218060074,-212.42102720986486,1,5,-1173.2413837375702,-7.76981048832828,-2027.2132213537232,-2115.478606823009
1.3,0.65,1.5,90.0,30.0,50.0,151,8,-432.4607920542446,-286.5520470062665,-680.2579996477949,194.45048218060074,-270.42102720986486,1,5,-1475.2413837375702,-9.769810488328279,-2027.2132213537232,-2115.478606823009
1.3,0.65,1.5,90.0,30.0,50.0,151,10,-486.4607920542446,-342.5520470062665,-774.2579996477949,154.45048218060074,-328.42102720986486,1,5,-1777.2413837375702,-11.769810488328279,-2027.2132213537232,-2115.478606823009
1.3,0.65,1.5,90.0,30.0,50.0,151,12,-540.4607920542446,-398.5520470062665,-868.2579996477949,114.45048218060074,-386.42102720986486,1,5,-2079.2413837375702,-13.769810488328279,-2027.2132213537232,-2115.478606823009
1.3,0.65,1.5,90.0,40.0,15.0,160,0,-20.937153105818822,-111.9061811872445,-181.59541377514222,264.0252249870064,170.25787377764533,2,5,119.8443506964461,0.7490271918527881,-1657.9947441122122,-1705.9407070343243
1.3,0.65,1.5,90.0,40.0,15.0,160,2,-80.93715310581882,-167.9061811872445,-285.5954137751422,224.02522498700642,110.25787377764533,2,5,-200.1556493035539,-1.2509728081472118,-1657.9947441122122,-1705.9407070343243
1.3,0.65,1.5,90.0,40.0,15.0,160,4,-140.93715310581882,-223.9061811872445,-389.5954137751422,184.02522498700642,50.25787377764533,2,5,-520.1556493035539,-3.250972808147212,-1657.9947441122122,-1705.9407070343243
1.3,0.65,1.5,90.0,40.0,15.0,160,6,-200.93715310581882,-279.9061811872445,-493.5954137751422,144.02522498700642,-9.74212622235467,1,5,-840.1556493035539,-5.250972808147212,-1657.9947441122122,-1705.9407070343243
1.3,0.65,1.5,90.0,40.0,15.0,160,8,-260.9371531058188,-335.9061811872445,-597.5954137751422,104.02522498700641,-69.74212622235467,1,5,-1160.155649303554,-7.250972808147212,-1657.9947441122122,-1705.9407070343243
1.3,0.65,1.5,90.0,40.0,15.0,160,10,-320.9371531058188,-391.9061811872445,-701.5954137751422,64.02522498700641,-129.74212622235467,1,5,-1480.155649303554,-9.250972808147212,-1657.9947441122122,-1705.9407070343243
1.3,0.65,1.5,90.0,40.0,15.0,160,12,-380.9371531058188,-447.9061811872445,-805.5954137751422,24.02522498700641,-189.74212622235467,1,5,-1800.155649303554,-11.250972808147212,-1657.9947441122122,-1705.9407070343243
1.3,0.65,1.5,90.0,40.0,25.0,152,0,61.818049868515686,-87.42743278233576,-691.4200148145087,304.44724024231493,183.79687674466118,3,5,-228.7852807413526,-1.5051663206667936,-1979.5545661462695,-2043.9343708173203
1.3,0.65,1.5,90.0,40.0,25.0,152,2,3.8180498685156863,-139.42743278233576,-787.4200148145087,264.44724024231493,125.79687674466118,3,5,-532.7852807413526,-3.5051663206667936,-1979.5545661462695,-2043.9343708173203
1.3,0.65,1.5,90.0,40.0,25.0,152,4,-54.181950131484314,-191.42743278233576,-883.4200148145087,224.4472402423149,67.79687674466118,2,5,-836.7852807413526,-5.505166320666794,-1979.5545661462695,-2043.9343708173203
1.3,0.65,1.5,90.0,40.0,25.0,152,6,-112.18195013148431,-243.42743278233576,-979.4200148145087,184.4472402423149,9.796876744661176,2,5,-1140.7852807413526,-7.505166320666794,-1979.5545661462695,-2043.9343708173203
1.3,0.65,1.5,90.0,40.0,25.0,152,8,-170.1819501314843,-295.42743278233576,-1075.4200148145087,144.4472402423149,-48.203123255338824,1,5,-1444.7852807413526,-9.505166320666794,-1979.5545661462695,-2043.9343708173203
1.3,0.65,1.5,90.0,40.0,25.0,152,10,-228.1819501314843,-347.42743278233576,-1171.4200148145087,104.4472402423149,-106.20312325533882,1,5,-1748.7852807413526,-11.505166320666794,-1979.5545661462695,-2043.9343708173203
1.3,0.65,1.5,90.0,40.0,25.0,152,12,-286.1819501314843,-399.42743278233576,-1267.4200148145087,64.4472402423149,-164.20312325533882,1,5,-2052.785280741353,-13.505166320666795,-1979.5545661462695,-2043.9343708173203
1.3,0.65,1.5,90.0,40.0,35.0,150,0,-148.3979712720585,-39.704195703176026,-616.7578285184015,347.6730469198459,142.15271858949512,2,5,-315.0342299842955,-2.1002281998953034,-2030.442136027176,-2191.530053275122
1.3,0.65,1.5,90.0,40.0,35.0,150,2,-202.3979712720585,-91.70419570317603,-712.7578285184015,307.6730469198459,84.15271858949512,2,5,-615.0342299842955,-4.100228199895303,-2030.442136027176,-2191.530053275122
1.3,0.65,1.5,90.0,40.0,35.0,150,4,-256.3979712720585,-143.70419570317603,-808.7578285184015,267.6730469198459,26.152718589495123,2,5,-915.0342299842955,-6.100228199895303,-2030.442136027176,-2191.530053275122
1.3,0.65,1.5,90.0,40.0,35.0,150,6,-310.3979712720585,-195.70419570317603,-904.7578285184015,227.67304691984586,-31.847281410504877,1,5,-1215.0342299842955,-8.100228199895303,-2030.442136027176,-2191.530053275122
1.3,0.65,1.5,90.0,40.0,35.0,150,8,-364.3979712720585,-247.70419570317603,-1000.7578285184015,187.67304691984586,-89.84728141050488,1,5,-1515.0342299842955,-10.100228199895303,-2030.442136027176,-2191.530053275122
1.3,0.65,1.5,90.0,40.0,35.0,150,10,-418.3979712720585,-299.704195703176,-1096.7578285184015,147.67304691984586,-147.84728141050488,1,5,-1815.0342299842955,-12.100228199895303,-2030.442136027176,-2191.530053275122
1.3,0.65,1.5,90.0,40.0,35.0,150,12,-472.3979712720585,-351.704195703176,-1192.7578285184015,107.67304691984586,-205.84728141050488,1,5,-2115.0342299842955,-14.100228199895303,-2030.442136027176,-2191.530053275122
1.3,0.65,1.5,90.0,40.0,50.0,147,0,-238.600520243998,-50.628820552366165,-450.3591597880728,285.1775746980169,88.87421633740416,2,5,-365.536709549016,-2.4866442826463673,-2098.0565784262053,-2213.0493495217875
1.3,0.65,1.5,90.0,40.0,50.0,147,2,-290.600520243998,-102.62882055236616,-542.3591597880728,245.17757469801688,30.874216337404164,2,5,-659.536709549016,-4.486644282646368,-2098.0565784262053,-2213.0493495217875
1.3,0.65,1.5,90.0,40.0,50.0,147,4,-342.600520243998,-154.62882055236616,-634.3591597880728,205.17757469801688,-27.125783662595836,1,5,-953.536709549016,-6.486644282646368,-2098.0565784262053,-2213.0493495217875
1.3,0.65,1.5,90.0,40.0,50.0,147,6,-394.600520243998,-206.62882055236616,-726.3591597880728,165.17757469801688,-85.12578366259584,1,5,-1247.536709549016,-8.486644282646367,-2098.0565784262053,-2213.0493495217875
1.3,0.65,1.5,90.0,40.0,50.0,147,8,-446.600520243998,-258.62882055236616,-818.3591597880728,125.17757469801688,-143.12578366259584,1,5,-1541.536709549016,-10.486644282646367,-2098.0565784262053,-2213.0493495217875
1.3,0.65,1.5,90.0,40.0,50.0,147,10,-498.600520243998,-310.62882055236616,-910.3591597880728,85.17757469801688,-201.12578366259584,1,5,-1835.536709549016,-12.486644282646367,-2098.0565784262053,-2213.0493495217875
1.3,0.65,1.5,90.0,40.0,50.0,147,12,-550.6005202439981,-362.62882055236616,-1002.3591597880728,45.17757469801688,-259.12578366259584,1,5,-2129.536709549016,-14.486644282646367,-2098.0565784262053,-2213.0493495217875
1.3,0.65,1.5,90.0,60.0,15.0,158,0,-55.034047495794425,-53.03094054103627,-305.390228039298,447.94729801825457,371.5112507589341,2,5,406.00333270106034,2.569641346209243,-1401.8458963345795,-1542.8177148811012
1.3,0.65,1.5,90.0,60.0,15.0,158,2,-113.03404749579443,-107.03094054103627,-409.390228039298,407.94729801825457,311.5112507589341,2,5,90.00333270106034,0.5696413462092427,-1401.8458963345795,-1542.8177148811012
1.3,0.65,1.5,90.0,60.0,15.0,158,4,-171.03404749579443,-161.03094054103627,-513.390228039298,367.94729801825457,251.51125075893415,2,5,-225.99666729893966,-1.4303586537907573,-1401.8458963345795,-1542.8177148811012
1.3,0.65,1.5,90.0,60.0,15.0,158,6,-229.03404749579443,-215.03094054103627,-617.390228039298,327.94729801825457,191.51125075893415,2,5,-541.9966672989397,-3.430358653790757,-1401.8458963345795,-1542.8177148811012
1.3,0.65,1.5,90.0,60.0,15.0,158,8,-287.0340474957944,-269.0309405410363,-721.390228039298,287.94729801825457,131.51125075893415,2,5,-857.9966672989397,-5.4303586537907576,-1401.8458963345795,-1542.8177148811012
1.3,0.65,1.5,90.0,60.0,15.0,158,10,-345.0340474957944,-323.0309405410363,-825.390228039298,247.94729801825457,71.51125075893415,2,5,-1173.9966672989397,-7.4303586537907576,-1401.8458963345795,-1542.8177148811012
1.3,0.65,1.5,90.0,60.0,15.0,158,12,-403.0340474957944,-377.0309405410363,-929.390228039298,207.94729801825457,11.511250758934153,2,5,-1489.9966672989397,-9.430358653790757,-1401.8458963345795,-1542.8177148811012
1.3,0.65,1.5,90.0,60.0,25.0,150,0,46.76512153006669,-88.78621643464066,-784.6596773316835,459.9634332488882,473.8267790312108,3,5,107.10944004384123,0.7140629336256082,-1606.4402259000058,-1795.769904336462
1.3,0.65,1.5,90.0,60.0,25.0,150,2,-9.234878469933307,-138.78621643464066,-880.6596773316835,419.9634332488882,415.8267790312108,2,5,-192.89055995615877,-1.2859370663743919,-1606.4402259000058,-1795.769904336462
1.3,0.65,1.5,90.0,60.0,25.0,150,4,-65.2348784699333,-188.78621643464066,-976.6596773316835,379.9634332488882,357.8267790312108,2,5,-492.89055995615877,-3.285937066374392,-1606.4402259000058,-1795.769904336462
1.3,0.65,1.5,90.0,60.0,25.0,150,6,-121.2348784699333,-238.78621643464066,-1072.6596773316835,339.9634332488882,299.8267790312108,2,5,-792.8905599561588,-5.285937066374392,-1606.4402259000058,-1795.769904336462
1.3,0.65,1.5,90.0,60.0,25.0,150,8,-177.2348784699333,-288.78621643464066,-1168.6596773316835,299.9634332488882,241.8267790312108,2,5,-1092.8905599561588,-7.285937066374392,-1606.4402259000058,-1795.769904336462
1.3,0.65,1.5,90.0,60.0,25.0,150,10,-233.2348784699333,-338.78621643464066,-1264.6596773316835,259.9634332488882,183.8267790312108,2,5,-1392.8905599561588,-9.285937066374391,-1606.4402259000058,-1795.769904336462
1.3,0.65,1.5,90.0,60.0,25.0,150,12,-289.2348784699333,-388.78621643464066,-1360.6596773316835,219.96343324888818,125.8267790312108,2,5,-1692.8905599561588,-11.285937066374391,-1606.4402259000058,-1795.769904336462
1.3,0.65,1.5,90.0,60.0,35.0,149,0,-115.28656177006758,-56.88998958439191,-664.3624885629231,505.0060066554726,444.58809274433685,2,5,113.05505948242649,0.758758788472661,-1575.1332270993842,-1843.3585714279905
1.3,0.65,1.5,90.0,60.0,35.0,149,2,-169.28656177006758,-106.88998958439191,-760.3624885629231,465.0060066554726,386.58809274433685,2,5,-184.9449405175735,-1.241241211527339,-1575.1332270993842,-1843.3585714279905
1.3,0.65,1.5,90.0,60.0,35.0,149,4,-223.28656177006758,-156.8899895843919,-856.3624885629231,425.0060066554726,328.58809274433685,2,5,-482.9449405175735,-3.2412412115273392,-1575.1332270993842,-1843.3585714279905
1.3,0.65,1.5,90.0,60.0,35.0,149,6,-277.2865617700676,-206.8899895843919,-952.3624885629231,385.0060066554726,270.58809274433685,2,5,-780.9449405175735,-5.241241211527339,-1575.1332270993842,-1843.3585714279905
1.3,0.65,1.5,90.0,60.0,35.0,149,8,-331.2865617700676,-256.8899895843919,-1048.362488562923,345.0060066554726,212.58809274433685,2,5,-1078.9449405175735,-7.241241211527339,-1575.1332270993842,-1843.3585714279905
1.3,0.65,1.5,90.0,60.0,35.0,149,10,-385.2865617700676,-306.8899895843919,-1144.362488562923,305.0060066554726,154.58809274433685,2,5,-1376.9449405175735,-9.241241211527338,-1575.1332270993842,-1843.3585714279905
1.3,0.65,1.5,90.0,60.0,35.0,149,12,-439.2865617700676,-356.8899895843919,-1240.362488562923,265.0060066554726,96.58809274433685,2,5,-1674.9449405175735,-11.241241211527338,-1575.1332270993842,-1843.3585714279905
1.3,0.65,1.5,90.0,60.0,50.0,146,0,-185.76612416677602,36.199019378809766,-590.6915024494831,442.5105344336436,391.3095904922459,3,5,93.56151768844006,0.640832312934521,-1611.7387317276791,-1800.9870003654291
1.3,0.65,1.5,90.0,60.0,50.0,146,2,-237.76612416677602,-13.800980621190234,-682.6915024494831,402.5105344336436,333.3095904922459,2,5,-198.43848231155994,-1.359167687065479,-1611.7387317276791,-1800.9870003654291
1.3,0.65,1.5,90.0,60.0,50.0,146,4,-289.766124166776,-63.800980621190234,-774.6915024494831,362.5105344336436,275.3095904922459,2,5,-490.43848231155994,-3.359167687065479,-1611.7387317276791,-1800.9870003654291
1.3,0.65,1.5,90.0,60.0,50.0,146,6,-341.766124166776,-113.80098062119023,-866.6915024494831,322.5105344336436,217.3095904922459,2,5,-782.4384823115599,-5.359167687065479,-1611.7387317276791,-1800.9870003654291
1.3,0.65,1.5,90.0,60.0,50.0,146,8,-393.766124166776,-163.80098062119023,-958.6915024494831,282.5105344336436,159.3095904922459,2,5,-1074.43848231156,-7.359167687065479,-1611.7387317276791,-1800.9870003654291
1.3,0.65,1.5,90.0,60.0,50.0,146,10,-445.766124166776,-213.80098062119023,-1050.691502449483,242.5105344336436,101.30959049224587,2,5,-1366.43848231156,-9.35916768706548,-1611.7387317276791,-1800.9870003654291
1.3,0.65,1.5,90.0,60.0,50.0,146,12,-497.766124166776,-263.8009806211902,-1142.691502449483,202.5105344336436,43.309590492245874,2,5,-1658.43848231156,-11.35916768706548,-1611.7387317276791,-1800.9870003654291
1.3,0.65,1.5,120.0,20.0,15.0,163,0,-175.6448435384736,-118.36897359943259,13.818785657281182,192.03689775234008,58.818603088418,3,5,-29.339530639866553,-0.17999712048997885,-1763.8865288141258,-1666.2059833494
1.3,0.65,1.5,120.0,20.0,15.0,163,2,-237.6448435384736,-178.3689735994326,-90.18121434271882,152.03689775234008,-1.1813969115819987,1,5,-355.33953063986655,-2.179997120489979,-1763.8865288141258,-1666.2059833494
1.3,0.65,1.5,120.0,20.0,15.0,163,4,-299.6448435384736,-238.3689735994326,-194.18121434271882,112.03689775234008,-61.181396911582,1,5,-681.3395306398666,-4.179997120489979,-1763.8865288141258,-1666.2059833494
1.3,0.65,1.5,120.0,20.0,15.0,163,6,-361.6448435384736,-298.3689735994326,-298.1812143427188,72.03689775234008,-121.181396911582,1,5,-1007.3395306398666,-6.179997120489979,-1763.8865288141258,-1666.2059833494
1.3,0.65,1.5,120.0,20.0,15.0,163,8,-423.6448435384736,-358.3689735994326,-402.1812143427188,32.03689775234009,-181.181396911582,1,5,-1333.3395306398666,-8.179997120489979,-1763.8865288141258,-1666.2059833494
1.3,0.65,1.5,120.0,20.0,15.0,163,10,-485.6448435384736,-418.3689735994326,-506.1812143427188,-7.963102247659911,-241.181396911582,0,5,-1659.3395306398666,-10.179997120489979,-1763.8865288141258,-1666.2059833494
1.3,0.65,1.5,120.0,20.0,15.0,163,12,-547.6448435384737,-478.3689735994326,-610.1812143427188,-47.96310224765991,-301.181396911582,0,5,-1985.3395306398666,-12.179997120489979,-1763.8865288141258,-1666.2059833494
1.3,0.65,1.5,120.0,20.0,25.0,157,0,2.8547824440660747,-23.989322458035986,-370.8040320161856,175.5302920592187,26.559854550508362,3,5,-189.84842542042793,-1.20922563962056,-1864.3954235946871,-1753.3489834074285
1.3,0.65,1.5,120.0,20.0,25.0,157,2,-59.145217555933925,-81.98932245803599,-466.8040320161856,135.5302920592187,-31.440145449491638,1,5,-503.84842542042793,-3.20922563962056,-1864.3954235946871,-1753.3489834074285
1.3,0.65,1.5,120.0,20.0,25.0,157,4,-121.14521755593393,-139.98932245803599,-562.8040320161856,95.53029205921872,-89.44014544949164,1,5,-817.8484254204279,-5.20922563962056,-1864.3954235946871,-1753.3489834074285
1.3,0.65,1.5,120.0,20.0,25.0,157,6,-183.14521755593393,-197.98932245803599,-658.8040320161856,55.53029205921872,-147.44014544949164,1,5,-1131.848425420428,-7.20922563962056,-1864.3954235946871,-1753.3489834074285
1.3,0.65,1.5,120.0,20.0,25.0,157,8,-245.14521755593393,-255.98932245803599,-754.8040320161856,15.53029205921872,-205.44014544949164,1,5,-1445.848425420428,-9.20922563962056,-1864.3954235946871,-1753.3489834074285
1.3,0.65,1.5,120.0,20.0,25.0,157,10,-307.1452175559339,-313.989322458036,-850.8040320161856,-24.46970794078128,-263.44014544949164,0,5,-1759.848425420428,-11.20922563962056,-1864.3954235946871,-1753.3489834074285
1.3,0.65,1.5,120.0,20.0,25.0,157,12,-369.1452175559339,-371.989322458036,-946.8040320161856,-64.46970794078128,-321.44014544949164,0,5,-2073.8484254204277,-13.20922563962056,-1864.3954235946871,-1753.3489834074285
1.3,0.65,1.5,120.0,20.0,35.0,156,0,-32.09701707319806,-13.526434684762648,-366.4335852491786,215.17686771471338,-31.79902612252971,1,5,-228.67919541495553,-1.4658922783009969,-1893.2261935892147,-1819.7261049321864
1.3,0.65,1.5,120.0,20.0,35.0,156,2,-92.09701707319806,-71.52643468476265,-462.4335852491786,175.17686771471338,-89.79902612252971,1,5,-540.6791954149555,-3.465892278300997,-1893.2261935892147,-1819.7261049321864
1.3,0.65,1.5,120.0,20.0,35.0,156,4,-152.09701707319806,-129.52643468476265,-558.4335852491786,135.17686771471338,-147.7990261225297,1,5,-852.6791954149555,-5.465892278300997,-1893.2261935892147,-1819.7261049321864
1.3,0.65,1.5,120.0,20.0,35.0,156,6,-212.09701707319806,-187.52643468476265,-654.4335852491786,95.17686771471338,-205.7990261225297,1,5,-1164.6791954149555,-7.465892278300997,-1893.2261935892147,-1819.7261049321864
1.3,0.65,1.5,120.0,20.0,35.0,156,8,-272.09701707319806,-245.52643468476265,-750.4335852491786,55.17686771471339,-263.7990261225297,1,5,-1476.6791954149555,-9.465892278300997,-1893.2261935892147,-1819.7261049321864
1.3,0.65,1.5,120.0,20.0,35.0,156,10,-332.09701707319806,-303.52643468476265,-846.4335852491786,15.176867714713389,-321.7990261225297,1,5,-1788.6791954149555,-11.465892278300997,-1893.2261935892147,-1819.7261049321864
1.3,0.65,1.5,120.0,20.0,35.0,156,12,-392.09701707319806,-361.52643468476265,-942.4335852491786,-24.82313228528661,-379.7990261225297,0,5,-2100.6791954149558,-13.465892278300998,-1893.2261935892147,-1819.7261049321864
1.3,0.65,1.5,120.0,20.0,50.0,154,0,222.0956682383312,-85.10004285417887,-253.60887995226676,152.6813954928844,-36.05856898854802,2,5,0.009571936222300792,6.21554300149402e-05,-1831.2664825236725,-1802.3152132191
1.3,0.65,1.5,120.0,20.0,50.0,154,2,164.0956682383312,-143.10004285417887,-347.60887995226676,112.6813954928844,-94.05856898854802,2,5,-307.9904280637777,-1.9999378445699851,-1831.2664825236725,-1802.3152132191
1.3,0.65,1.5,120.0,20.0,50.0,154,4,106.0956682383312,-201.10004285417887,-441.60887995226676,72.6813954928844,-152.05856898854802,2,5,-615.9904280637777,-3.999937844569985,-1831.2664825236725,-1802.3152132191
1.3,0.65,1.5,120.0,20.0,50.0,154,6,48.0956682383312,-259.10004285417887,-535.6088799522668,32.6813954928844,-210.05856898854802,2,5,-923.9904280637777,-5.999937844569985,-1831.2664825236725,-1802.3152132191
1.3,0.65,1.5,120.0,20.0,50.0,154,8,-9.9043317616688,-317.10004285417887,-629.6088799522668,-7.318604507115602,-268.058568988548,0,5,-1231.9904280637777,-7.999937844569985,-1831.2664825236725,-1802.3152132191
1.3,0.65,1.5,120.0,20.0,50.0,154,10,-67.9043317616688,-375.10004285417887,-723.6088799522668,-47.3186045071156,-326.058568988548,0,5,-1539.9904280637777,-9.999937844569985,-1831.2664825236725,-1802.3152132191
1.3,0.65,1.5,120.0,20.0,50.0,154,12,-125.9043317616688,-433.10004285417887,-817.6088799522668,-87.3186045071156,-384.058568988548,0,5,-1847.9904280637777,-11.999937844569985,-1831.2664825236725,-1802.3152132191
1.3,0.65,1.5,120.0,30.0,15.0,162,0,-242.87796121348958,-157.7657244766608,71.0376052772379,207.11363924359586,139.21856168226273,3,5,16.726120512945954,0.1032476574873207,-1749.9690386475293,-1661.6680167879151
1.3,0.65,1.5,120.0,30.0,15.0,162,2,-304.8779612134896,-215.7657244766608,-32.9623947227621,167.11363924359586,79.21856168226273,2,5,-307.27387948705405,-1.8967523425126793,-1749.9690386475293,-1661.6680167879151
1.3,0.65,1.5,120.0,30.0,15.0,162,4,-366.8779612134896,-273.7657244766608,-136.9623947227621,127.11363924359586,19.21856168226273,2,5,-631.273879487054,-3.8967523425126793,-1749.9690386475293,-1661.6680167879151
1.3,0.65,1.5,120.0,30.0,15.0,162,6,-428.8779612134896,-331.7657244766608,-240.9623947227621,87.11363924359586,-40.78143831773727,1,5,-955.273879487054,-5.896752342512679,-1749.9690386475293,-1661.6680167879151
1.3,0.65,1.5,120.0,30.0,15.0,162,8,-490.8779612134896,-389.7657244766608,-344.9623947227621,47.113639243595856,-100.78143831773727,1,5,-1279.273879487054,-7.896752342512679,-1749.9690386475293,-1661.6680167879151
1.3,0.65,1.5,120.0,30.0,15.0,162,10,-552.8779612134896,-447.7657244766608,-448.9623947227621,7.113639243595856,-160.78143831773727,1,5,-1603.273879487054,-9.896752342512679,-1749.9690386475293,-1661.6680167879151
1.3,0.65,1.5,120.0,30.0,15.0,162,12,-614.8779612134896,-505.7657244766608,-552.9623947227622,-32.886360756404144,-220.78143831773727,0,5,-1927.273879487054,-11.896752342512679,-1749.9690386475293,-1661.6680167879151
1.3,0.65,1.5,120.0,30.0,25.0,155,0,-73.35553093577528,-89.22243384178313,-476.0771531118912,338.36448378687066,95.83484962641668,2,5,-204.4557844761623,-1.3190695772655632,-1901.1509436366373,-1797.191921183478
1.3,0.65,1.5,120.0,30.0,25.0,155,2,-133.35553093577528,-145.22243384178313,-572.0771531118912,298.36448378687066,37.834849626416684,2,5,-514.4557844761623,-3.319069577265563,-1901.1509436366373,-1797.191921183478
1.3,0.65,1.5,120.0,30.0,25.0,155,4,-193.35553093577528,-201.22243384178313,-668.0771531118912,258.36448378687066,-20.165150373583316,1,5,-824.4557844761623,-5.319069577265563,-1901.1509436366373,-1797.191921183478
1.3,0.65,1.5,120.0,30.0,25.0,155,6,-253.35553093577528,-257.22243384178313,-764.0771531118912,218.36448378687066,-78.16515037358332,1,5,-1134.4557844761623,-7.319069577265563,-1901.1509436366373,-1797.191921183478
1.3,0.65,1.5,120.0,30.0,25.0,155,8,-313.3555309357753,-313.22243384178313,-860.0771531118912,178.36448378687066,-136.16515037358332,1,5,-1444.4557844761623,-9.319069577265564,-1901.1509436366373,-1797.191921183478
1.3,0.65,1.5,120.0,30.0,25.0,155,10,-373.3555309357753,-369.22243384178313,-956.0771531118912,138.36448378687066,-194.16515037358332,1,5,-1754.4557844761623,-11.319069577265564,-1901.1509436366373,-1797.191921183478
1.3,0.65,1.5,120.0,30.0,25.0,155,12,-433.3555309357753,-425.22243384178313,-1052.0771531118912,98.36448378687066,-252.16515037358332,1,5,-2064.455784476162,-13.319069577265562,-1901.1509436366373,-1797.191921183478
1.3,0.65,1.5,120.0,30.0,35.0,153,0,-323.8437182997616,-67.67023115034681,-377.10578980037826,416.9459544024297,43.93284789894301,2,5,-307.74093694911403,-2.0113786728700265,-1984.4360961095888,-1985.4118939882144
1.3,0.65,1.5,120.0,30.0,35.0,153,2,-379.8437182997616,-123.67023115034681,-473.10578980037826,376.9459544024297,-14.06715210105699,1,5,-613.740936949114,-4.011378672870026,-1984.4360961095888,-1985.4118939882144
1.3,0.65,1.5,120.0,30.0,35.0,153,4,-435.8437182997616,-179.6702311503468,-569.1057898003783,336.9459544024297,-72.06715210105699,1,5,-919.740936949114,-6.011378672870026,-1984.4360961095888,-1985.4118939882144
1.3,0.65,1.5,120.0,30.0,35.0,153,6,-491.8437182997616,-235.6702311503468,-665.1057898003783,296.9459544024297,-130.067152101057,1,5,-1225.740936949114,-8.011378672870027,-1984.4360961095888,-1985.4118939882144
1.3,0.65,1.5,120.0,30.0,35.0,153,8,-547.8437182997616,-291.6702311503468,-761.1057898003783,256.9459544024297,-188.067152101057,1,5,-1531.740936949114,-10.011378672870027,-1984.4360961095888,-1985.4118939882144
1.3,0.65,1.5,120.0,30.0,35.0,153,10,-603.8437182997616,-347.6702311503468,-857.1057898003783,216.9459544024297,-246.067152101057,1,5,-1837.740936949114,-12.011378672870027,-1984.4360961095888,-1985.4118939882144
1.3,0.65,1.5,120.0,30.0,35.0,153,12,-659.8437182997616,-403.6702311503468,-953.1057898003783,176.9459544024297,-304.067152101057,1,5,-2143.7409369491143,-14.011378672870029,-1984.4360961095888,-1985.4118939882144
1.3,0.65,1.5,120.0,30.0,50.0,151,0,-145.8625912719529,-136.5868083968233,-285.8022656641605,354.4504821806007,17.42549315868189,2,5,-196.37568999365362,-1.3005012582361166,-2025.1165159876837,-2072.833796699368
1.3,0.65,1.5,120.0,30.0,50.0,151,2,-199.8625912719529,-192.5868083968233,-379.8022656641605,314.4504821806007,-40.57450684131811,1,5,-498.3756899936536,-3.3005012582361166,-2025.1165159876837,-2072.833796699368
1.3,0.65,1.5,120.0,30.0,50.0,151,4,-253.8625912719529,-248.5868083968233,-473.8022656641605,274.4504821806007,-98.57450684131811,1,5,-800.3756899936536,-5.300501258236117,-2025.1165159876837,-2072.833796699368
1.3,0.65,1.5,120.0,30.0,50.0,151,6,-307.8625912719529,-304.5868083968233,-567.8022656641605,234.45048218060074,-156.5745068413181,1,5,-1102.3756899936536,-7.300501258236117,-2025.1165159876837,-2072.833796699368
1.3,0.65,1.5,120.0,30.0,50.0,151,8,-361.8625912719529,-360.5868083968233,-661.8022656641605,194.45048218060074,-214.5745068413181,1,5,-1404.3756899936536,-9.300501258236118,-2025.1165159876837,-2072.833796699368
1.3,0.65,1.5,120.0,30.0,50.0,151,10,-415.8625912719529,-416.5868083968233,-755.8022656641605,154.45048218060074,-272.5745068413181,1,5,-1706.3756899936536,-11.300501258236118,-2025.1165159876837,-2072.833796699368
1.3,0.65,1.5,120.0,30.0,50.0,151,12,-469.8625912719529,-472.5868083968233,-849.8022656641605,114.45048218060074,-330.5745068413181,1,5,-2008.3756899936536,-13.300501258236118,-2025.1165159876837,-2072.833796699368
1.3,0.65,1.5,120.0,40.0,15.0,160,0,-20.937153105818822,-143.0128069029015,-156.36577696663107,278.0482185614431,188.51405808113196,2,5,146.2465396672235,0.9140408729201468,-1631.5925551414348,-1679.5385180635471
1.3,0.65,1.5,120.0,40.0,15.0,160,2,-80.93715310581882,-199.0128069029015,-260.3657769666311,238.0482185614431,128.51405808113196,2,5,-173.7534603327765,-1.0859591270798532,-1631.5925551414348,-1679.5385180635471
1.3,0.65,1.5,120.0,40.0,15.0,160,4,-140.93715310581882,-255.0128069029015,-364.3657769666311,198.0482185614431,68.51405808113196,2,5,-493.7534603327765,-3.085959127079853,-1631.5925551414348,-1679.5385180635471
1.3,0.65,1.5,120.0,40.0,15.0,160,6,-200.93715310581882,-311.0128069029015,-468.3657769666311,158.0482185614431,8.514058081131964,2,5,-813.7534603327765,-5.085959127079853,-1631.5925551414348,-1679.5385180635471
1.3,0.65,1.5,120.0,40.0,15.0,160,8,-260.9371531058188,-367.0128069029015,-572.3657769666311,118.04821856144308,-51.485941918868036,1,5,-1133.7534603327765,-7.085959127079853,-1631.5925551414348,-1679.5385180635471
1.3,0.65,1.5,120.0,40.0,15.0,160,10,-320.9371531058188,-423.0128069029015,-676.3657769666311,78.04821856144308,-111.48594191886804,1,5,-1453.7534603327765,-9.085959127079853,-1631.5925551414348,-1679.5385180635471
1.3,0.65,1.5,120.0,40.0,15.0,160,12,-380.9371531058188,-479.0128069029015,-780.3657769666311,38.04821856144308,-171.48594191886804,1,5,-1773.7534603327765,-11.085959127079853,-1631.5925551414348,-1679.5385180635471
1.3,0.65,1.5,120.0,40.0,25.0,152,0,89.1097398954087,-117.60486490461017,-630.7578863664603,318.47023381675154,232.54949926335573,3,5,-108.23327829555456,-0.7120610414181221,-1886.2942537273643,-1951.603251991798
1.3,0.65,1.5,120.0,40.0,25.0,152,2,31.109739895408694,-169.60486490461017,-726.7578863664603,278.47023381675154,174.54949926335573,3,5,-412.23327829555456,-2.712061041418122,-1886.2942537273643,-1951.603251991798
1.3,0.65,1.5,120.0,40.0,25.0,152,4,-26.890260104591306,-221.60486490461017,-822.7578863664603,238.47023381675154,116.54949926335573,2,5,-716.2332782955546,-4.712061041418122,-1886.2942537273643,-1951.603251991798
1.3,0.65,1.5,120.0,40.0,25.0,152,6,-84.8902601045913,-273.60486490461017,-918.7578863664603,198.47023381675154,58.54949926335573,2,5,-1020.2332782955546,-6.712061041418122,-1886.2942537273643,-1951.603251991798
1.3,0.65,1.5,120.0,40.0,25.0,152,8,-142.8902601045913,-325.60486490461017,-1014.7578863664603,158.47023381675154,0.5494992633557274,2,5,-1324.2332782955546,-8.712061041418123,-1886.2942537273643,-1951.603251991798
1.3,0.65,1.5,120.0,40.0,25.0,152,10,-200.8902601045913,-377.60486490461017,-1110.7578863664603,118.47023381675156,-57.45050073664427,1,5,-1628.2332782955546,-10.712061041418123,-1886.2942537273643,-1951.603251991798
1.3,0.65,1.5,120.0,40.0,25.0,152,12,-258.89026010459133,-429.60486490461017,-1206.7578863664603,78.47023381675156,-115.45050073664427,1,5,-1932.2332782955546,-12.712061041418123,-1886.2942537273643,-1951.603251991798
1.3,0.65,1.5,120.0,40.0,35.0,150,0,-121.10628124516558,-69.88162782545044,-558.6121154117543,348.88491351971027,190.9053411081897,2,5,-209.80976985447091,-1.398731799029806,-1952.5093659242443,-2101.715349791001
1.3,0.65,1.5,120.0,40.0,35.0,150,2,-175.10628124516558,-121.88162782545044,-654.6121154117543,308.88491351971027,132.9053411081897,2,5,-509.8097698544709,-3.398731799029806,-1952.5093659242443,-2101.715349791001
1.3,0.65,1.5,120.0,40.0,35.0,150,4,-229.10628124516558,-173.88162782545044,-750.6121154117543,268.88491351971027,74.9053411081897,2,5,-809.8097698544709,-5.3987317990298065,-1952.5093659242443,-2101.715349791001
1.3,0.65,1.5,120.0,40.0,35.0,150,6,-283.1062812451656,-225.88162782545044,-846.6121154117543,228.88491351971024,16.905341108189702,2,5,-1109.809769854471,-7.3987317990298065,-1952.5093659242443,-2101.715349791001
1.3,0.65,1.5,120.0,40.0,35.0,150,8,-337.1062812451656,-277.88162782545044,-942.6121154117543,188.88491351971024,-41.0946588918103,1,5,-1409.809769854471,-9.398731799029806,-1952.5093659242443,-2101.715349791001
1.3,0.65,1.5,120.0,40.0,35.0,150,10,-391.1062812451656,-329.88162782545044,-1038.6121154117543,148.88491351971024,-99.0946588918103,1,5,-1709.809769854471,-11.398731799029806,-1952.5093659242443,-2101.715349791001
1.3,0.65,1.5,120.0,40.0,35.0,150,12,-445.1062812451656,-381.88162782545044,-1134.6121154117543,108.88491351971024,-157.0946588918103,1,5,-2009.809769854471,-13.398731799029806,-1952.5093659242443,-2101.715349791001
1.3,0.65,1.5,120.0,40.0,50.0,147,0,-191.46359604303962,-124.66358194292297,-392.2134466814259,286.38944129788126,164.39798636792855,2,5,-257.5531970015786,-1.7520625646365893,-2035.3807776753115,-2120.475593620053
1.3,0.65,1.5,120.0,40.0,50.0,147,2,-243.46359604303962,-176.66358194292297,-484.2134466814259,246.38944129788126,106.39798636792855,2,5,-551.5531970015786,-3.752062564636589,-2035.3807776753115,-2120.475593620053
1.3,0.65,1.5,120.0,40.0,50.0,147,4,-295.4635960430396,-228.66358194292297,-576.2134466814259,206.38944129788126,48.39798636792855,2,5,-845.5531970015786,-5.7520625646365895,-2035.3807776753115,-2120.475593620053
1.3,0.65,1.5,120.0,40.0,50.0,147,6,-347.4635960430396,-280.663581942923,-668.2134466814259,166.38944129788126,-9.602013632071447,1,5,-1139.5531970015786,-7.7520625646365895,-2035.3807776753115,-2120.475593620053
1.3,0.65,1.5,120.0,40.0,50.0,147,8,-399.4635960430396,-332.663581942923,-760.2134466814259,126.38944129788126,-67.60201363207145,1,5,-1433.5531970015786,-9.752062564636589,-2035.3807776753115,-2120.475593620053
1.3,0.65,1.5,120.0,40.0,50.0,147,10,-451.4635960430396,-384.663581942923,-852.2134466814259,86.38944129788126,-125.60201363207145,1,5,-1727.5531970015786,-11.752062564636589,-2035.3807776753115,-2120.475593620053
1.3,0.65,1.5,120.0,40.0,50.0,147,12,-503.4635960430396,-436.663581942923,-944.2134466814259,46.38944129788126,-183.60201363207145,1,5,-2021.5531970015786,-13.752062564636589,-2035.3807776753115,-2120.475593620053
1.3,0.65,1.5,120.0,60.0,15.0,158,0,-15.008017392561214,-131.4567165020382,-282.0481196692027,461.97029159269124,343.93901706631914,2,5,377.39645509520824,2.388585158830432,-1456.1134911285053,-1558.12499628864
1.3,0.65,1.5,120.0,60.0,15.0,158,2,-73.00801739256121,-185.4567165020382,-386.0481196692027,421.97029159269124,283.93901706631914,2,5,61.39645509520824,0.3885851588304319,-1456.1134911285053,-1558.12499628864
1.3,0.65,1.5,120.0,60.0,15.0,158,4,-131.00801739256121,-239.4567165020382,-490.0481196692027,381.97029159269124,223.9390170663191,2,5,-254.60354490479176,-1.6114148411695681,-1456.1134911285053,-1558.12499628864
1.3,0.65,1.5,120.0,60.0,15.0,158,6,-189.00801739256121,-293.4567165020382,-594.0481196692027,341.97029159269124,163.9390170663191,2,5,-570.6035449047918,-3.611414841169568,-1456.1134911285053,-1558.12499628864
1.3,0.65,1.5,120.0,60.0,15.0,158,8,-247.00801739256121,-347.4567165020382,-698.0481196692027,301.97029159269124,103.93901706631911,2,5,-886.6035449047918,-5.611414841169568,-1456.1134911285053,-1558.12499628864
1.3,0.65,1.5,120.0,60.0,15.0,158,10,-305.0080173925612,-401.4567165020382,-802.0481196692027,261.97029159269124,43.93901706631912,2,5,-1202.6035449047918,-7.611414841169568,-1456.1134911285053,-1558.12499628864
1.3,0.65,1.5,120.0,60.0,15.0,158,12,-363.0080173925612,-455.4567165020382,-906.0481196692027,221.97029159269124,-16.060982933680883,1,5,-1518.6035449047918,-9.611414841169568,-1456.1134911285053,-1558.12499628864
1.3,0.65,1.5,120.0,60.0,25.0,150,0,167.75549615019054,-166.3403295111624,-786.5688988342731,475.2742344034863,489.749517728162,3,5,179.87001993640342,1.1991334662426896,-1640.0416403773352,-1764.849233945877
1.3,0.65,1.5,120.0,60.0,25.0,150,2,111.75549615019052,-216.3403295111624,-882.5688988342731,435.2742344034863,431.749517728162,3,5,-120.12998006359658,-0.8008665337573105,-1640.0416403773352,-1764.849233945877
1.3,0.65,1.5,120.0,60.0,25.0,150,4,55.755496150190524,-266.3403295111624,-978.5688988342731,395.2742344034863,373.749517728162,3,5,-420.1299800635966,-2.8008665337573104,-1640.0416403773352,-1764.849233945877
1.3,0.65,1.5,120.0,60.0,25.0,150,6,-0.24450384980947604,-316.3403295111624,-1074.568898834273,355.2742344034863,315.749517728162,2,5,-720.1299800635966,-4.80086653375731,-1640.0416403773352,-1764.849233945877
1.3,0.65,1.5,120.0,60.0,25.0,150,8,-56.244503849809476,-366.3403295111624,-1170.568898834273,315.2742344034863,257.749517728162,2,5,-1020.1299800635966,-6.80086653375731,-1640.0416403773352,-1764.849233945877
1.3,0.65,1.5,120.0,60.0,25.0,150,10,-112.24450384980948,-416.3403295111624,-1266.568898834273,275.2742344034863,199.749517728162,2,5,-1320.1299800635966,-8.800866533757311,-1640.0416403773352,-1764.849233945877
1.3,0.65,1.5,120.0,60.0,25.0,150,12,-168.24450384980946,-466.3403295111624,-1362.568898834273,235.27423440348628,141.749517728162,2,5,-1620.1299800635966,-10.800866533757311,-1640.0416403773352,-1764.849233945877
1.3,0.65,1.5,120.0,60.0,35.0,149,0,5.703812850056181,-145.24001388118302,-625.0990001874184,507.5056808354984,460.5108314412881,3,5,203.3813110582414,1.3649752420016201,-1591.1689698934608,-1782.1712867808535
1.3,0.65,1.5,120.0,60.0,35.0,149,2,-48.29618714994382,-195.24001388118302,-721.0990001874184,467.5056808354984,402.5108314412881,2,5,-94.61868894175859,-0.6350247579983798,-1591.1689698934608,-1782.1712867808535
1.3,0.65,1.5,120.0,60.0,35.0,149,4,-102.29618714994382,-245.24001388118302,-817.0990001874184,427.5056808354984,344.5108314412881,2,5,-392.6186889417586,-2.6350247579983797,-1591.1689698934608,-1782.1712867808535
1.3,0.65,1.5,120.0,60.0,35.0,149,6,-156.29618714994382,-295.240013881183,-913.0990001874184,387.5056808354984,286.5108314412881,2,5,-690.6186889417586,-4.63502475799838,-1591.1689698934608,-1782.1712867808535
1.3,0.65,1.5,120.0,60.0,35.0,149,8,-210.29618714994382,-345.240013881183,-1009.0990001874184,347.5056808354984,228.51083144128808,2,5,-988.6186889417586,-6.63502475799838,-1591.1689698934608,-1782.1712867808535
1.3,0.65,1.5,120.0,60.0,35.0,149,10,-264.2961871499438,-395.240013881183,-1105.0990001874184,307.5056808354984,170.51083144128808,2,5,-1286.6186889417586,-8.63502475799838,-1591.1689698934608,-1782.1712867808535
1.3,0.65,1.5,120.0,60.0,35.0,149,12,-318.2961871499438,-445.240013881183,-1201.0990001874184,267.5056808354984,112.51083144128808,2,5,-1584.6186889417586,-10.63502475799838,-1591.1689698934608,-1782.1712867808535
1.3,0.65,1.5,120.0,60.0,50.0,146,0,-44.93051537258668,-114.71199584754339,-507.9755355886232,445.0102086136694,453.64455389326827,2,5,231.03671569818448,1.582443258206743,-1598.641549857477,-1692.6507692843632
1.3,0.65,1.5,120.0,60.0,50.0,146,2,-96.93051537258668,-164.7119958475434,-599.9755355886232,405.0102086136694,395.64455389326827,2,5,-60.96328430181552,-0.41755674179325697,-1598.641549857477,-1692.6507692843632
1.3,0.65,1.5,120.0,60.0,50.0,146,4,-148.93051537258668,-214.7119958475434,-691.9755355886232,365.0102086136694,337.64455389326827,2,5,-352.9632843018155,-2.417556741793257,-1598.641549857477,-1692.6507692843632
1.3,0.65,1.5,120.0,60.0,50.0,146,6,-200.93051537258668,-264.7119958475434,-783.9755355886232,325.0102086136694,279.64455389326827,2,5,-644.9632843018155,-4.417556741793257,-1598.641549857477,-1692.6507692843632
1.3,0.65,1.5,120.0,60.0,50.0,146,8,-252.93051537258668,-314.7119958475434,-875.9755355886232,285.0102086136694,221.6445538932683,2,5,-936.9632843018155,-6.417556741793257,-1598.641549857477,-1692.6507692843632
1.3,0.65,1.5,120.0,60.0,50.0,146,10,-304.9305153725867,-364.7119958475434,-967.9755355886232,245.01020861366945,163.6445538932683,2,5,-1228.9632843018155,-8.417556741793257,-1598.641549857477,-1692.6507692843632
1.3,0.65,1.5,120.0,60.0,50.0,146,12,-356.9305153725867,-414.7119958475434,-1059.9755355886232,205.01020861366945,105.6445538932683,2,5,-1520.9632843018155,-10.417556741793257,-1598.641549857477,-1692.6507692843632
1.3,0.65,2.0,60.0,20.0,15.0,339,0,-353.548466912884,98.89361180756953,162.63767862202883,75.93008811516881,-24.783170958874962,3,5,-40.8702593269918,-0.12056123695277816,-3557.855201252633,-3486.775437008936
1.3,0.65,2.0,60.0,20.0,15.0,339,2,-485.548466912884,-39.10638819243047,-21.36232137797117,-6.0699118848311855,-166.78317095887496,0,5,-718.8702593269918,-2.120561236952778,-3557.855201252633,-3486.775437008936
1.3,0.65,2.0,60.0,20.0,15.0,339,4,-617.548466912884,-177.10638819243047,-205.36232137797117,-88.06991188483119,-308.78317095887496,0,5,-1396.8702593269918,-4.120561236952778,-3557.855201252633,-3486.775437008936
1.3,0.65,2.0,60.0,20.0,15.0,339,6,-749.548466912884,-315.1063881924305,-389.36232137797117,-170.06991188483119,-450.78317095887496,0,5,-2074.870259326992,-6.120561236952778,-3557.855201252633,-3486.775437008936
1.3,0.65,2.0,60.0,20.0,15.0,339,8,-881.548466912884,-453.1063881924305,-573.3623213779712,-252.06991188483119,-592.783170958875,0,5,-2752.870259326992,-8.120561236952778,-3557.855201252633,-3486.775437008936
1.3,0.65,2.0,60.0,20.0,15.0,339,10,-1013.548466912884,-591.1063881924305,-757.3623213779712,-334.0699118848312,-734.783170958875,0,5,-3430.870259326992,-10.120561236952778,-3557.855201252633,-3486.775437008936
1.3,0.65,2.0,60.0,20.0,15.0,339,12,-1145.5484669128841,-729.1063881924305,-941.3623213779712,-416.0699118848312,-876.783170958875,0,5,-4108.870259326992,-12.120561236952778,-3557.855201252633,-3486.775437008936
1.3,0.65,2.0,60.0,20.0,25.0,328,0,-207.52608425599374,185.59981456909048,-279.4608210507761,101.83406538443194,-59.26689727668588,2,5,-258.8199226299339,-0.7890851299693107,-3665.804864555575,-3588.640419692388
1.3,0.65,2.0,60.0,20.0,25.0,328,2,-335.52608425599374,51.59981456909048,-455.4608210507761,19.834065384431938,-195.26689727668588,2,5,-914.8199226299339,-2.7890851299693105,-3665.804864555575,-3588.640419692388
1.3,0.65,2.0,60.0,20.0,25.0,328,4,-463.52608425599374,-82.40018543090952,-631.4608210507761,-62.16593461556806,-331.2668972766859,0,5,-1570.819922629934,-4.789085129969311,-3665.804864555575,-3588.640419692388
1.3,0.65,2.0,60.0,20.0,25.0,328,6,-591.5260842559937,-216.40018543090952,-807.4608210507761,-144.16593461556806,-467.2668972766859,0,5,-2226.819922629934,-6.789085129969311,-3665.804864555575,-3588.640419692388
1.3,0.65,2.0,60.0,20.0,25.0,328,8,-719.5260842559937,-350.4001854309095,-983.4608210507761,-226.16593461556806,-603.2668972766859,0,5,-2882.819922629934,-8.78908512996931,-3665.804864555575,-3588.640419692388
1.3,0.65,2.0,60.0,20.0,25.0,328,10,-847.5260842559937,-484.4001854309095,-1159.460821050776,-308.16593461556806,-739.2668972766859,0,5,-3538.819922629934,-10.78908512996931,-3665.804864555575,-3588.640419692388
1.3,0.65,2.0,60.0,20.0,25.0,328,12,-975.5260842559937,-618.4001854309095,-1335.460821050776,-390.16593461556806,-875.2668972766859,0,5,-4194.819922629934,-12.78908512996931,-3665.804864555575,-3588.640419692388
1.3,0.65,2.0,60.0,20.0,35.0,324,0,-210.23732063415162,241.8459553339378,-395.6003373888077,148.08238764883498,-38.851517382196675,2,5,-254.76083242238292,-0.7862988655011819,-3621.745774348024,-3541.614666549966
1.3,0.65,2.0,60.0,20.0,35.0,324,2,-336.2373206341516,107.84595533393781,-571.6003373888077,66.08238764883498,-168.85151738219668,2,5,-902.7608324223829,-2.7862988655011818,-3621.745774348024,-3541.614666549966
1.3,0.65,2.0,60.0,20.0,35.0,324,4,-462.2373206341516,-26.15404466606219,-747.6003373888077,-15.917612351165019,-298.8515173821967,0,5,-1550.760832422383,-4.786298865501182,-3621.745774348024,-3541.614666549966
1.3,0.65,2.0,60.0,20.0,35.0,324,6,-588.2373206341516,-160.1540446660622,-923.6003373888077,-97.91761235116502,-428.8515173821967,0,5,-2198.760832422383,-6.786298865501182,-3621.745774348024,-3541.614666549966
1.3,0.65,2.0,60.0,20.0,35.0,324,8,-714.2373206341516,-294.1540446660622,-1099.6003373888077,-179.91761235116502,-558.8515173821967,0,5,-2846.760832422383,-8.786298865501182,-3621.745774348024,-3541.614666549966
1.3,0.65,2.0,60.0,20.0,35.0,324,10,-840.2373206341516,-428.1540446660622,-1275.6003373888077,-261.917612351165,-688.8515173821967,0,5,-3494.760832422383,-10.786298865501182,-3621.745774348024,-3541.614666549966
1.3,0.65,2.0,60.0,20.0,35.0,324,12,-966.2373206341516,-562.1540446660622,-1451.6003373888077,-343.917612351165,-818.8515173821967,0,5,-4142.760832422383,-12.786298865501182,-3621.745774348024,-3541.614666549966
1.3,0.65,2.0,60.0,20.0,50.0,321,0,-145.10081569366616,158.54679482778317,-332.3949138231849,66.06096939550304,45.6279806227368,3,5,-207.2599846708281,-0.6456697341770345,-3544.2449265964688,-3513.5481624266754
1.3,0.65,2.0,60.0,20.0,50.0,321,2,-267.10081569366616,24.546794827783174,-506.3949138231849,-15.939030604496963,-84.3720193772632,1,5,-849.2599846708281,-2.6456697341770345,-3544.2449265964688,-3513.5481624266754
1.3,0.65,2.0,60.0,20.0,50.0,321,4,-389.10081569366616,-109.45320517221683,-680.3949138231849,-97.93903060449696,-214.3720193772632,0,5,-1491.259984670828,-4.6456697341770345,-3544.2449265964688,-3513.5481624266754
1.3,0.65,2.0,60.0,20.0,50.0,321,6,-511.10081569366616,-243.45320517221683,-854.3949138231849,-179.93903060449696,-344.3720193772632,0,5,-2133.259984670828,-6.6456697341770345,-3544.2449265964688,-3513.5481624266754
1.3,0.65,2.0,60.0,20.0,50.0,321,8,-633.1008156936662,-377.4532051722168,-1028.3949138231849,-261.93903060449696,-474.3720193772632,0,5,-2775.259984670828,-8.645669734177034,-3544.2449265964688,-3513.5481624266754
1.3,0.65,2.0,60.0,20.0,50.0,321,10,-755.1008156936662,-511.4532051722168,-1202.3949138231849,-343.93903060449696,-604.3720193772632,0,5,-3417.259984670828,-10.645669734177034,-3544.2449265964688,-3513.5481624266754
1.3,0.65,2.0,60.0,20.0,50.0,321,12,-877.1008156936662,-645.4532051722168,-1376.3949138231849,-425.93903060449696,-734.3720193772632,0,5,-4059.259984670828,-12.645669734177034,-3544.2449265964688,-3513.5481624266754
1.3,0.65,2.0,60.0,30.0,15.0,338,0,-426.39885065515364,39.14049735215542,209.0445566602997,-54.03405568981168,51.406079365977234,3,5,-180.84177296653343,-0.5350348312619332,-3668.386113621568,-3639.7099567053456
1.3,0.65,2.0,60.0,30.0,15.0,338,2,-558.3988506551536,-96.85950264784458,25.04455666029969,-136.03405568981168,-90.59392063402277,1,5,-856.8417729665334,-2.535034831261933,-3668.386113621568,-3639.7099567053456
1.3,0.65,2.0,60.0,30.0,15.0,338,4,-690.3988506551536,-232.85950264784458,-158.9554433397003,-218.03405568981168,-232.59392063402277,0,5,-1532.8417729665334,-4.5350348312619335,-3668.386113621568,-3639.7099567053456
1.3,0.65,2.0,60.0,30.0,15.0,338,6,-822.3988506551536,-368.8595026478446,-342.9554433397003,-300.0340556898117,-374.59392063402277,0,5,-2208.8417729665334,-6.5350348312619335,-3668.386113621568,-3639.7099567053456
1.3,0.65,2.0,60.0,30.0,15.0,338,8,-954.3988506551536,-504.8595026478446,-526.9554433397003,-382.0340556898117,-516.5939206340228,0,5,-2884.8417729665334,-8.535034831261934,-3668.386113621568,-3639.7099567053456
1.3,0.65,2.0,60.0,30.0,15.0,338,10,-1086.3988506551536,-640.8595026478446,-710.9554433397003,-464.0340556898117,-658.5939206340228,0,5,-3560.8417729665334,-10.535034831261934,-3668.386113621568,-3639.7099567053456
1.3,0.65,2.0,60.0,30.0,15.0,338,12,-1218.3988506551536,-776.8595026478446,-894.9554433397003,-546.0340556898117,-800.5939206340228,0,5,-4236.841772966533,-12.535034831261934,-3668.386113621568,-3639.7099567053456
1.3,0.65,2.0,60.0,30.0,25.0,326,0,-320.2082565585548,152.9159281459065,-438.9386226467209,181.97982542298035,32.5030619085602,3,5,-391.74806372782905,-1.2016811770792302,-3759.292404382864,-3685.568812252144
1.3,0.65,2.0,60.0,30.0,25.0,326,2,-446.2082565585548,20.91592814590649,-614.9386226467209,99.97982542298035,-103.4969380914398,2,5,-1043.748063727829,-3.20168117707923,-3759.292404382864,-3685.568812252144
1.3,0.65,2.0,60.0,30.0,25.0,326,4,-572.2082565585548,-111.08407185409351,-790.9386226467209,17.979825422980355,-239.4969380914398,1,5,-1695.748063727829,-5.20168117707923,-3759.292404382864,-3685.568812252144
1.3,0.65,2.0,60.0,30.0,25.0,326,6,-698.2082565585548,-243.0840718540935,-966.9386226467209,-64.02017457701965,-375.4969380914398,0,5,-2347.748063727829,-7.20168117707923,-3759.292404382864,-3685.568812252144
1.3,0.65,2.0,60.0,30.0,25.0,326,8,-824.2082565585548,-375.0840718540935,-1142.938622646721,-146.02017457701965,-511.4969380914398,0,5,-2999.748063727829,-9.20168117707923,-3759.292404382864,-3685.568812252144
1.3,0.65,2.0,60.0,30.0,25.0,326,10,-950.2082565585548,-507.0840718540935,-1318.938622646721,-228.02017457701965,-647.4969380914398,0,5,-3651.748063727829,-11.20168117707923,-3759.292404382864,-3685.568812252144
1.3,0.65,2.0,60.0,30.0,25.0,326,12,-1076.2082565585547,-639.0840718540935,-1494.938622646721,-310.02017457701965,-783.4969380914398,0,5,-4303.7480637278295,-13.201681177079232,-3759.292404382864,-3685.568812252144
1.3,0.65,2.0,60.0,30.0,35.0,321,0,-504.3395477612796,282.9067810352932,-496.3662207258151,278.6191989465768,94.55011800343789,3,5,-344.62967050178713,-1.0736126806909256,-3662.1740111568215,-3627.38849465191
1.3,0.65,2.0,60.0,30.0,35.0,321,2,-626.3395477612796,150.9067810352932,-672.3662207258151,196.61919894657677,-35.44988199656211,2,5,-986.6296705017871,-3.0736126806909256,-3662.1740111568215,-3627.38849465191
1.3,0.65,2.0,60.0,30.0,35.0,321,4,-748.3395477612796,18.906781035293193,-848.3662207258151,114.61919894657677,-165.4498819965621,2,5,-1628.6296705017871,-5.073612680690926,-3662.1740111568215,-3627.38849465191
1.3,0.65,2.0,60.0,30.0,35.0,321,6,-870.3395477612796,-113.09321896470681,-1024.366220725815,32.61919894657677,-295.4498819965621,1,5,-2270.629670501787,-7.073612680690926,-3662.1740111568215,-3627.38849465191
1.3,0.65,2.0,60.0,30.0,35.0,321,8,-992.3395477612796,-245.0932189647068,-1200.366220725815,-49.38080105342323,-425.4498819965621,0,5,-2912.629670501787,-9.073612680690927,-3662.1740111568215,-3627.38849465191
1.3,0.65,2.0,60.0,30.0,35.0,321,10,-1114.3395477612796,-377.0932189647068,-1376.366220725815,-131.38080105342323,-555.4498819965621,0,5,-3554.629670501787,-11.073612680690927,-3662.1740111568215,-3627.38849465191
1.3,0.65,2.0,60.0,30.0,35.0,321,12,-1236.3395477612796,-509.0932189647068,-1552.366220725815,-213.38080105342323,-685.4498819965621,0,5,-4196.629670501787,-13.073612680690925,-3662.1740111568215,-3627.38849465191
1.3,0.65,2.0,60.0,30.0,50.0,318,0,-506.18465924780503,167.80447576944402,-433.1640505779592,261.3394236541753,203.62282236334931,3,5,-306.58198803879577,-0.9640943020087918,-3596.294459238285,-3619.358834234846
1.3,0.65,2.0,60.0,30.0,50.0,318,2,-624.184659247805,35.804475769444025,-607.1640505779592,179.33942365417528,73.62282236334931,3,5,-942.5819880387958,-2.9640943020087915,-3596.294459238285,-3619.358834234846
1.3,0.65,2.0,60.0,30.0,50.0,318,4,-742.184659247805,-96.19552423055598,-781.1640505779592,97.33942365417528,-56.377177636650686,1,5,-1578.5819880387958,-4.9640943020087915,-3596.294459238285,-3619.358834234846
1.3,0.65,2.0,60.0,30.0,50.0,318,6,-860.184659247805,-228.19552423055598,-955.1640505779592,15.339423654175278,-186.37717763665069,1,5,-2214.5819880387958,-6.9640943020087915,-3596.294459238285,-3619.358834234846
1.3,0.65,2.0,60.0,30.0,50.0,318,8,-978.184659247805,-360.195524230556,-1129.1640505779592,-66.66057634582472,-316.3771776366507,0,5,-2850.5819880387958,-8.964094302008792,-3596.294459238285,-3619.358834234846
1.3,0.65,2.0,60.0,30.0,50.0,318,10,-1096.184659247805,-492.195524230556,-1303.1640505779592,-148.66057634582472,-446.3771776366507,0,5,-3486.5819880387958,-10.964094302008792,-3596.294459238285,-3619.358834234846
1.3,0.65,2.0,60.0,30.0,50.0,318,12,-1214.184659247805,-624.195524230556,-1477.1640505779592,-230.66057634582472,-576.3771776366507,0,5,-4122.581988038795,-12.96409430200879,-3596.294459238285,-3619.358834234846
1.3,0.65,2.0,60.0,40.0,15.0,336,0,-269.84952797484164,-12.755106252966243,-18.99736420171837,96.49433802689765,124.95521894703734,2,5,-80.15244145559109,-0.2385489329035449,-3578.8407177588083,-3586.1832186733754
1.3,0.65,2.0,60.0,40.0,15.0,336,2,-399.84952797484164,-146.75510625296624,-202.99736420171837,14.494338026897651,-17.044781052962662,1,5,-752.1524414555911,-2.238548932903545,-3578.8407177588083,-3586.1832186733754
1.3,0.65,2.0,60.0,40.0,15.0,336,4,-529.8495279748416,-280.75510625296624,-386.99736420171837,-67.50566197310235,-159.04478105296266,0,5,-1424.152441455591,-4.238548932903545,-3578.8407177588083,-3586.1832186733754
1.3,0.65,2.0,60.0,40.0,15.0,336,6,-659.8495279748416,-414.75510625296624,-570.9973642017184,-149.50566197310235,-301.04478105296266,0,5,-2096.152441455591,-6.238548932903545,-3578.8407177588083,-3586.1832186733754
1.3,0.65,2.0,60.0,40.0,15.0,336,8,-789.8495279748416,-548.7551062529662,-754.9973642017184,-231.50566197310235,-443.04478105296266,0,5,-2768.152441455591,-8.238548932903544,-3578.8407177588083,-3586.1832186733754
1.3,0.65,2.0,60.0,40.0,15.0,336,10,-919.8495279748416,-682.7551062529662,-938.9973642017184,-313.50566197310235,-585.0447810529627,0,5,-3440.152441455591,-10.238548932903544,-3578.8407177588083,-3586.1832186733754
1.3,0.65,2.0,60.0,40.0,15.0,336,12,-1049.8495279748417,-816.7551062529662,-1122.9973642017185,-395.50566197310235,-727.0447810529627,0,5,-4112.1524414555915,-12.238548932903546,-3578.8407177588083,-3586.1832186733754
1.3,0.65,2.0,60.0,40.0,25.0,323,0,-174.7462780647736,43.715485512713826,-707.7706441114512,266.3251820553831,176.85042602736195,3,5,-395.62582858076576,-1.2248477665039188,-3787.43680571715,-3792.722872370151
1.3,0.65,2.0,60.0,40.0,25.0,323,2,-298.7462780647736,-84.28451448728617,-883.7706441114512,184.3251820553831,40.85042602736195,2,5,-1041.6258285807658,-3.2248477665039186,-3787.43680571715,-3792.722872370151
1.3,0.65,2.0,60.0,40.0,25.0,323,4,-422.7462780647736,-212.28451448728617,-1059.7706441114512,102.3251820553831,-95.14957397263805,1,5,-1687.6258285807658,-5.224847766503919,-3787.43680571715,-3792.722872370151
1.3,0.65,2.0,60.0,40.0,25.0,323,6,-546.7462780647736,-340.2845144872862,-1235.7706441114512,20.325182055383095,-231.14957397263805,1,5,-2333.6258285807658,-7.224847766503919,-3787.43680571715,-3792.722872370151
1.3,0.65,2.0,60.0,40.0,25.0,323,8,-670.7462780647736,-468.2845144872862,-1411.7706441114512,-61.674817944616905,-367.14957397263805,0,5,-2979.6258285807658,-9.224847766503919,-3787.43680571715,-3792.722872370151
1.3,0.65,2.0,60.0,40.0,25.0,323,10,-794.7462780647736,-596.2845144872862,-1587.7706441114512,-143.6748179446169,-503.14957397263805,0,5,-3625.6258285807658,-11.224847766503919,-3787.43680571715,-3792.722872370151
1.3,0.65,2.0,60.0,40.0,25.0,323,12,-918.7462780647736,-724.2845144872862,-1763.7706441114512,-225.6748179446169,-639.1495739726381,0,5,-4271.625828580765,-13.224847766503917,-3787.43680571715,-3792.722872370151
1.3,0.65,2.0,60.0,40.0,35.0,318,0,-301.414191667178,167.3652363368875,-792.0254552600102,378.94461297135,307.91959796669653,3,5,-239.21019965225423,-0.7522333322397932,-3557.8984759554714,-3596.703628788027
1.3,0.65,2.0,60.0,40.0,35.0,318,2,-421.414191667178,39.365236336887506,-968.0254552600102,296.94461297135,177.91959796669653,3,5,-875.2101996522542,-2.7522333322397934,-3557.8984759554714,-3596.703628788027
1.3,0.65,2.0,60.0,40.0,35.0,318,4,-541.414191667178,-88.6347636631125,-1144.0254552600102,214.94461297135,47.91959796669653,2,5,-1511.2101996522542,-4.752233332239793,-3557.8984759554714,-3596.703628788027
1.3,0.65,2.0,60.0,40.0,35.0,318,6,-661.414191667178,-216.6347636631125,-1320.0254552600102,132.94461297135,-82.08040203330347,1,5,-2147.2101996522542,-6.752233332239793,-3557.8984759554714,-3596.703628788027
1.3,0.65,2.0,60.0,40.0,35.0,318,8,-781.414191667178,-344.6347636631125,-1496.0254552600102,50.94461297135,-212.08040203330347,1,5,-2783.2101996522542,-8.752233332239793,-3557.8984759554714,-3596.703628788027
1.3,0.65,2.0,60.0,40.0,35.0,318,10,-901.414191667178,-472.6347636631125,-1672.0254552600102,-31.05538702865,-342.08040203330347,0,5,-3419.2101996522542,-10.752233332239793,-3557.8984759554714,-3596.703628788027
1.3,0.65,2.0,60.0,40.0,35.0,318,12,-1021.414191667178,-600.6347636631125,-1848.0254552600102,-113.05538702865,-472.08040203330347,0,5,-4055.2101996522542,-12.752233332239793,-3557.8984759554714,-3596.703628788027
1.3,0.65,2.0,60.0,40.0,50.0,314,0,-420.02154705076396,52.262931071038224,-619.6941735817479,412.21647597981814,412.8070062021965,3,5,-162.42930737945971,-0.5172907878326742,-3457.502219203339,-3515.766966515074
1.3,0.65,2.0,60.0,40.0,50.0,314,2,-536.021547050764,-75.73706892896178,-791.6941735817479,330.21647597981814,282.8070062021965,2,5,-790.4293073794597,-2.5172907878326742,-3457.502219203339,-3515.766966515074
1.3,0.65,2.0,60.0,40.0,50.0,314,4,-652.021547050764,-203.73706892896178,-963.6941735817479,248.21647597981814,152.80700620219648,2,5,-1418.4293073794597,-4.517290787832675,-3457.502219203339,-3515.766966515074
1.3,0.65,2.0,60.0,40.0,50.0,314,6,-768.021547050764,-331.7370689289618,-1135.694173581748,166.21647597981814,22.807006202196476,2,5,-2046.4293073794597,-6.517290787832675,-3457.502219203339,-3515.766966515074
1.3,0.65,2.0,60.0,40.0,50.0,314,8,-884.021547050764,-459.7370689289618,-1307.694173581748,84.21647597981814,-107.19299379780352,1,5,-2674.4293073794597,-8.517290787832675,-3457.502219203339,-3515.766966515074
1.3,0.65,2.0,60.0,40.0,50.0,314,10,-1000.021547050764,-587.7370689289618,-1479.694173581748,2.216475979818135,-237.19299379780352,1,5,-3302.4293073794597,-10.517290787832675,-3457.502219203339,-3515.766966515074
1.3,0.65,2.0,60.0,40.0,50.0,314,12,-1116.021547050764,-715.7370689289618,-1651.694173581748,-79.78352402018186,-367.1929937978035,0,5,-3930.4293073794597,-12.517290787832675,-3457.502219203339,-3515.766966515074
1.3,0.65,2.0,60.0,60.0,15.0,330,0,-354.617611373346,-153.51385969106775,-358.82041168178716,329.33955543099324,537.2911594187437,2,5,-0.3211678964639759,-0.0009732360498908361,-3507.263913441032,-3516.585699011348
1.3,0.65,2.0,60.0,60.0,15.0,330,2,-480.617611373346,-285.51385969106775,-538.8204116817872,247.33955543099324,397.29115941874375,2,5,-660.321167896464,-2.000973236049891,-3507.263913441032,-3516.585699011348
1.3,0.65,2.0,60.0,60.0,15.0,330,4,-606.617611373346,-417.51385969106775,-718.8204116817872,165.33955543099324,257.29115941874375,2,5,-1320.321167896464,-4.000973236049891,-3507.263913441032,-3516.585699011348
1.3,0.65,2.0,60.0,60.0,15.0,330,6,-732.617611373346,-549.5138596910678,-898.8204116817872,83.33955543099324,117.29115941874372,2,5,-1980.321167896464,-6.000973236049891,-3507.263913441032,-3516.585699011348
1.3,0.65,2.0,60.0,60.0,15.0,330,8,-858.617611373346,-681.5138596910678,-1078.8204116817872,1.3395554309932436,-22.708840581256283,1,5,-2640.321167896464,-8.00097323604989,-3507.263913441032,-3516.585699011348
1.3,0.65,2.0,60.0,60.0,15.0,330,10,-984.617611373346,-813.5138596910678,-1258.8204116817872,-80.66044456900676,-162.70884058125628,0,5,-3300.321167896464,-10.00097323604989,-3507.263913441032,-3516.585699011348
1.3,0.65,2.0,60.0,60.0,15.0,330,12,-1110.6176113733459,-945.5138596910678,-1438.8204116817872,-162.66044456900676,-302.70884058125625,0,5,-3960.321167896464,-12.00097323604989,-3507.263913441032,-3516.585699011348
1.3,0.65,2.0,60.0,60.0,25.0,316,0,-242.85090258933963,-259.0354236219264,-1016.1958628012219,500.92626287766524,641.0006696434302,2,5,-376.15525649139227,-1.190364735732254,-3756.228080158179,-3707.3723523917793
1.3,0.65,2.0,60.0,60.0,25.0,316,2,-362.8509025893396,-383.0354236219264,-1188.195862801222,418.92626287766524,507.0006696434302,2,5,-1008.1552564913923,-3.190364735732254,-3756.228080158179,-3707.3723523917793
1.3,0.65,2.0,60.0,60.0,25.0,316,4,-482.8509025893396,-507.0354236219264,-1360.195862801222,336.92626287766524,373.0006696434302,2,5,-1640.1552564913923,-5.190364735732254,-3756.228080158179,-3707.3723523917793
1.3,0.65,2.0,60.0,60.0,25.0,316,6,-602.8509025893396,-631.0354236219264,-1532.195862801222,254.92626287766524,239.0006696434302,2,5,-2272.1552564913923,-7.190364735732254,-3756.228080158179,-3707.3723523917793
1.3,0.65,2.0,60.0,60.0,25.0,316,8,-722.8509025893396,-755.0354236219264,-1704.195862801222,172.92626287766524,105.00066964343019,2,5,-2904.1552564913923,-9.190364735732254,-3756.228080158179,-3707.3723523917793
1.3,0.65,2.0,60.0,60.0,25.0,316,10,-842.8509025893396,-879.0354236219264,-1876.195862801222,90.92626287766524,-28.99933035656981,1,5,-3536.1552564913923,-11.190364735732254,-3756.228080158179,-3707.3723523917793
1.3,0.65,2.0,60.0,60.0,25.0,316,12,-962.8509025893396,-1003.0354236219264,-2048.1958628012217,8.926262877665238,-162.9993303565698,1,5,-4168.155256491393,-13.190364735732256,-3756.228080158179,-3707.3723523917793
1.3,0.65,2.0,60.0,60.0,35.0,312,0,-173.09840717191446,-149.14574499565003,-1114.6351998746125,624.6388534805051,807.3256004982438,2,5,-4.914898063428154,-0.01575287840842357,-3337.367494571077,-3291.002979966945
1.3,0.65,2.0,60.0,60.0,35.0,312,2,-291.09840717191446,-273.14574499565003,-1286.6351998746125,542.6388534805051,679.3256004982438,2,5,-628.9148980634282,-2.0157528784084238,-3337.367494571077,-3291.002979966945
1.3,0.65,2.0,60.0,60.0,35.0,312,4,-409.09840717191446,-397.14574499565003,-1458.6351998746125,460.6388534805051,551.3256004982438,2,5,-1252.9148980634282,-4.015752878408423,-3337.367494571077,-3291.002979966945
1.3,0.65,2.0,60.0,60.0,35.0,312,6,-527.0984071719145,-521.14574499565,-1630.6351998746125,378.6388534805051,423.32560049824383,2,5,-1876.9148980634282,-6.015752878408423,-3337.367494571077,-3291.002979966945
1.3,0.65,2.0,60.0,60.0,35.0,312,8,-645.0984071719145,-645.14574499565,-1802.6351998746125,296.6388534805051,295.32560049824383,2,5,-2500.914898063428,-8.015752878408424,-3337.367494571077,-3291.002979966945
1.3,0.65,2.0,60.0,60.0,35.0,312,10,-763.0984071719145,-769.14574499565,-1974.6351998746125,214.63885348050508,167.32560049824383,2,5,-3124.914898063428,-10.015752878408424,-3337.367494571077,-3291.002979966945
1.3,0.65,2.0,60.0,60.0,35.0,312,12,-881.0984071719145,-893.14574499565,-2146.635199874612,132.63885348050508,39.32560049824383,2,5,-3748.914898063428,-12.015752878408424,-3337.367494571077,-3291.002979966945
1.3,0.65,2.0,60.0,60.0,50.0,307,0,-328.9322113389188,-130.65470048472048,-1263.071498761069,657.9107164889731,935.0313086555947,2,5,-129.71638544014013,-0.4225289428017594,-3443.375583436138,-3480.7189731590056
1.3,0.65,2.0,60.0,60.0,50.0,307,2,-442.9322113389188,-254.65470048472048,-1429.071498761069,575.9107164889731,807.0313086555947,2,5,-743.7163854401401,-2.4225289428017596,-3443.375583436138,-3480.7189731590056
1.3,0.65,2.0,60.0,60.0,50.0,307,4,-556.9322113389188,-378.6547004847205,-1595.071498761069,493.91071648897315,679.0313086555947,2,5,-1357.7163854401401,-4.422528942801759,-3443.375583436138,-3480.7189731590056
1.3,0.65,2.0,60.0,60.0,50.0,307,6,-670.9322113389188,-502.6547004847205,-1761.071498761069,411.91071648897315,551.0313086555947,2,5,-1971.7163854401401,-6.422528942801759,-3443.375583436138,-3480.7189731590056
1.3,0.65,2.0,60.0,60.0,50.0,307,8,-784.9322113389188,-626.6547004847205,-1927.071498761069,329.91071648897315,423.03130865559467,2,5,-2585.71638544014,-8.42252894280176,-3443.375583436138,-3480.7189731590056
1.3,0.65,2.0,60.0,60.0,50.0,307,10,-898.9322113389188,-750.6547004847205,-2093.071498761069,247.91071648897315,295.03130865559467,2,5,-3199.71638544014,-10.42252894280176,-3443.375583436138,-3480.7189731590056
1.3,0.65,2.0,60.0,60.0,50.0,307,12,-1012.9322113389188,-874.6547004847205,-2259.071498761069,165.91071648897315,167.03130865559467,2,5,-3813.71638544014,-12.42252894280176,-3443.375583436138,-3480.7189731590056
1.3,0.65,2.0,90.0,20.0,15.0,339,0,-382.51514594267064,134.17180416611643,131.47375375358627,75.93008811516881,-24.783170958874962,3,5,-65.72267086667398,-0.19387218544741586,-3582.707612792315,-3505.543167929128
1.3,0.65,2.0,90.0,20.0,15.0,339,2,-514.5151459426706,-3.8281958338835693,-52.526246246413734,-6.0699118848311855,-166.78317095887496,0,5,-743.722670866674,-2.193872185447416,-3582.707612792315,-3505.543167929128
1.3,0.65,2.0,90.0,20.0,15.0,339,4,-646.5151459426706,-141.82819583388357,-236.52624624641373,-88.06991188483119,-308.78317095887496,0,5,-1421.722670866674,-4.1938721854474155,-3582.707612792315,-3505.543167929128
1.3,0.65,2.0,90.0,20.0,15.0,339,6,-778.5151459426706,-279.82819583388357,-420.52624624641373,-170.06991188483119,-450.78317095887496,0,5,-2099.722670866674,-6.1938721854474155,-3582.707612792315,-3505.543167929128
1.3,0.65,2.0,90.0,20.0,15.0,339,8,-910.5151459426706,-417.82819583388357,-604.5262462464137,-252.06991188483119,-592.783170958875,0,5,-2777.722670866674,-8.193872185447416,-3582.707612792315,-3505.543167929128
1.3,0.65,2.0,90.0,20.0,15.0,339,10,-1042.5151459426706,-555.8281958338836,-788.5262462464137,-334.0699118848312,-734.783170958875,0,5,-3455.722670866674,-10.193872185447416,-3582.707612792315,-3505.543167929128
1.3,0.65,2.0,90.0,20.0,15.0,339,12,-1174.5151459426706,-693.8281958338836,-972.5262462464137,-416.0699118848312,-876.783170958875,0,5,-4133.722670866674,-12.193872185447416,-3582.707612792315,-3505.543167929128
1.3,0.65,2.0,90.0,20.0,25.0,328,0,-231.96779366743453,221.0509039501256,-299.67515097811724,101.83406538443194,-88.67673527173235,2,5,-297.4347105827278,-0.9068131420205116,-3704.419652508369,-3627.255207645181
1.3,0.65,2.0,90.0,20.0,25.0,328,2,-359.96779366743453,87.05090395012559,-475.67515097811724,19.834065384431938,-224.67673527173235,2,5,-953.4347105827278,-2.9068131420205114,-3704.419652508369,-3627.255207645181
1.3,0.65,2.0,90.0,20.0,25.0,328,4,-487.96779366743453,-46.94909604987441,-651.6751509781172,-62.16593461556806,-360.67673527173235,0,5,-1609.4347105827278,-4.906813142020511,-3704.419652508369,-3627.255207645181
1.3,0.65,2.0,90.0,20.0,25.0,328,6,-615.9677936674345,-180.9490960498744,-827.6751509781172,-144.16593461556806,-496.67673527173235,0,5,-2265.434710582728,-6.906813142020511,-3704.419652508369,-3627.255207645181
1.3,0.65,2.0,90.0,20.0,25.0,328,8,-743.9677936674345,-314.9490960498744,-1003.6751509781172,-226.16593461556806,-632.6767352717324,0,5,-2921.434710582728,-8.906813142020512,-3704.419652508369,-3627.255207645181
1.3,0.65,2.0,90.0,20.0,25.0,328,10,-871.9677936674345,-448.9490960498744,-1179.6751509781172,-308.16593461556806,-768.6767352717324,0,5,-3577.434710582728,-10.906813142020512,-3704.419652508369,-3627.255207645181
1.3,0.65,2.0,90.0,20.0,25.0,328,12,-999.9677936674345,-582.9490960498745,-1355.6751509781172,-390.16593461556806,-904.6767352717324,0,5,-4233.434710582727,-12.90681314202051,-3704.419652508369,-3627.255207645181
1.3,0.65,2.0,90.0,20.0,35.0,324,0,-245.86329744475086,299.3780566073757,-400.87688687603804,148.08238764883498,-85.32083471622252,2,5,-284.6005747808008,-0.8783968357432124,-3651.585516706442,-3571.454408908384
1.3,0.65,2.0,90.0,20.0,35.0,324,2,-371.86329744475086,165.3780566073757,-576.876886876038,66.08238764883498,-215.32083471622252,2,5,-932.6005747808008,-2.8783968357432124,-3651.585516706442,-3571.454408908384
1.3,0.65,2.0,90.0,20.0,35.0,324,4,-497.86329744475086,31.378056607375697,-752.876886876038,-15.917612351165019,-345.3208347162225,1,5,-1580.6005747808008,-4.878396835743212,-3651.585516706442,-3571.454408908384
1.3,0.65,2.0,90.0,20.0,35.0,324,6,-623.8632974447509,-102.6219433926243,-928.876886876038,-97.91761235116502,-475.3208347162225,0,5,-2228.600574780801,-6.878396835743212,-3651.585516706442,-3571.454408908384
1.3,0.65,2.0,90.0,20.0,35.0,324,8,-749.8632974447509,-236.6219433926243,-1104.876886876038,-179.91761235116502,-605.3208347162225,0,5,-2876.600574780801,-8.878396835743212,-3651.585516706442,-3571.454408908384
1.3,0.65,2.0,90.0,20.0,35.0,324,10,-875.8632974447509,-370.6219433926243,-1280.876886876038,-261.917612351165,-735.3208347162225,0,5,-3524.600574780801,-10.878396835743212,-3651.585516706442,-3571.454408908384
1.3,0.65,2.0,90.0,20.0,35.0,324,12,-1001.8632974447509,-504.6219433926243,-1456.876886876038,-343.917612351165,-865.3208347162225,0,5,-4172.600574780801,-12.878396835743214,-3651.585516706442,-3571.454408908384
1.3,0.65,2.0,90.0,20.0,50.0,320,0,76.45674446646194,193.89676056179582,-275.44409061404394,53.81414819285396,116.46441322465455,4,5,165.18797583172181,0.5162124244741306,-3189.5516974244038,-3140.067203039467
1.3,0.65,2.0,90.0,20.0,50.0,320,2,-45.54325553353806,59.896760561795816,-447.44409061404394,-28.185851807146037,-13.53558677534545,1,5,-474.8120241682782,-1.4837875755258694,-3189.5516974244038,-3140.067203039467
1.3,0.65,2.0,90.0,20.0,50.0,320,4,-167.54325553353806,-74.10323943820418,-619.444090614044,-110.18585180714604,-143.53558677534545,0,5,-1114.8120241682782,-3.483787575525869,-3189.5516974244038,-3140.067203039467
1.3,0.65,2.0,90.0,20.0,50.0,320,6,-289.54325553353806,-208.10323943820418,-791.444090614044,-192.18585180714604,-273.53558677534545,0,5,-1754.8120241682782,-5.483787575525869,-3189.5516974244038,-3140.067203039467
1.3,0.65,2.0,90.0,20.0,50.0,320,8,-411.54325553353806,-342.1032394382042,-963.444090614044,-274.18585180714604,-403.53558677534545,0,5,-2394.812024168278,-7.483787575525869,-3189.5516974244038,-3140.067203039467
1.3,0.65,2.0,90.0,20.0,50.0,320,10,-533.5432555335381,-476.1032394382042,-1135.444090614044,-356.18585180714604,-533.5355867753455,0,5,-3034.812024168278,-9.48378757552587,-3189.5516974244038,-3140.067203039467
1.3,0.65,2.0,90.0,20.0,50.0,320,12,-655.5432555335381,-610.1032394382041,-1307.444090614044,-438.18585180714604,-663.5355867753455,0,5,-3674.812024168278,-11.48378757552587,-3189.5516974244038,-3140.067203039467
1.3,0.65,2.0,90.0,30.0,15.0,338,0,-455.36552968494016,61.08628749918091,205.8469659359472,-54.03405568981168,89.56151040024372,3,5,-152.90482153938046,-0.4523811288147351,-3640.449162194415,-3606.906050448631
1.3,0.65,2.0,90.0,30.0,15.0,338,2,-587.3655296849402,-74.91371250081909,21.846965935947196,-136.03405568981168,-52.43848959975628,1,5,-828.9048215393805,-2.4523811288147352,-3640.449162194415,-3606.906050448631
1.3,0.65,2.0,90.0,30.0,15.0,338,4,-719.3655296849402,-210.9137125008191,-162.1530340640528,-218.03405568981168,-194.43848959975628,0,5,-1504.9048215393805,-4.452381128814735,-3640.449162194415,-3606.906050448631
1.3,0.65,2.0,90.0,30.0,15.0,338,6,-851.3655296849402,-346.9137125008191,-346.1530340640528,-300.0340556898117,-336.4384895997563,0,5,-2180.9048215393805,-6.452381128814735,-3640.449162194415,-3606.906050448631
1.3,0.65,2.0,90.0,30.0,15.0,338,8,-983.3655296849402,-482.9137125008191,-530.1530340640528,-382.0340556898117,-478.4384895997563,0,5,-2856.9048215393805,-8.452381128814736,-3640.449162194415,-3606.906050448631
1.3,0.65,2.0,90.0,30.0,15.0,338,10,-1115.3655296849402,-618.9137125008191,-714.1530340640528,-464.0340556898117,-620.4384895997563,0,5,-3532.9048215393805,-10.452381128814736,-3640.449162194415,-3606.906050448631
1.3,0.65,2.0,90.0,30.0,15.0,338,12,-1247.3655296849402,-754.9137125008191,-898.1530340640528,-546.0340556898117,-762.4384895997563,0,5,-4208.9048215393805,-12.452381128814736,-3640.449162194415,-3606.906050448631
1.3,0.65,2.0,90.0,30.0,25.0,326,0,-327.7360193592664,171.958609973659,-484.3379207287892,181.97982542298035,48.575203585008126,3,5,-409.56030110640813,-1.2563199420441968,-3777.1046417614425,-3698.514094801161
1.3,0.65,2.0,90.0,30.0,25.0,326,2,-453.7360193592664,39.95860997365901,-660.3379207287892,99.97982542298035,-87.42479641499187,2,5,-1061.5603011064081,-3.256319942044197,-3777.1046417614425,-3698.514094801161
1.3,0.65,2.0,90.0,30.0,25.0,326,4,-579.7360193592664,-92.04139002634099,-836.3379207287892,17.979825422980355,-223.42479641499187,1,5,-1713.5603011064081,-5.256319942044197,-3777.1046417614425,-3698.514094801161
1.3,0.65,2.0,90.0,30.0,25.0,326,6,-705.7360193592664,-224.041390026341,-1012.3379207287892,-64.02017457701965,-359.4247964149919,0,5,-2365.560301106408,-7.256319942044197,-3777.1046417614425,-3698.514094801161
1.3,0.65,2.0,90.0,30.0,25.0,326,8,-831.7360193592664,-356.041390026341,-1188.3379207287892,-146.02017457701965,-495.4247964149919,0,5,-3017.560301106408,-9.256319942044197,-3777.1046417614425,-3698.514094801161
1.3,0.65,2.0,90.0,30.0,25.0,326,10,-957.7360193592664,-488.041390026341,-1364.3379207287892,-228.02017457701965,-631.4247964149919,0,5,-3669.560301106408,-11.256319942044197,-3777.1046417614425,-3698.514094801161
1.3,0.65,2.0,90.0,30.0,25.0,326,12,-1083.7360193592663,-620.041390026341,-1540.3379207287892,-310.02017457701965,-767.4247964149919,0,5,-4321.560301106409,-13.256319942044199,-3777.1046417614425,-3698.514094801161
1.3,0.65,2.0,90.0,30.0,35.0,321,0,-558.5348455342839,308.88593824012946,-523.5757785689923,278.6191989465768,91.1302632161113,3,5,-403.4752237004591,-1.2569321610606201,-3764.813028058005,-3686.234047850582
1.3,0.65,2.0,90.0,30.0,35.0,321,2,-680.5348455342839,176.88593824012946,-699.5757785689923,196.61919894657677,-38.8697367838887,2,5,-1045.475223700459,-3.2569321610606203,-3764.813028058005,-3686.234047850582
1.3,0.65,2.0,90.0,30.0,35.0,321,4,-802.5348455342839,44.88593824012946,-875.5757785689923,114.61919894657677,-168.8697367838887,2,5,-1687.475223700459,-5.25693216106062,-3764.813028058005,-3686.234047850582
1.3,0.65,2.0,90.0,30.0,35.0,321,6,-924.5348455342839,-87.11406175987054,-1051.5757785689923,32.61919894657677,-298.8697367838887,1,5,-2329.475223700459,-7.25693216106062,-3764.813028058005,-3686.234047850582
1.3,0.65,2.0,90.0,30.0,35.0,321,8,-1046.534845534284,-219.11406175987054,-1227.5757785689923,-49.38080105342323,-428.8697367838887,0,5,-2971.475223700459,-9.25693216106062,-3764.813028058005,-3686.234047850582
1.3,0.65,2.0,90.0,30.0,35.0,321,10,-1168.534845534284,-351.11406175987054,-1403.5757785689923,-131.38080105342323,-558.8697367838887,0,5,-3613.475223700459,-11.25693216106062,-3764.813028058005,-3686.234047850582
1.3,0.65,2.0,90.0,30.0,35.0,321,12,-1290.534845534284,-483.11406175987054,-1579.5757785689923,-213.38080105342323,-688.8697367838887,0,5,-4255.4752237004595,-13.256932161060622,-3764.813028058005,-3686.234047850582
1.3,0.65,2.0,90.0,30.0,50.0,317,0,-317.6404927394892,190.96114731407232,-466.85221027393914,202.2755748444314,364.5003209756878,3,5,-26.7556598792371,-0.08440271255279842,-3349.911994153867,-3449.709951658828
1.3,0.65,2.0,90.0,30.0,50.0,317,2,-435.6404927394892,58.96114731407232,-638.8522102739391,120.27557484443139,234.50032097568783,3,5,-660.7556598792371,-2.0844027125527984,-3349.911994153867,-3449.709951658828
1.3,0.65,2.0,90.0,30.0,50.0,317,4,-553.6404927394892,-73.03885268592768,-810.8522102739391,38.27557484443139,104.50032097568783,2,5,-1294.755659879237,-4.084402712552799,-3349.911994153867,-3449.709951658828
1.3,0.65,2.0,90.0,30.0,50.0,317,6,-671.6404927394892,-205.03885268592768,-982.8522102739391,-43.72442515556861,-25.499679024312172,0,5,-1928.755659879237,-6.084402712552799,-3349.911994153867,-3449.709951658828
1.3,0.65,2.0,90.0,30.0,50.0,317,8,-789.6404927394892,-337.0388526859277,-1154.8522102739391,-125.72442515556861,-155.49967902431217,0,5,-2562.755659879237,-8.084402712552798,-3349.911994153867,-3449.709951658828
1.3,0.65,2.0,90.0,30.0,50.0,317,10,-907.6404927394892,-469.0388526859277,-1326.8522102739391,-207.7244251555686,-285.4996790243122,0,5,-3196.755659879237,-10.084402712552798,-3349.911994153867,-3449.709951658828
1.3,0.65,2.0,90.0,30.0,50.0,317,12,-1025.6404927394892,-601.0388526859276,-1498.8522102739391,-289.7244251555686,-415.4996790243122,0,5,-3830.755659879237,-12.084402712552798,-3349.911994153867,-3449.709951658828
1.3,0.65,2.0,90.0,40.0,15.0,336,0,-291.5012587975282,-17.977159344154188,-11.574974565219577,92.38897387309277,144.4253288006014,2,5,-84.23909003320796,-0.25071157747978556,-3587.764437162077,-3591.577658469055
1.3,0.65,2.0,90.0,40.0,15.0,336,2,-421.5012587975282,-151.9771593441542,-195.57497456521958,10.388973873092766,2.4253288006013918,2,5,-756.239090033208,-2.2507115774797857,-3587.764437162077,-3591.577658469055
1.3,0.65,2.0,90.0,40.0,15.0,336,4,-551.5012587975282,-285.9771593441542,-379.5749745652196,-71.61102612690723,-139.5746711993986,0,5,-1428.239090033208,-4.250711577479786,-3587.764437162077,-3591.577658469055
1.3,0.65,2.0,90.0,40.0,15.0,336,6,-681.5012587975282,-419.9771593441542,-563.5749745652196,-153.61102612690723,-281.5746711993986,0,5,-2100.239090033208,-6.250711577479786,-3587.764437162077,-3591.577658469055
1.3,0.65,2.0,90.0,40.0,15.0,336,8,-811.5012587975282,-553.9771593441542,-747.5749745652196,-235.61102612690723,-423.5746711993986,0,5,-2772.239090033208,-8.250711577479786,-3587.764437162077,-3591.577658469055
1.3,0.65,2.0,90.0,40.0,15.0,336,10,-941.5012587975282,-687.9771593441542,-931.5749745652196,-317.61102612690723,-565.5746711993986,0,5,-3444.239090033208,-10.250711577479786,-3587.764437162077,-3591.577658469055
1.3,0.65,2.0,90.0,40.0,15.0,336,12,-1071.5012587975282,-821.9771593441542,-1115.5749745652197,-399.61102612690723,-707.5746711993986,0,5,-4116.239090033208,-12.250711577479787,-3587.764437162077,-3591.577658469055
1.3,0.65,2.0,90.0,40.0,25.0,323,0,-176.64234721075752,47.64548408734777,-715.0656895541083,254.18825834480128,192.7206155002491,3,5,-397.153678832467,-1.2295779530416935,-3788.964655968852,-3812.8938789884114
1.3,0.65,2.0,90.0,40.0,25.0,323,2,-300.6423472107575,-80.35451591265223,-891.0656895541083,172.18825834480128,56.720615500249096,2,5,-1043.153678832467,-3.2295779530416935,-3788.964655968852,-3812.8938789884114
1.3,0.65,2.0,90.0,40.0,25.0,323,4,-424.6423472107575,-208.35451591265223,-1067.0656895541083,90.18825834480128,-79.2793844997509,1,5,-1689.153678832467,-5.2295779530416935,-3788.964655968852,-3812.8938789884114
1.3,0.65,2.0,90.0,40.0,25.0,323,6,-548.6423472107575,-336.35451591265223,-1243.0656895541083,8.188258344801284,-215.2793844997509,1,5,-2335.153678832467,-7.2295779530416935,-3788.964655968852,-3812.8938789884114
1.3,0.65,2.0,90.0,40.0,25.0,323,8,-672.6423472107575,-464.35451591265223,-1419.0656895541083,-73.81174165519872,-351.2793844997509,0,5,-2981.153678832467,-9.229577953041693,-3788.964655968852,-3812.8938789884114
1.3,0.65,2.0,90.0,40.0,25.0,323,10,-796.6423472107575,-592.3545159126522,-1595.0656895541083,-155.81174165519872,-487.2793844997509,0,5,-3627.153678832467,-11.229577953041693,-3788.964655968852,-3812.8938789884114
1.3,0.65,2.0,90.0,40.0,25.0,323,12,-920.6423472107575,-720.3545159126522,-1771.0656895541083,-237.81174165519872,-623.2793844997509,0,5,-4273.1536788324665,-13.229577953041693,-3788.964655968852,-3812.8938789884114
1.3,0.65,2.0,90.0,40.0,35.0,318,0,-360.34766658019,57.45784411288753,-783.5369057839548,334.5418759358732,304.29779097580894,3,5,-447.58706133957594,-1.4075064821999244,-3771.112408468444,-3791.457833517012
1.3,0.65,2.0,90.0,40.0,35.0,318,2,-480.34766658019,-70.54215588711247,-959.5369057839548,252.54187593587318,174.29779097580894,2,5,-1083.587061339576,-3.407506482199924,-3771.112408468444,-3791.457833517012
1.3,0.65,2.0,90.0,40.0,35.0,318,4,-600.34766658019,-198.54215588711247,-1135.5369057839548,170.54187593587318,44.29779097580894,2,5,-1719.587061339576,-5.407506482199924,-3771.112408468444,-3791.457833517012
1.3,0.65,2.0,90.0,40.0,35.0,318,6,-720.34766658019,-326.5421558871125,-1311.5369057839548,88.54187593587318,-85.70220902419106,1,5,-2355.587061339576,-7.407506482199924,-3771.112408468444,-3791.457833517012
1.3,0.65,2.0,90.0,40.0,35.0,318,8,-840.34766658019,-454.5421558871125,-1487.5369057839548,6.541875935873179,-215.70220902419106,1,5,-2991.587061339576,-9.407506482199924,-3771.112408468444,-3791.457833517012
1.3,0.65,2.0,90.0,40.0,35.0,318,10,-960.34766658019,-582.5421558871125,-1663.5369057839548,-75.45812406412682,-345.70220902419106,0,5,-3627.587061339576,-11.407506482199924,-3771.112408468444,-3791.457833517012
1.3,0.65,2.0,90.0,40.0,35.0,318,12,-1080.34766658019,-710.5421558871125,-1839.5369057839548,-157.45812406412682,-475.70220902419106,0,5,-4263.587061339576,-13.407506482199926,-3771.112408468444,-3791.457833517012
1.3,0.65,2.0,90.0,40.0,50.0,312,0,-243.0166955223873,-27.487839500703785,-671.9330042426573,308.7498901345975,678.4979852896794,2,5,44.81033615852857,0.14362287230297618,-3299.1934794609097,-3274.160578198431
1.3,0.65,2.0,90.0,40.0,50.0,312,2,-359.0166955223873,-153.48783950070379,-841.9330042426573,226.74989013459748,548.4979852896794,2,5,-579.1896638414714,-1.8563771276970238,-3299.1934794609097,-3274.160578198431
1.3,0.65,2.0,90.0,40.0,50.0,312,4,-475.0166955223873,-279.4878395007038,-1011.9330042426573,144.74989013459748,418.4979852896794,2,5,-1203.1896638414714,-3.856377127697024,-3299.1934794609097,-3274.160578198431
1.3,0.65,2.0,90.0,40.0,50.0,312,6,-591.0166955223873,-405.4878395007038,-1181.9330042426573,62.74989013459748,288.4979852896794,2,5,-1827.1896638414714,-5.856377127697024,-3299.1934794609097,-3274.160578198431
1.3,0.65,2.0,90.0,40.0,50.0,312,8,-707.0166955223873,-531.4878395007038,-1351.9330042426573,-19.25010986540252,158.49798528967935,1,5,-2451.1896638414714,-7.856377127697024,-3299.1934794609097,-3274.160578198431
1.3,0.65,2.0,90.0,40.0,50.0,312,10,-823.0166955223873,-657.4878395007038,-1521.9330042426573,-101.25010986540252,28.49798528967936,1,5,-3075.1896638414714,-9.856377127697025,-3299.1934794609097,-3274.160578198431
1.3,0.65,2.0,90.0,40.0,50.0,312,12,-939.0166955223873,-783.4878395007038,-1691.9330042426573,-183.25010986540252,-101.50201471032064,0,5,-3699.1896638414714,-11.856377127697025,-3299.1934794609097,-3274.160578198431
1.3,0.65,2.0,90.0,60.0,15.0,330,0,-337.73558090001825,-19.60797502664434,-264.9789280710677,314.9303458849185,611.2247757684231,2,5,303.83263765561105,0.9207049625927608,-3226.774268570049,-3358.5125288221197
1.3,0.65,2.0,90.0,60.0,15.0,330,2,-463.73558090001825,-151.60797502664434,-444.9789280710677,232.9303458849185,471.22477576842317,2,5,-356.16736234438895,-1.0792950374072392,-3226.774268570049,-3358.5125288221197
1.3,0.65,2.0,90.0,60.0,15.0,330,4,-589.7355809000182,-283.60797502664434,-624.9789280710677,150.9303458849185,331.22477576842317,2,5,-1016.167362344389,-3.079295037407239,-3226.774268570049,-3358.5125288221197
1.3,0.65,2.0,90.0,60.0,15.0,330,6,-715.7355809000182,-415.60797502664434,-804.9789280710677,68.9303458849185,191.22477576842317,2,5,-1676.167362344389,-5.079295037407239,-3226.774268570049,-3358.5125288221197
1.3,0.65,2.0,90.0,60.0,15.0,330,8,-841.7355809000182,-547.6079750266443,-984.9789280710677,-13.069654115081505,51.22477576842317,1,5,-2336.167362344389,-7.079295037407239,-3226.774268570049,-3358.5125288221197
1.3,0.65,2.0,90.0,60.0,15.0,330,10,-967.7355809000182,-679.6079750266443,-1164.9789280710677,-95.0696541150815,-88.77522423157683,0,5,-2996.167362344389,-9.07929503740724,-3226.774268570049,-3358.5125288221197
1.3,0.65,2.0,90.0,60.0,15.0,330,12,-1093.7355809000182,-811.6079750266443,-1344.9789280710677,-177.0696541150815,-228.77522423157683,0,5,-3656.167362344389,-11.07929503740724,-3226.774268570049,-3358.5125288221197
1.3,0.65,2.0,90.0,60.0,25.0,316,0,-151.75697902006618,-20.707187726741495,-918.6579546848427,489.58854265508796,738.4842819901564,2,5,136.95070321359435,0.43338830130884287,-3258.912474431382,-3388.490359437177
1.3,0.65,2.0,90.0,60.0,25.0,316,2,-271.7569790200662,-144.7071877267415,-1090.6579546848427,407.58854265508796,604.4842819901564,2,5,-495.04929678640565,-1.5666116986911571,-3258.912474431382,-3388.490359437177
1.3,0.65,2.0,90.0,60.0,25.0,316,4,-391.7569790200662,-268.7071877267415,-1262.6579546848427,325.58854265508796,470.48428199015643,2,5,-1127.0492967864056,-3.566611698691157,-3258.912474431382,-3388.490359437177
1.3,0.65,2.0,90.0,60.0,25.0,316,6,-511.7569790200662,-392.7071877267415,-1434.6579546848427,243.58854265508796,336.48428199015643,2,5,-1759.0492967864056,-5.566611698691157,-3258.912474431382,-3388.490359437177
1.3,0.65,2.0,90.0,60.0,25.0,316,8,-631.7569790200662,-516.7071877267415,-1606.6579546848427,161.58854265508796,202.48428199015643,2,5,-2391.0492967864056,-7.566611698691157,-3258.912474431382,-3388.490359437177
1.3,0.65,2.0,90.0,60.0,25.0,316,10,-751.7569790200662,-640.7071877267415,-1778.6579546848427,79.58854265508796,68.48428199015643,2,5,-3023.0492967864056,-9.566611698691156,-3258.912474431382,-3388.490359437177
1.3,0.65,2.0,90.0,60.0,25.0,316,12,-871.7569790200662,-764.7071877267415,-1950.6579546848427,-2.411457344912037,-65.51571800984357,0,5,-3655.0492967864056,-11.566611698691156,-3258.912474431382,-3388.490359437177
1.3,0.65,2.0,90.0,60.0,35.0,312,0,-138.6680049327348,-30.661973950603056,-963.2239197191425,581.0353199330327,833.780148489876,2,5,282.2615698204281,0.9046845186552184,-3073.8551873683127,-3163.497618167091
1.3,0.65,2.0,90.0,60.0,35.0,312,2,-256.6680049327348,-154.66197395060306,-1135.2239197191425,499.0353199330328,705.780148489876,2,5,-341.7384301795719,-1.0953154813447816,-3073.8551873683127,-3163.497618167091
1.3,0.65,2.0,90.0,60.0,35.0,312,4,-374.6680049327348,-278.66197395060306,-1307.2239197191425,417.0353199330328,577.780148489876,2,5,-965.7384301795719,-3.0953154813447816,-3073.8551873683127,-3163.497618167091
1.3,0.65,2.0,90.0,60.0,35.0,312,6,-492.6680049327348,-402.66197395060306,-1479.2239197191425,335.0353199330328,449.780148489876,2,5,-1589.7384301795719,-5.095315481344782,-3073.8551873683127,-3163.497618167091
1.3,0.65,2.0,90.0,60.0,35.0,312,8,-610.6680049327348,-526.661973950603,-1651.2239197191425,253.03531993303278,321.780148489876,2,5,-2213.738430179572,-7.095315481344782,-3073.8551873683127,-3163.497618167091
1.3,0.65,2.0,90.0,60.0,35.0,312,10,-728.6680049327348,-650.661973950603,-1823.2239197191425,171.03531993303278,193.780148489876,2,5,-2837.738430179572,-9.095315481344782,-3073.8551873683127,-3163.497618167091
1.3,0.65,2.0,90.0,60.0,35.0,312,12,-846.6680049327348,-774.661973950603,-1995.2239197191425,89.03531993303278,65.78014848987601,2,5,-3461.738430179572,-11.095315481344782,-3073.8551873683127,-3163.497618167091
1.3,0.65,2.0,90.0,60.0,50.0,305,0,-127.01865371462702,37.10955405453785,-1116.576704889112,555.243334131757,1226.3465836455318,3,5,575.104113228088,1.8855872564855343,-2810.06895971177,-2785.4916412972166
1.3,0.65,2.0,90.0,60.0,50.0,305,2,-241.01865371462702,-84.89044594546215,-1280.576704889112,473.243334131757,1098.3465836455318,2,5,-34.895886771912046,-0.11441274351446573,-2810.06895971177,-2785.4916412972166
1.3,0.65,2.0,90.0,60.0,50.0,305,4,-355.018653714627,-206.89044594546215,-1444.576704889112,391.243334131757,970.3465836455318,2,5,-644.895886771912,-2.1144127435144657,-2810.06895971177,-2785.4916412972166
1.3,0.65,2.0,90.0,60.0,50.0,305,6,-469.018653714627,-328.89044594546215,-1608.576704889112,309.243334131757,842.3465836455318,2,5,-1254.895886771912,-4.114412743514466,-2810.06895971177,-2785.4916412972166
1.3,0.65,2.0,90.0,60.0,50.0,305,8,-583.018653714627,-450.89044594546215,-1772.576704889112,227.24333413175702,714.3465836455318,2,5,-1864.895886771912,-6.114412743514466,-2810.06895971177,-2785.4916412972166
1.3,0.65,2.0,90.0,60.0,50.0,305,10,-697.018653714627,-572.8904459454621,-1936.576704889112,145.24333413175702,586.3465836455318,2,5,-2474.895886771912,-8.114412743514466,-2810.06895971177,-2785.4916412972166
1.3,0.65,2.0,90.0,60.0,50.0,305,12,-811.018653714627,-694.8904459454621,-2100.576704889112,63.243334131757024,458.34658364553184,2,5,-3084.895886771912,-10.114412743514466,-2810.06895971177,-2785.4916412972166
1.3,0.65,2.0,120.0,20.0,15.0,339,0,-382.51514594267064,103.06517845045948,131.47375375358627,75.93008811516881,-24.783170958874962,3,5,-96.82929658233115,-0.28563214331071135,-3613.814238507972,-3536.649793644785
1.3,0.65,2.0,120.0,20.0,15.0,339,2,-514.5151459426706,-34.934821549540516,-52.526246246413734,-6.0699118848311855,-166.78317095887496,0,5,-774.8292965823312,-2.2856321433107114,-3613.814238507972,-3536.649793644785
1.3,0.65,2.0,120.0,20.0,15.0,339,4,-646.5151459426706,-172.93482154954052,-236.52624624641373,-88.06991188483119,-308.78317095887496,0,5,-1452.8292965823312,-4.285632143310711,-3613.814238507972,-3536.649793644785
1.3,0.65,2.0,120.0,20.0,15.0,339,6,-778.5151459426706,-310.9348215495405,-420.52624624641373,-170.06991188483119,-450.78317095887496,0,5,-2130.829296582331,-6.285632143310711,-3613.814238507972,-3536.649793644785
1.3,0.65,2.0,120.0,20.0,15.0,339,8,-910.5151459426706,-448.9348215495405,-604.5262462464137,-252.06991188483119,-592.783170958875,0,5,-2808.829296582331,-8.28563214331071,-3613.814238507972,-3536.649793644785
1.3,0.65,2.0,120.0,20.0,15.0,339,10,-1042.5151459426706,-586.9348215495405,-788.5262462464137,-334.0699118848312,-734.783170958875,0,5,-3486.829296582331,-10.28563214331071,-3613.814238507972,-3536.649793644785
1.3,0.65,2.0,120.0,20.0,15.0,339,12,-1174.5151459426706,-724.9348215495405,-972.5262462464137,-416.0699118848312,-876.783170958875,0,5,-4164.829296582331,-12.28563214331071,-3613.814238507972,-3536.649793644785
1.3,0.65,2.0,120.0,20.0,25.0,328,0,-217.78632204000633,190.87347182785112,-299.67515097811724,101.83406538443194,-88.67673527173235,2,5,-313.4306710775736,-0.9555813142608951,-3720.415613003215,-3643.2511681400274
1.3,0.65,2.0,120.0,20.0,25.0,328,2,-345.7863220400063,56.87347182785112,-475.67515097811724,19.834065384431938,-224.67673527173235,2,5,-969.4306710775736,-2.955581314260895,-3720.415613003215,-3643.2511681400274
1.3,0.65,2.0,120.0,20.0,25.0,328,4,-473.7863220400063,-77.12652817214888,-651.6751509781172,-62.16593461556806,-360.67673527173235,0,5,-1625.4306710775736,-4.955581314260895,-3720.415613003215,-3643.2511681400274
1.3,0.65,2.0,120.0,20.0,25.0,328,6,-601.7863220400063,-211.12652817214888,-827.6751509781172,-144.16593461556806,-496.67673527173235,0,5,-2281.4306710775736,-6.955581314260895,-3720.415613003215,-3643.2511681400274
1.3,0.65,2.0,120.0,20.0,25.0,328,8,-729.7863220400063,-345.1265281721489,-1003.6751509781172,-226.16593461556806,-632.6767352717324,0,5,-2937.4306710775736,-8.955581314260895,-3720.415613003215,-3643.2511681400274
1.3,0.65,2.0,120.0,20.0,25.0,328,10,-857.7863220400063,-479.1265281721489,-1179.6751509781172,-308.16593461556806,-768.6767352717324,0,5,-3593.4306710775736,-10.955581314260895,-3720.415613003215,-3643.2511681400274
1.3,0.65,2.0,120.0,20.0,25.0,328,12,-985.7863220400063,-613.1265281721489,-1355.6751509781172,-390.16593461556806,-904.6767352717324,0,5,-4249.430671077574,-12.955581314260895,-3720.415613003215,-3643.2511681400274
1.3,0.65,2.0,120.0,20.0,35.0,324,0,-225.7146304287977,269.2006244851013,-412.0381410134919,148.08238764883498,-67.02217468547269,2,5,-287.491933993826,-0.8873207839315618,-3654.476875919467,-3574.345768121409
1.3,0.65,2.0,120.0,20.0,35.0,324,2,-351.7146304287977,135.2006244851013,-588.0381410134919,66.08238764883498,-197.0221746854727,2,5,-935.491933993826,-2.8873207839315618,-3654.476875919467,-3574.345768121409
1.3,0.65,2.0,120.0,20.0,35.0,324,4,-477.7146304287977,1.2006244851012866,-764.0381410134919,-15.917612351165019,-327.0221746854727,1,5,-1583.491933993826,-4.887320783931562,-3654.476875919467,-3574.345768121409
1.3,0.65,2.0,120.0,20.0,35.0,324,6,-603.7146304287977,-132.7993755148987,-940.0381410134919,-97.91761235116502,-457.0221746854727,0,5,-2231.491933993826,-6.887320783931562,-3654.476875919467,-3574.345768121409
1.3,0.65,2.0,120.0,20.0,35.0,324,8,-729.7146304287977,-266.7993755148987,-1116.038141013492,-179.91761235116502,-587.0221746854727,0,5,-2879.491933993826,-8.887320783931562,-3654.476875919467,-3574.345768121409
1.3,0.65,2.0,120.0,20.0,35.0,324,10,-855.7146304287977,-400.7993755148987,-1292.038141013492,-261.917612351165,-717.0221746854727,0,5,-3527.491933993826,-10.887320783931562,-3654.476875919467,-3574.345768121409
1.3,0.65,2.0,120.0,20.0,35.0,324,12,-981.7146304287977,-534.7993755148987,-1468.038141013492,-343.917612351165,-847.0221746854727,0,5,-4175.491933993826,-12.887320783931562,-3654.476875919467,-3574.345768121409
1.3,0.65,2.0,120.0,20.0,50.0,320,0,131.24792772851208,79.2907177360944,-304.74689341557655,45.24804964078862,139.69169364528102,4,5,90.73149533509968,0.2835359229221865,-3324.1131717896005,-3242.7445671563646
1.3,0.65,2.0,120.0,20.0,50.0,320,2,9.247927728512082,-54.70928226390561,-476.74689341557655,-36.75195035921138,9.69169364528102,2,5,-549.2685046649003,-1.7164640770778135,-3324.1131717896005,-3242.7445671563646
1.3,0.65,2.0,120.0,20.0,50.0,320,4,-112.75207227148792,-188.7092822639056,-648.7468934155766,-118.75195035921138,-120.30830635471898,0,5,-1189.2685046649003,-3.7164640770778137,-3324.1131717896005,-3242.7445671563646
1.3,0.65,2.0,120.0,20.0,50.0,320,6,-234.75207227148792,-322.7092822639056,-820.7468934155766,-200.75195035921138,-250.30830635471898,0,5,-1829.2685046649003,-5.716464077077814,-3324.1131717896005,-3242.7445671563646
1.3,0.65,2.0,120.0,20.0,50.0,320,8,-356.7520722714879,-456.7092822639056,-992.7468934155766,-282.7519503592114,-380.308306354719,0,5,-2469.2685046649003,-7.716464077077814,-3324.1131717896005,-3242.7445671563646
1.3,0.65,2.0,120.0,20.0,50.0,320,10,-478.7520722714879,-590.7092822639056,-1164.7468934155766,-364.7519503592114,-510.308306354719,0,5,-3109.2685046649003,-9.716464077077813,-3324.1131717896005,-3242.7445671563646
1.3,0.65,2.0,120.0,20.0,50.0,320,12,-600.7520722714879,-724.7092822639056,-1336.7468934155766,-446.7519503592114,-640.308306354719,0,5,-3749.2685046649003,-11.716464077077813,-3324.1131717896005,-3242.7445671563646
1.3,0.65,2.0,120.0,30.0,15.0,338,0,-455.36552968494016,29.97966178352374,224.9504313290671,-54.03405568981168,89.56151040024372,3,5,-164.90798186191705,-0.48789343746129304,-3652.452322516952,-3603.302119162778
1.3,0.65,2.0,120.0,30.0,15.0,338,2,-587.3655296849402,-106.02033821647626,40.9504313290671,-136.03405568981168,-52.43848959975628,1,5,-840.907981861917,-2.487893437461293,-3652.452322516952,-3603.302119162778
1.3,0.65,2.0,120.0,30.0,15.0,338,4,-719.3655296849402,-242.02033821647626,-143.0495686709329,-218.03405568981168,-194.43848959975628,0,5,-1516.907981861917,-4.487893437461293,-3652.452322516952,-3603.302119162778
1.3,0.65,2.0,120.0,30.0,15.0,338,6,-851.3655296849402,-378.02033821647626,-327.0495686709329,-300.0340556898117,-336.4384895997563,0,5,-2192.907981861917,-6.487893437461293,-3652.452322516952,-3603.302119162778
1.3,0.65,2.0,120.0,30.0,15.0,338,8,-983.3655296849402,-514.0203382164763,-511.0495686709329,-382.0340556898117,-478.4384895997563,0,5,-2868.907981861917,-8.487893437461294,-3652.452322516952,-3603.302119162778
1.3,0.65,2.0,120.0,30.0,15.0,338,10,-1115.3655296849402,-650.0203382164763,-695.0495686709329,-464.0340556898117,-620.4384895997563,0,5,-3544.907981861917,-10.487893437461294,-3652.452322516952,-3603.302119162778
1.3,0.65,2.0,120.0,30.0,15.0,338,12,-1247.3655296849402,-786.0203382164763,-879.0495686709329,-546.0340556898117,-762.4384895997563,0,5,-4220.9079818619175,-12.487893437461294,-3652.452322516952,-3603.302119162778
1.3,0.65,2.0,120.0,30.0,25.0,326,0,-313.55454773183817,141.78117785138465,-463.3657714037529,181.97982542298035,77.6505764417251,3,5,-375.5087394195011,-1.1518672988328256,-3743.053080074536,-3666.760108804749
1.3,0.65,2.0,120.0,30.0,25.0,326,2,-439.55454773183817,9.781177851384655,-639.3657714037529,99.97982542298035,-58.34942355827491,2,5,-1027.5087394195011,-3.1518672988328253,-3743.053080074536,-3666.760108804749
1.3,0.65,2.0,120.0,30.0,25.0,326,4,-565.5545477318382,-122.21882214861535,-815.3657714037529,17.979825422980355,-194.3494235582749,1,5,-1679.5087394195011,-5.151867298832825,-3743.053080074536,-3666.760108804749
1.3,0.65,2.0,120.0,30.0,25.0,326,6,-691.5545477318382,-254.21882214861535,-991.3657714037529,-64.02017457701965,-330.3494235582749,0,5,-2331.508739419501,-7.151867298832825,-3743.053080074536,-3666.760108804749
1.3,0.65,2.0,120.0,30.0,25.0,326,8,-817.5545477318382,-386.21882214861535,-1167.365771403753,-146.02017457701965,-466.3494235582749,0,5,-2983.508739419501,-9.151867298832826,-3743.053080074536,-3666.760108804749
1.3,0.65,2.0,120.0,30.0,25.0,326,10,-943.5545477318382,-518.2188221486153,-1343.365771403753,-228.02017457701965,-602.3494235582749,0,5,-3635.508739419501,-11.151867298832826,-3743.053080074536,-3666.760108804749
1.3,0.65,2.0,120.0,30.0,25.0,326,12,-1069.5545477318383,-650.2188221486153,-1519.365771403753,-310.02017457701965,-738.3494235582749,0,5,-4287.508739419502,-13.151867298832826,-3743.053080074536,-3666.760108804749
1.3,0.65,2.0,120.0,30.0,35.0,321,0,-538.3861785183308,276.3229559606756,-514.017456915024,278.6191989465768,138.5042961035782,3,5,-358.95718442252473,-1.1182466804440023,-3686.802812907234,-3641.7160085726473
1.3,0.65,2.0,120.0,30.0,35.0,321,2,-660.3861785183308,144.32295596067559,-690.017456915024,196.61919894657677,8.504296103578213,3,5,-1000.9571844225247,-3.118246680444002,-3686.802812907234,-3641.7160085726473
1.3,0.65,2.0,120.0,30.0,35.0,321,4,-782.3861785183308,12.322955960675586,-866.017456915024,114.61919894657677,-121.49570389642179,2,5,-1642.9571844225247,-5.1182466804440025,-3686.802812907234,-3641.7160085726473
1.3,0.65,2.0,120.0,30.0,35.0,321,6,-904.3861785183308,-119.67704403932441,-1042.017456915024,32.61919894657677,-251.4957038964218,1,5,-2284.9571844225247,-7.1182466804440025,-3686.802812907234,-3641.7160085726473
1.3,0.65,2.0,120.0,30.0,35.0,321,8,-1026.3861785183308,-251.67704403932441,-1218.017456915024,-49.38080105342323,-381.4957038964218,0,5,-2926.9571844225247,-9.118246680444003,-3686.802812907234,-3641.7160085726473
1.3,0.65,2.0,120.0,30.0,35.0,321,10,-1148.3861785183308,-383.6770440393244,-1394.017456915024,-131.38080105342323,-511.4957038964218,0,5,-3568.9571844225247,-11.118246680444003,-3686.802812907234,-3641.7160085726473
1.3,0.65,2.0,120.0,30.0,35.0,321,12,-1270.3861785183308,-515.6770440393244,-1570.017456915024,-213.38080105342323,-641.4957038964218,0,5,-4210.957184422525,-13.118246680444003,-3686.802812907234,-3641.7160085726473
1.3,0.65,2.0,120.0,30.0,50.0,316,0,-254.31805355158644,73.96955433119126,-475.43543728404916,230.64287078138085,447.24184866167457,3,5,22.10078293861079,0.0699391865145911,-3333.536742876034,-3419.074392461256
1.3,0.65,2.0,120.0,30.0,50.0,316,2,-370.31805355158644,-58.03044566880874,-647.4354372840492,148.64287078138085,317.24184866167457,2,5,-609.8992170613892,-1.930060813485409,-3333.536742876034,-3419.074392461256
1.3,0.65,2.0,120.0,30.0,50.0,316,4,-486.31805355158644,-190.03044566880874,-819.4354372840492,66.64287078138085,187.2418486616746,2,5,-1241.8992170613892,-3.930060813485409,-3333.536742876034,-3419.074392461256
1.3,0.65,2.0,120.0,30.0,50.0,316,6,-602.3180535515864,-322.03044566880874,-991.4354372840492,-15.35712921861915,57.241848661674595,1,5,-1873.8992170613892,-5.930060813485409,-3333.536742876034,-3419.074392461256
1.3,0.65,2.0,120.0,30.0,50.0,316,8,-718.3180535515864,-454.03044566880874,-1163.4354372840492,-97.35712921861915,-72.7581513383254,0,5,-2505.899217061389,-7.930060813485409,-3333.536742876034,-3419.074392461256
1.3,0.65,2.0,120.0,30.0,50.0,316,10,-834.3180535515864,-586.0304456688087,-1335.4354372840492,-179.35712921861915,-202.7581513383254,0,5,-3137.899217061389,-9.930060813485408,-3333.536742876034,-3419.074392461256
1.3,0.65,2.0,120.0,30.0,50.0,316,12,-950.3180535515864,-718.0304456688087,-1507.4354372840492,-261.35712921861915,-332.75815133832543,0,5,-3769.899217061389,-11.930060813485408,-3333.536742876034,-3419.074392461256
1.3,0.65,2.0,120.0,40.0,15.0,336,0,-291.5012587975282,-60.2040309130316,13.654662243291568,106.41196744752943,162.6815131040879,3,5,-68.95714691565081,-0.20522960391562742,-3572.48249404452,-3576.295715351498
1.3,0.65,2.0,120.0,40.0,15.0,336,2,-421.5012587975282,-194.2040309130316,-170.34533775670843,24.411967447529435,20.681513104087912,2,5,-740.9571469156508,-2.2052296039156274,-3572.48249404452,-3576.295715351498
1.3,0.65,2.0,120.0,40.0,15.0,336,4,-551.5012587975282,-328.2040309130316,-354.34533775670843,-57.588032552470565,-121.31848689591209,0,5,-1412.9571469156508,-4.205229603915628,-3572.48249404452,-3576.295715351498
1.3,0.65,2.0,120.0,40.0,15.0,336,6,-681.5012587975282,-462.2040309130316,-538.3453377567084,-139.58803255247057,-263.3184868959121,0,5,-2084.957146915651,-6.205229603915628,-3572.48249404452,-3576.295715351498
1.3,0.65,2.0,120.0,40.0,15.0,336,8,-811.5012587975282,-596.2040309130316,-722.3453377567084,-221.58803255247057,-405.3184868959121,0,5,-2756.957146915651,-8.205229603915628,-3572.48249404452,-3576.295715351498
1.3,0.65,2.0,120.0,40.0,15.0,336,10,-941.5012587975282,-730.2040309130316,-906.3453377567084,-303.58803255247057,-547.3184868959121,0,5,-3428.957146915651,-10.205229603915628,-3572.48249404452,-3576.295715351498
1.3,0.65,2.0,120.0,40.0,15.0,336,12,-1071.5012587975282,-864.2040309130316,-1090.3453377567084,-385.58803255247057,-689.3184868959121,0,5,-4100.957146915651,-12.205229603915628,-3572.48249404452,-3576.295715351498
1.3,0.65,2.0,120.0,40.0,25.0,323,0,-162.46087558332943,6.34780611185306,-683.5778624891925,281.20891866570935,249.16098594515358,3,5,-309.3210273498062,-0.9576502394730841,-3701.1320044861914,-3753.282111126026
1.3,0.65,2.0,120.0,40.0,25.0,323,2,-286.4608755833294,-121.65219388814694,-859.5778624891925,199.20891866570935,113.16098594515358,2,5,-955.3210273498062,-2.957650239473084,-3701.1320044861914,-3753.282111126026
1.3,0.65,2.0,120.0,40.0,25.0,323,4,-410.4608755833294,-249.65219388814694,-1035.5778624891925,117.20891866570935,-22.839014054846416,1,5,-1601.3210273498062,-4.957650239473084,-3701.1320044861914,-3753.282111126026
1.3,0.65,2.0,120.0,40.0,25.0,323,6,-534.4608755833294,-377.65219388814694,-1211.5778624891925,35.20891866570935,-158.83901405484642,1,5,-2247.321027349806,-6.957650239473084,-3701.1320044861914,-3753.282111126026
1.3,0.65,2.0,120.0,40.0,25.0,323,8,-658.4608755833294,-505.65219388814694,-1387.5778624891925,-46.79108133429065,-294.8390140548464,0,5,-2893.321027349806,-8.957650239473084,-3701.1320044861914,-3753.282111126026
1.3,0.65,2.0,120.0,40.0,25.0,323,10,-782.4608755833294,-633.6521938881469,-1563.5778624891925,-128.79108133429065,-430.8390140548464,0,5,-3539.321027349806,-10.957650239473084,-3701.1320044861914,-3753.282111126026
1.3,0.65,2.0,120.0,40.0,25.0,323,12,-906.4608755833294,-761.6521938881469,-1739.5778624891925,-210.79108133429065,-566.8390140548464,0,5,-4185.321027349806,-12.957650239473084,-3701.1320044861914,-3753.282111126026
1.3,0.65,2.0,120.0,40.0,35.0,318,0,-340.19899956423683,26.40448901413629,-773.0549593183064,348.7514092822089,379.0368214514633,3,5,-359.06123913473493,-1.1291233935054559,-3682.586586263604,-3718.3417679578743
1.3,0.65,2.0,120.0,40.0,35.0,318,2,-460.19899956423683,-101.59551098586371,-949.0549593183064,266.7514092822089,249.0368214514633,2,5,-995.0612391347349,-3.1291233935054557,-3682.586586263604,-3718.3417679578743
1.3,0.65,2.0,120.0,40.0,35.0,318,4,-580.1989995642368,-229.5955109858637,-1125.0549593183064,184.7514092822089,119.03682145146331,2,5,-1631.061239134735,-5.129123393505456,-3682.586586263604,-3718.3417679578743
1.3,0.65,2.0,120.0,40.0,35.0,318,6,-700.1989995642368,-357.5955109858637,-1301.0549593183064,102.7514092822089,-10.963178548536689,1,5,-2267.061239134735,-7.129123393505456,-3682.586586263604,-3718.3417679578743
1.3,0.65,2.0,120.0,40.0,35.0,318,8,-820.1989995642368,-485.5955109858637,-1477.0549593183064,20.75140928220889,-140.9631785485367,1,5,-2903.061239134735,-9.129123393505456,-3682.586586263604,-3718.3417679578743
1.3,0.65,2.0,120.0,40.0,35.0,318,10,-940.1989995642368,-613.5955109858637,-1653.0549593183064,-61.24859071779111,-270.9631785485367,0,5,-3539.061239134735,-11.129123393505456,-3682.586586263604,-3718.3417679578743
1.3,0.65,2.0,120.0,40.0,35.0,318,12,-1060.1989995642368,-741.5955109858637,-1829.0549593183064,-143.2485907177911,-400.9631785485367,0,5,-4175.061239134735,-13.129123393505456,-3682.586586263604,-3718.3417679578743
1.3,0.65,2.0,120.0,40.0,50.0,310,0,-203.15553291581796,-142.96980530288215,-669.1931960268992,351.3267194178827,781.8259194841446,2,5,117.83410465642783,0.38011001502073494,-3207.9874671699918,-3196.5465663462346
1.3,0.65,2.0,120.0,40.0,50.0,310,2,-317.15553291581796,-268.96980530288215,-837.1931960268992,269.3267194178827,651.8259194841446,2,5,-502.1658953435722,-1.6198899849792652,-3207.9874671699918,-3196.5465663462346
1.3,0.65,2.0,120.0,40.0,50.0,310,4,-431.15553291581796,-394.96980530288215,-1005.1931960268992,187.3267194178827,521.8259194841446,2,5,-1122.1658953435722,-3.619889984979265,-3207.9874671699918,-3196.5465663462346
1.3,0.65,2.0,120.0,40.0,50.0,310,6,-545.155532915818,-520.9698053028822,-1173.1931960268992,105.32671941788271,391.8259194841446,2,5,-1742.1658953435722,-5.619889984979265,-3207.9874671699918,-3196.5465663462346
1.3,0.65,2.0,120.0,40.0,50.0,310,8,-659.155532915818,-646.9698053028822,-1341.1931960268992,23.326719417882707,261.8259194841446,2,5,-2362.165895343572,-7.619889984979265,-3207.9874671699918,-3196.5465663462346
1.3,0.65,2.0,120.0,40.0,50.0,310,10,-773.155532915818,-772.9698053028822,-1509.1931960268992,-58.67328058211729,131.82591948414463,1,5,-2982.165895343572,-9.619889984979265,-3207.9874671699918,-3196.5465663462346
1.3,0.65,2.0,120.0,40.0,50.0,310,12,-887.155532915818,-898.9698053028822,-1677.1931960268992,-140.6732805821173,1.8259194841446345,1,5,-3602.165895343572,-11.619889984979265,-3207.9874671699918,-3196.5465663462346
1.3,0.65,2.0,120.0,60.0,15.0,330,0,-297.4515855376528,-109.15399684086685,-222.29086784644096,319.87766502629586,573.1172605353739,2,5,264.0984753367097,0.8002984101112416,-3266.7663961480825,-3384.947094942708
1.3,0.65,2.0,120.0,60.0,15.0,330,2,-423.4515855376528,-241.15399684086685,-402.29086784644096,237.87766502629586,433.11726053537393,2,5,-395.9015246632903,-1.1997015898887584,-3266.7663961480825,-3384.947094942708
1.3,0.65,2.0,120.0,60.0,15.0,330,4,-549.4515855376528,-373.15399684086685,-582.290867846441,155.87766502629586,293.11726053537393,2,5,-1055.9015246632903,-3.1997015898887584,-3266.7663961480825,-3384.947094942708
1.3,0.65,2.0,120.0,60.0,15.0,330,6,-675.4515855376528,-505.15399684086685,-762.290867846441,73.87766502629586,153.11726053537393,2,5,-1715.9015246632903,-5.199701589888758,-3266.7663961480825,-3384.947094942708
1.3,0.65,2.0,120.0,60.0,15.0,330,8,-801.4515855376528,-637.1539968408669,-942.290867846441,-8.122334973704142,13.117260535373916,1,5,-2375.9015246632903,-7.199701589888758,-3266.7663961480825,-3384.947094942708
1.3,0.65,2.0,120.0,60.0,15.0,330,10,-927.4515855376528,-769.1539968408669,-1122.290867846441,-90.12233497370414,-126.88273946462608,0,5,-3035.9015246632903,-9.199701589888758,-3266.7663961480825,-3384.947094942708
1.3,0.65,2.0,120.0,60.0,15.0,330,12,-1053.4515855376528,-901.1539968408669,-1302.290867846441,-172.12233497370414,-266.88273946462607,0,5,-3695.9015246632903,-11.199701589888758,-3266.7663961480825,-3384.947094942708
1.3,0.65,2.0,120.0,60.0,25.0,316,0,-43.6188575402748,-109.38154665648358,-930.362952969756,508.82133612309815,723.6291846815743,2,5,149.08716363815893,0.47179482163974346,-3246.776014006818,-3418.1938085145903
1.3,0.65,2.0,120.0,60.0,25.0,316,2,-163.6188575402748,-233.38154665648358,-1102.362952969756,426.82133612309815,589.6291846815743,2,5,-482.9128363618411,-1.5282051783602566,-3246.776014006818,-3418.1938085145903
1.3,0.65,2.0,120.0,60.0,25.0,316,4,-283.6188575402748,-357.3815466564836,-1274.362952969756,344.82133612309815,455.6291846815743,2,5,-1114.912836361841,-3.5282051783602566,-3246.776014006818,-3418.1938085145903
1.3,0.65,2.0,120.0,60.0,25.0,316,6,-403.6188575402748,-481.3815466564836,-1446.362952969756,262.82133612309815,321.6291846815743,2,5,-1746.912836361841,-5.528205178360256,-3246.776014006818,-3418.1938085145903
1.3,0.65,2.0,120.0,60.0,25.0,316,8,-523.6188575402748,-605.3815466564836,-1618.362952969756,180.82133612309815,187.62918468157432,2,5,-2378.912836361841,-7.528205178360256,-3246.776014006818,-3418.1938085145903
1.3,0.65,2.0,120.0,60.0,25.0,316,10,-643.6188575402748,-729.3815466564836,-1790.362952969756,98.82133612309816,53.6291846815743,2,5,-3010.912836361841,-9.528205178360256,-3246.776014006818,-3418.1938085145903
1.3,0.65,2.0,120.0,60.0,25.0,316,12,-763.6188575402748,-853.3815466564836,-1962.362952969756,16.821336123098163,-80.3708153184257,1,5,-3642.912836361841,-11.528205178360256,-3246.776014006818,-3418.1938085145903
1.3,0.65,2.0,120.0,60.0,35.0,312,0,-67.11314928036734,-119.88792122387099,-953.919624881954,587.4569864264706,840.6693963151804,2,5,287.2056873554584,0.9205310492162128,-3069.1690350924146,-3187.692467560739
1.3,0.65,2.0,120.0,60.0,35.0,312,2,-185.11314928036734,-243.887921223871,-1125.919624881954,505.45698642647056,712.6693963151804,2,5,-336.7943126445416,-1.0794689507837871,-3069.1690350924146,-3187.692467560739
1.3,0.65,2.0,120.0,60.0,35.0,312,4,-303.11314928036734,-367.887921223871,-1297.919624881954,423.45698642647056,584.6693963151804,2,5,-960.7943126445416,-3.079468950783787,-3069.1690350924146,-3187.692467560739
1.3,0.65,2.0,120.0,60.0,35.0,312,6,-421.11314928036734,-491.887921223871,-1469.919624881954,341.45698642647056,456.66939631518045,2,5,-1584.7943126445416,-5.079468950783787,-3069.1690350924146,-3187.692467560739
1.3,0.65,2.0,120.0,60.0,35.0,312,8,-539.1131492803673,-615.887921223871,-1641.919624881954,259.45698642647056,328.66939631518045,2,5,-2208.7943126445416,-7.079468950783787,-3069.1690350924146,-3187.692467560739
1.3,0.65,2.0,120.0,60.0,35.0,312,10,-657.1131492803673,-739.887921223871,-1813.919624881954,177.45698642647056,200.66939631518045,2,5,-2832.7943126445416,-9.079468950783788,-3069.1690350924146,-3187.692467560739
1.3,0.65,2.0,120.0,60.0,35.0,312,12,-775.1131492803673,-863.887921223871,-1985.919624881954,95.45698642647056,72.66939631518045,2,5,-3456.7943126445416,-11.079468950783788,-3069.1690350924146,-3187.692467560739
1.3,0.65,2.0,120.0,60.0,50.0,303,0,-26.698281917333702,-13.000395969229203,-1101.3951768096745,590.0322965621444,1288.6008052208417,2,5,737.5392470867491,2.43412292767904,-2636.586574899043,-2641.248494921544
1.3,0.65,2.0,120.0,60.0,50.0,303,2,-138.6982819173337,-135.0003959692292,-1263.3951768096745,508.0322965621444,1160.6008052208417,2,5,131.53924708674913,0.43412292767904004,-2636.586574899043,-2641.248494921544
1.3,0.65,2.0,120.0,60.0,50.0,303,4,-250.6982819173337,-257.0003959692292,-1425.3951768096745,426.0322965621444,1032.6008052208417,2,5,-474.4607529132509,-1.56587707232096,-2636.586574899043,-2641.248494921544
1.3,0.65,2.0,120.0,60.0,50.0,303,6,-362.6982819173337,-379.0003959692292,-1587.3951768096745,344.0322965621444,904.6008052208417,2,5,-1080.4607529132509,-3.56587707232096,-2636.586574899043,-2641.248494921544
1.3,0.65,2.0,120.0,60.0,50.0,303,8,-474.6982819173337,-501.0003959692292,-1749.3951768096745,262.0322965621444,776.6008052208417,2,5,-1686.4607529132509,-5.56587707232096,-2636.586574899043,-2641.248494921544
1.3,0.65,2.0,120.0,60.0,50.0,303,10,-586.6982819173337,-623.0003959692292,-1911.3951768096745,180.03229656214438,648.6008052208417,2,5,-2292.460752913251,-7.56587707232096,-2636.586574899043,-2641.248494921544
1.3,0.65,2.0,120.0,60.0,50.0,303,12,-698.6982819173337,-745.0003959692292,-2073.3951768096745,98.03229656214438,520.6008052208417,2,5,-2898.460752913251,-9.56587707232096,-2636.586574899043,-2641.248494921544
1.5,0.6,1.5,60.0,20.0,15.0,68,0,-59.64563949525285,-157.02683223844508,-4.729329110434634,43.71285597586238,-29.40096161763111,1,5,-207.08990648590134,-3.045439801263255,-919.7714891881031,-901.5745243839224
1.5,0.6,1.5,60.0,20.0,15.0,68,2,-83.64563949525285,-179.02683223844508,-54.729329110434634,31.712855975862382,-57.40096161763111,1,5,-343.08990648590134,-5.045439801263255,-919.7714891881031,-901.5745243839224
1.5,0.6,1.5,60.0,20.0,15.0,68,4,-107.64563949525285,-201.02683223844508,-104.72932911043463,19.712855975862382,-85.40096161763111,1,5,-479.08990648590134,-7.045439801263255,-919.7714891881031,-901.5745243839224
1.5,0.6,1.5,60.0,20.0,15.0,68,6,-131.64563949525285,-223.02683223844508,-154.72932911043463,7.712855975862382,-113.40096161763111,1,5,-615.0899064859013,-9.045439801263255,-919.7714891881031,-901.5745243839224
1.5,0.6,1.5,60.0,20.0,15.0,68,8,-155.64563949525285,-245.02683223844508,-204.72932911043463,-4.287144024137618,-141.4009616176311,0,5,-751.0899064859013,-11.045439801263255,-919.7714891881031,-901.5745243839224
1.5,0.6,1.5,60.0,20.0,15.0,68,10,-179.64563949525285,-267.0268322384451,-254.72932911043463,-16.287144024137618,-169.4009616176311,0,5,-887.0899064859013,-13.045439801263255,-919.7714891881031,-901.5745243839224
1.5,0.6,1.5,60.0,20.0,15.0,68,12,-203.64563949525285,-289.0268322384451,-304.7293291104346,-28.287144024137618,-197.4009616176311,0,5,-1023.0899064859013,-15.045439801263255,-919.7714891881031,-901.5745243839224
1.5,0.6,1.5,60.0,20.0,25.0,66,0,34.0991006993047,-91.9133483899991,-59.495410637757175,31.596248683525307,-109.2304931748836,2,5,-194.94390281980986,-2.9536954972698464,-892.6804800672932,-864.2220699243572
1.5,0.6,1.5,60.0,20.0,25.0,66,2,10.0991006993047,-113.9133483899991,-107.49541063775717,19.596248683525307,-135.2304931748836,2,5,-326.94390281980986,-4.953695497269846,-892.6804800672932,-864.2220699243572
1.5,0.6,1.5,60.0,20.0,25.0,66,4,-13.9008993006953,-135.9133483899991,-155.49541063775717,7.596248683525307,-161.2304931748836,1,5,-458.94390281980986,-6.953695497269846,-892.6804800672932,-864.2220699243572
1.5,0.6,1.5,60.0,20.0,25.0,66,6,-37.9008993006953,-157.9133483899991,-203.49541063775717,-4.403751316474693,-187.2304931748836,0,5,-590.9439028198099,-8.953695497269846,-892.6804800672932,-864.2220699243572
1.5,0.6,1.5,60.0,20.0,25.0,66,8,-61.9008993006953,-179.9133483899991,-251.49541063775717,-16.403751316474693,-213.2304931748836,0,5,-722.9439028198099,-10.953695497269846,-892.6804800672932,-864.2220699243572
1.5,0.6,1.5,60.0,20.0,25.0,66,10,-85.9008993006953,-201.9133483899991,-299.4954106377572,-28.403751316474693,-239.2304931748836,0,5,-854.9439028198099,-12.953695497269846,-892.6804800672932,-864.2220699243572
1.5,0.6,1.5,60.0,20.0,25.0,66,12,-109.9008993006953,-223.9133483899991,-347.4954106377572,-40.4037513164747,-265.2304931748836,0,5,-986.9439028198099,-14.953695497269846,-892.6804800672932,-864.2220699243572
1.5,0.6,1.5,60.0,20.0,35.0,66,0,-19.875032188247673,-55.37752809711321,48.85401910257295,-11.455446893955212,-190.92175527777016,1,5,-228.77574335451322,-3.466299141735049,-928.41814793871,-906.8814047851412
1.5,0.6,1.5,60.0,20.0,35.0,66,2,-43.87503218824767,-77.37752809711321,0.8540191025729484,-23.455446893955212,-216.92175527777016,1,5,-360.7757433545132,-5.466299141735049,-928.41814793871,-906.8814047851412
1.5,0.6,1.5,60.0,20.0,35.0,66,4,-67.87503218824767,-99.37752809711321,-47.14598089742705,-35.45544689395521,-242.92175527777016,0,5,-492.7757433545132,-7.466299141735049,-928.41814793871,-906.8814047851412
1.5,0.6,1.5,60.0,20.0,35.0,66,6,-91.87503218824767,-121.37752809711321,-95.14598089742705,-47.45544689395521,-268.92175527777016,0,5,-624.7757433545132,-9.46629914173505,-928.41814793871,-906.8814047851412
1.5,0.6,1.5,60.0,20.0,35.0,66,8,-115.87503218824767,-143.3775280971132,-143.14598089742705,-59.45544689395521,-294.92175527777016,0,5,-756.7757433545132,-11.46629914173505,-928.41814793871,-906.8814047851412
1.5,0.6,1.5,60.0,20.0,35.0,66,10,-139.87503218824767,-165.3775280971132,-191.14598089742705,-71.45544689395521,-320.92175527777016,0,5,-888.7757433545132,-13.46629914173505,-928.41814793871,-906.8814047851412
1.5,0.6,1.5,60.0,20.0,35.0,66,12,-163.87503218824767,-187.3775280971132,-239.14598089742705,-83.45544689395521,-346.92175527777016,0,5,-1020.7757433545132,-15.46629914173505,-928.41814793871,-906.8814047851412
1.5,0.6,1.5,60.0,20.0,50.0,66,0,-78.34027293504917,-18.940937841643006,100.78022788100395,-13.511982190201437,-143.55886724055898,1,5,-153.57183232644877,-2.326845944340133,-853.2142369106455,-883.8607479180156
1.5,0.6,1.5,60.0,20.0,50.0,66,2,-102.34027293504917,-40.940937841643006,52.78022788100395,-25.511982190201437,-169.55886724055898,1,5,-285.57183232644877,-4.326845944340133,-853.2142369106455,-883.8607479180156
1.5,0.6,1.5,60.0,20.0,50.0,66,4,-126.34027293504917,-62.940937841643006,4.7802278810039525,-37.51198219020144,-195.55886724055898,1,5,-417.57183232644877,-6.326845944340133,-853.2142369106455,-883.8607479180156
1.5,0.6,1.5,60.0,20.0,50.0,66,6,-150.34027293504917,-84.940937841643,-43.21977211899605,-49.51198219020144,-221.55886724055898,0,5,-549.5718323264488,-8.326845944340134,-853.2142369106455,-883.8607479180156
1.5,0.6,1.5,60.0,20.0,50.0,66,8,-174.34027293504917,-106.940937841643,-91.21977211899605,-61.51198219020144,-247.55886724055898,0,5,-681.5718323264488,-10.326845944340134,-853.2142369106455,-883.8607479180156
1.5,0.6,1.5,60.0,20.0,50.0,66,10,-198.34027293504917,-128.940937841643,-139.21977211899605,-73.51198219020144,-273.558867240559,0,5,-813.5718323264488,-12.326845944340134,-853.2142369106455,-883.8607479180156
1.5,0.6,1.5,60.0,20.0,50.0,66,12,-222.34027293504917,-150.940937841643,-187.21977211899605,-85.51198219020144,-299.558867240559,0,5,-945.5718323264488,-14.326845944340134,-853.2142369106455,-883.8607479180156
1.5,0.6,1.5,60.0,30.0,15.0,67,0,-101.86868804510837,-182.6814768616655,-12.742702084719838,63.63208899152792,-18.717371967197096,1,5,-252.3781499671628,-3.7668380592113855,-995.0579239958668,-966.665009815439
1.5,0.6,1.5,60.0,30.0,15.0,67,2,-123.86868804510837,-204.6814768616655,-62.74270208471984,51.63208899152792,-46.717371967197096,1,5,-386.3781499671628,-5.766838059211385,-995.0579239958668,-966.665009815439
1.5,0.6,1.5,60.0,30.0,15.0,67,4,-145.86868804510837,-226.6814768616655,-112.74270208471984,39.63208899152792,-74.7173719671971,1,5,-520.3781499671628,-7.766838059211385,-995.0579239958668,-966.665009815439
1.5,0.6,1.5,60.0,30.0,15.0,67,6,-167.86868804510837,-248.6814768616655,-162.74270208471984,27.632088991527922,-102.7173719671971,1,5,-654.3781499671628,-9.766838059211386,-995.0579239958668,-966.665009815439
1.5,0.6,1.5,60.0,30.0,15.0,67,8,-189.86868804510837,-270.6814768616655,-212.74270208471984,15.632088991527922,-130.7173719671971,1,5,-788.3781499671628,-11.766838059211386,-995.0579239958668,-966.665009815439
1.5,0.6,1.5,60.0,30.0,15.0,67,10,-211.86868804510837,-292.6814768616655,-262.74270208471984,3.6320889915279215,-158.7173719671971,1,5,-922.3781499671628,-13.766838059211386,-995.0579239958668,-966.665009815439
1.5,0.6,1.5,60.0,30.0,15.0,67,12,-233.86868804510837,-314.6814768616655,-312.74270208471984,-8.367911008472078,-186.7173719671971,0,5,-1056.3781499671627,-15.766838059211384,-995.0579239958668,-966.665009815439
1.5,0.6,1.5,60.0,30.0,25.0,65,0,-1.4310068182912374,-149.53362277542698,-77.91047697275326,106.9623918074578,-49.46933378568798,1,5,-171.38204854470177,-2.63664690068772,-894.0618225734056,-853.6888682421094
1.5,0.6,1.5,60.0,30.0,25.0,65,2,-23.431006818291237,-171.53362277542698,-125.91047697275326,94.9623918074578,-75.46933378568798,1,5,-301.3820485447018,-4.63664690068772,-894.0618225734056,-853.6888682421094
1.5,0.6,1.5,60.0,30.0,25.0,65,4,-45.43100681829124,-193.53362277542698,-173.91047697275326,82.9623918074578,-101.46933378568798,1,5,-431.3820485447018,-6.63664690068772,-894.0618225734056,-853.6888682421094
1.5,0.6,1.5,60.0,30.0,25.0,65,6,-67.43100681829124,-215.53362277542698,-221.91047697275326,70.9623918074578,-127.46933378568798,1,5,-561.3820485447018,-8.636646900687719,-894.0618225734056,-853.6888682421094
1.5,0.6,1.5,60.0,30.0,25.0,65,8,-89.43100681829124,-237.53362277542698,-269.91047697275326,58.962391807457806,-153.46933378568798,1,5,-691.3820485447018,-10.636646900687719,-894.0618225734056,-853.6888682421094
1.5,0.6,1.5,60.0,30.0,25.0,65,10,-111.43100681829124,-259.533622775427,-317.91047697275326,46.962391807457806,-179.46933378568798,1,5,-821.3820485447018,-12.636646900687719,-894.0618225734056,-853.6888682421094
1.5,0.6,1.5,60.0,30.0,25.0,65,12,-133.43100681829122,-281.533622775427,-365.91047697275326,34.962391807457806,-205.46933378568798,1,5,-951.3820485447018,-14.636646900687719,-894.0618225734056,-853.6888682421094
1.5,0.6,1.5,60.0,30.0,35.0,65,0,-78.29783270093657,-101.90848756437799,97.77965534450445,63.9106962299773,-131.16059588857445,2,5,-149.67656457940734,-2.302716378144728,-872.3563386081112,-831.983384276815
1.5,0.6,1.5,60.0,30.0,35.0,65,2,-100.29783270093657,-123.90848756437799,49.77965534450445,51.9106962299773,-157.16059588857445,2,5,-279.67656457940734,-4.302716378144728,-872.3563386081112,-831.983384276815
1.5,0.6,1.5,60.0,30.0,35.0,65,4,-122.29783270093657,-145.908487564378,1.779655344504448,39.9106962299773,-183.16059588857445,2,5,-409.67656457940734,-6.302716378144728,-872.3563386081112,-831.983384276815
1.5,0.6,1.5,60.0,30.0,35.0,65,6,-144.29783270093657,-167.908487564378,-46.22034465549555,27.910696229977297,-209.16059588857445,1,5,-539.6765645794073,-8.302716378144728,-872.3563386081112,-831.983384276815
1.5,0.6,1.5,60.0,30.0,35.0,65,8,-166.29783270093657,-189.908487564378,-94.22034465549555,15.910696229977297,-235.16059588857445,1,5,-669.6765645794073,-10.302716378144728,-872.3563386081112,-831.983384276815
1.5,0.6,1.5,60.0,30.0,35.0,65,10,-188.29783270093657,-211.908487564378,-142.22034465549555,3.910696229977298,-261.16059588857445,1,5,-799.6765645794073,-12.302716378144728,-872.3563386081112,-831.983384276815
1.5,0.6,1.5,60.0,30.0,35.0,65,12,-210.29783270093657,-233.908487564378,-190.22034465549555,-8.089303770022703,-287.16059588857445,0,5,-929.6765645794073,-14.302716378144728,-872.3563386081112,-831.983384276815
1.5,0.6,1.5,60.0,30.0,50.0,65,0,-154.05175713557344,-71.92464648291383,157.60058202355418,61.854160933731066,-118.9559327580273,2,5,-125.47759341922938,-1.9304245141419905,-848.1573674479332,-871.1783965709233
1.5,0.6,1.5,60.0,30.0,50.0,65,2,-176.05175713557344,-93.92464648291383,109.60058202355417,49.854160933731066,-144.9559327580273,2,5,-255.47759341922938,-3.9304245141419902,-848.1573674479332,-871.1783965709233
1.5,0.6,1.5,60.0,30.0,50.0,65,4,-198.05175713557344,-115.92464648291383,61.60058202355417,37.854160933731066,-170.9559327580273,2,5,-385.4775934192294,-5.930424514141991,-848.1573674479332,-871.1783965709233
1.5,0.6,1.5,60.0,30.0,50.0,65,6,-220.05175713557344,-137.92464648291383,13.600582023554168,25.854160933731066,-196.9559327580273,2,5,-515.4775934192294,-7.930424514141991,-848.1573674479332,-871.1783965709233
1.5,0.6,1.5,60.0,30.0,50.0,65,8,-242.05175713557344,-159.92464648291383,-34.39941797644583,13.854160933731066,-222.9559327580273,1,5,-645.4775934192294,-9.93042451414199,-848.1573674479332,-871.1783965709233
1.5,0.6,1.5,60.0,30.0,50.0,65,10,-264.05175713557344,-181.92464648291383,-82.39941797644583,1.854160933731066,-248.9559327580273,1,5,-775.4775934192294,-11.93042451414199,-848.1573674479332,-871.1783965709233
1.5,0.6,1.5,60.0,30.0,50.0,65,12,-286.05175713557344,-203.92464648291383,-130.39941797644582,-10.145839066268934,-274.9559327580273,0,5,-905.4775934192294,-13.93042451414199,-848.1573674479332,-871.1783965709233
1.5,0.6,1.5,60.0,40.0,15.0,66,0,-91.28792861466249,-258.0102567022848,-144.68779650041267,98.37629495358763,-64.03795509570983,1,5,-459.64764195948237,-6.964358211507308,-1223.4713516363693,-1195.0784374559414
1.5,0.6,1.5,60.0,40.0,15.0,66,2,-111.28792861466249,-280.0102567022848,-194.68779650041267,86.37629495358763,-92.03795509570983,1,5,-591.6476419594824,-8.964358211507308,-1223.4713516363693,-1195.0784374559414
1.5,0.6,1.5,60.0,40.0,15.0,66,4,-131.2879286146625,-302.0102567022848,-244.68779650041267,74.37629495358763,-120.03795509570983,1,5,-723.6476419594824,-10.964358211507308,-1223.4713516363693,-1195.0784374559414
1.5,0.6,1.5,60.0,40.0,15.0,66,6,-151.2879286146625,-324.0102567022848,-294.6877965004127,62.37629495358763,-148.03795509570983,1,5,-855.6476419594824,-12.964358211507308,-1223.4713516363693,-1195.0784374559414
1.5,0.6,1.5,60.0,40.0,15.0,66,8,-171.2879286146625,-346.0102567022848,-344.6877965004127,50.37629495358763,-176.03795509570983,1,5,-987.6476419594824,-14.964358211507308,-1223.4713516363693,-1195.0784374559414
1.5,0.6,1.5,60.0,40.0,15.0,66,10,-191.2879286146625,-368.0102567022848,-394.6877965004127,38.37629495358763,-204.03795509570983,1,5,-1119.6476419594824,-16.96435821150731,-1223.4713516363693,-1195.0784374559414
1.5,0.6,1.5,60.0,40.0,15.0,66,12,-211.2879286146625,-390.0102567022848,-444.6877965004127,26.37629495358763,-232.03795509570983,1,5,-1251.6476419594824,-18.96435821150731,-1223.4713516363693,-1195.0784374559414
1.5,0.6,1.5,60.0,40.0,25.0,64,0,-86.20820481123931,-233.50112318063537,-218.329768441382,141.70659776951751,-77.10465139730616,1,5,-473.4371500610457,-7.397455469703839,-1217.2608597379324,-1158.063677751333
1.5,0.6,1.5,60.0,40.0,25.0,64,2,-106.20820481123931,-255.50112318063537,-266.329768441382,129.70659776951751,-103.10465139730616,1,5,-601.4371500610457,-9.39745546970384,-1217.2608597379324,-1158.063677751333
1.5,0.6,1.5,60.0,40.0,25.0,64,4,-126.20820481123931,-277.5011231806354,-314.329768441382,117.70659776951751,-129.10465139730616,1,5,-729.4371500610457,-11.39745546970384,-1217.2608597379324,-1158.063677751333
1.5,0.6,1.5,60.0,40.0,25.0,64,6,-146.2082048112393,-299.5011231806354,-362.329768441382,105.70659776951751,-155.10465139730616,1,5,-857.4371500610457,-13.39745546970384,-1217.2608597379324,-1158.063677751333
1.5,0.6,1.5,60.0,40.0,25.0,64,8,-166.2082048112393,-321.5011231806354,-410.329768441382,93.70659776951751,-181.10465139730616,1,5,-985.4371500610457,-15.39745546970384,-1217.2608597379324,-1158.063677751333
1.5,0.6,1.5,60.0,40.0,25.0,64,10,-186.2082048112393,-343.5011231806354,-458.329768441382,81.70659776951751,-207.10465139730616,1,5,-1113.4371500610457,-17.39745546970384,-1217.2608597379324,-1158.063677751333
1.5,0.6,1.5,60.0,40.0,25.0,64,12,-206.2082048112393,-365.5011231806354,-506.329768441382,69.70659776951751,-233.10465139730616,1,5,-1241.4371500610457,-19.39745546970384,-1217.2608597379324,-1158.063677751333
1.5,0.6,1.5,60.0,40.0,35.0,64,0,-175.93726757990106,-159.70495358186298,-55.61455631035727,98.65490219203701,-158.79591350019268,1,5,-451.39778878027687,-7.053090449691826,-1195.2214984571638,-1143.868830004496
1.5,0.6,1.5,60.0,40.0,35.0,64,2,-195.93726757990106,-181.70495358186298,-103.61455631035727,86.65490219203701,-184.79591350019268,1,5,-579.3977887802769,-9.053090449691826,-1195.2214984571638,-1143.868830004496
1.5,0.6,1.5,60.0,40.0,35.0,64,4,-215.93726757990106,-203.70495358186298,-151.61455631035727,74.65490219203701,-210.79591350019268,1,5,-707.3977887802769,-11.053090449691826,-1195.2214984571638,-1143.868830004496
1.5,0.6,1.5,60.0,40.0,35.0,64,6,-235.93726757990106,-225.70495358186298,-199.61455631035727,62.65490219203701,-236.79591350019268,1,5,-835.3977887802769,-13.053090449691826,-1195.2214984571638,-1143.868830004496
1.5,0.6,1.5,60.0,40.0,35.0,64,8,-255.93726757990106,-247.70495358186298,-247.61455631035727,50.65490219203701,-262.7959135001927,1,5,-963.3977887802769,-15.053090449691826,-1195.2214984571638,-1143.868830004496
1.5,0.6,1.5,60.0,40.0,35.0,64,10,-275.93726757990106,-269.704953581863,-295.6145563103573,38.65490219203701,-288.7959135001927,1,5,-1091.3977887802769,-17.053090449691826,-1195.2214984571638,-1143.868830004496
1.5,0.6,1.5,60.0,40.0,35.0,64,12,-295.93726757990106,-291.704953581863,-343.6145563103573,26.654902192037007,-314.7959135001927,1,5,-1219.3977887802769,-19.053090449691826,-1195.2214984571638,-1143.868830004496
1.5,0.6,1.5,60.0,40.0,50.0,63,0,-268.5849350474398,-129.7211125003988,197.0484203922232,96.59836689579078,-146.59125036964554,2,5,-251.25051062947023,-3.988103343324924,-985.074220306357,-1013.054080271623
1.5,0.6,1.5,60.0,40.0,50.0,63,2,-288.5849350474398,-151.7211125003988,151.0484203922232,84.59836689579078,-172.59125036964554,2,5,-377.2505106294702,-5.988103343324925,-985.074220306357,-1013.054080271623
1.5,0.6,1.5,60.0,40.0,50.0,63,4,-308.5849350474398,-173.7211125003988,105.04842039222318,72.59836689579078,-198.59125036964554,2,5,-503.2505106294702,-7.988103343324925,-985.074220306357,-1013.054080271623
1.5,0.6,1.5,60.0,40.0,50.0,63,6,-328.5849350474398,-195.7211125003988,59.04842039222318,60.59836689579077,-224.59125036964554,2,5,-629.2505106294702,-9.988103343324925,-985.074220306357,-1013.054080271623
1.5,0.6,1.5,60.0,40.0,50.0,63,8,-348.5849350474398,-217.7211125003988,13.048420392223179,48.59836689579077,-250.59125036964554,2,5,-755.2505106294702,-11.988103343324925,-985.074220306357,-1013.054080271623
1.5,0.6,1.5,60.0,40.0,50.0,63,10,-368.5849350474398,-239.7211125003988,-32.95157960777682,36.59836689579077,-276.59125036964554,1,5,-881.2505106294702,-13.988103343324925,-985.074220306357,-1013.054080271623
1.5,0.6,1.5,60.0,40.0,50.0,63,12,-388.5849350474398,-261.7211125003988,-78.95157960777682,24.598366895790768,-302.59125036964554,1,5,-1007.2505106294702,-15.988103343324925,-985.074220306357,-1013.054080271623
1.5,0.6,1.5,60.0,60.0,15.0,65,0,-185.6097869992716,-310.7452767882103,-323.3476804532744,124.85318957649335,43.357708337404844,2,5,-651.491846326858,-10.022951481951662,-1405.3155560037449,-1418.8032915781805
1.5,0.6,1.5,60.0,60.0,15.0,65,2,-203.6097869992716,-332.7452767882103,-373.3476804532744,112.85318957649335,15.357708337404844,2,5,-781.491846326858,-12.022951481951662,-1405.3155560037449,-1418.8032915781805
1.5,0.6,1.5,60.0,60.0,15.0,65,4,-221.6097869992716,-354.7452767882103,-423.3476804532744,100.85318957649335,-12.642291662595156,1,5,-911.491846326858,-14.022951481951662,-1405.3155560037449,-1418.8032915781805
1.5,0.6,1.5,60.0,60.0,15.0,65,6,-239.6097869992716,-376.7452767882103,-473.3476804532744,88.85318957649335,-40.642291662595156,1,5,-1041.491846326858,-16.02295148195166,-1405.3155560037449,-1418.8032915781805
1.5,0.6,1.5,60.0,60.0,15.0,65,8,-257.6097869992716,-398.7452767882103,-523.3476804532744,76.85318957649335,-68.64229166259516,1,5,-1171.491846326858,-18.02295148195166,-1405.3155560037449,-1418.8032915781805
1.5,0.6,1.5,60.0,60.0,15.0,65,10,-275.6097869992716,-420.7452767882103,-573.3476804532744,64.85318957649335,-96.64229166259516,1,5,-1301.491846326858,-20.02295148195166,-1405.3155560037449,-1418.8032915781805
1.5,0.6,1.5,60.0,60.0,15.0,65,12,-293.6097869992716,-442.7452767882103,-623.3476804532744,52.85318957649335,-124.64229166259516,1,5,-1431.491846326858,-22.02295148195166,-1405.3155560037449,-1418.8032915781805
1.5,0.6,1.5,60.0,60.0,25.0,63,0,-183.76870036959326,-286.2361432665608,-440.90352048899945,144.4649174656637,39.98352253140645,2,5,-726.4599241280837,-11.53110990679498,-1460.2836338049703,-1442.9671015732342
1.5,0.6,1.5,60.0,60.0,25.0,63,2,-201.76870036959326,-308.2361432665608,-488.90352048899945,132.4649174656637,13.98352253140645,2,5,-852.4599241280837,-13.53110990679498,-1460.2836338049703,-1442.9671015732342
1.5,0.6,1.5,60.0,60.0,25.0,63,4,-219.76870036959326,-330.2361432665608,-536.9035204889994,120.46491746566369,-12.01647746859355,1,5,-978.4599241280837,-15.53110990679498,-1460.2836338049703,-1442.9671015732342
1.5,0.6,1.5,60.0,60.0,25.0,63,6,-237.76870036959326,-352.2361432665608,-584.9035204889994,108.46491746566369,-38.01647746859355,1,5,-1104.4599241280837,-17.531109906794978,-1460.2836338049703,-1442.9671015732342
1.5,0.6,1.5,60.0,60.0,25.0,63,8,-255.76870036959326,-374.2361432665608,-632.9035204889994,96.46491746566369,-64.01647746859355,1,5,-1230.4599241280837,-19.531109906794978,-1460.2836338049703,-1442.9671015732342
1.5,0.6,1.5,60.0,60.0,25.0,63,10,-273.76870036959326,-396.2361432665608,-680.9035204889994,84.46491746566369,-90.01647746859355,1,5,-1356.4599241280837,-21.531109906794978,-1460.2836338049703,-1442.9671015732342
1.5,0.6,1.5,60.0,60.0,25.0,63,12,-291.76870036959326,-418.2361432665608,-728.9035204889994,72.46491746566369,-116.01647746859355,1,5,-1482.4599241280837,-23.531109906794978,-1460.2836338049703,-1442.9671015732342
1.5,0.6,1.5,60.0,60.0,35.0,63,0,-260.6355262522385,-221.06524835955804,-254.76772438451871,101.41322188818319,-41.70773957148006,1,5,-676.7630166796123,-10.742270106025591,-1410.5867263564992,-1393.270194124763
1.5,0.6,1.5,60.0,60.0,35.0,63,2,-278.6355262522385,-243.06524835955804,-302.7677243845187,89.41322188818319,-67.70773957148006,1,5,-802.7630166796123,-12.742270106025591,-1410.5867263564992,-1393.270194124763
1.5,0.6,1.5,60.0,60.0,35.0,63,4,-296.6355262522385,-265.06524835955804,-350.7677243845187,77.41322188818319,-93.70773957148006,1,5,-928.7630166796123,-14.742270106025591,-1410.5867263564992,-1393.270194124763
1.5,0.6,1.5,60.0,60.0,35.0,63,6,-314.6355262522385,-287.06524835955804,-398.7677243845187,65.41322188818319,-119.70773957148006,1,5,-1054.7630166796123,-16.742270106025593,-1410.5867263564992,-1393.270194124763
1.5,0.6,1.5,60.0,60.0,35.0,63,8,-332.6355262522385,-309.06524835955804,-446.7677243845187,53.41322188818318,-145.70773957148006,1,5,-1180.7630166796123,-18.742270106025593,-1410.5867263564992,-1393.270194124763
1.5,0.6,1.5,60.0,60.0,35.0,63,10,-350.6355262522385,-331.06524835955804,-494.7677243845187,41.41322188818318,-171.70773957148006,1,5,-1306.7630166796123,-20.742270106025593,-1410.5867263564992,-1393.270194124763
1.5,0.6,1.5,60.0,60.0,35.0,63,12,-368.6355262522385,-353.06524835955804,-542.7677243845187,29.41322188818318,-197.70773957148006,1,5,-1432.7630166796123,-22.742270106025593,-1410.5867263564992,-1393.270194124763
1.5,0.6,1.5,60.0,60.0,50.0,62,0,-366.1359956939697,-165.79200141811202,-13.013385111648802,99.35668659193696,-29.50307644093283,1,5,-475.08777207272647,-7.6627060011730075,-1198.9114817496134,-1274.642554774209
1.5,0.6,1.5,60.0,60.0,50.0,62,2,-384.1359956939697,-187.79200141811202,-59.0133851116488,87.35668659193696,-55.50307644093283,1,5,-599.0877720727265,-9.662706001173008,-1198.9114817496134,-1274.642554774209
1.5,0.6,1.5,60.0,60.0,50.0,62,4,-402.1359956939697,-209.79200141811202,-105.0133851116488,75.35668659193696,-81.50307644093283,1,5,-723.0877720727265,-11.662706001173008,-1198.9114817496134,-1274.642554774209
1.5,0.6,1.5,60.0,60.0,50.0,62,6,-420.1359956939697,-231.79200141811202,-151.0133851116488,63.35668659193696,-107.50307644093283,1,5,-847.0877720727265,-13.662706001173008,-1198.9114817496134,-1274.642554774209
1.5,0.6,1.5,60.0,60.0,50.0,62,8,-438.1359956939697,-253.79200141811202,-197.0133851116488,51.35668659193696,-133.50307644093283,1,5,-971.0877720727265,-15.662706001173008,-1198.9114817496134,-1274.642554774209
1.5,0.6,1.5,60.0,60.0,50.0,62,10,-456.1359956939697,-275.792001418112,-243.0133851116488,39.35668659193696,-159.50307644093283,1,5,-1095.0877720727265,-17.662706001173007,-1198.9114817496134,-1274.642554774209
1.5,0.6,1.5,60.0,60.0,50.0,62,12,-474.1359956939697,-297.792001418112,-289.0133851116488,27.356686591936963,-185.50307644093283,1,5,-1219.0877720727265,-19.662706001173007,-1198.9114817496134,-1274.642554774209
1.5,0.6,1.5,90.0,20.0,15.0,68,0,-59.64563949525285,-157.02683223844508,-55.538285825301216,43.71285597586238,-29.40096161763111,1,5,-257.898863200768,-3.7926303411877647,-970.5804459029696,-947.1770303053152
1.5,0.6,1.5,90.0,20.0,15.0,68,2,-83.64563949525285,-179.02683223844508,-105.53828582530122,31.712855975862382,-57.40096161763111,1,5,-393.898863200768,-5.792630341187765,-970.5804459029696,-947.1770303053152
1.5,0.6,1.5,90.0,20.0,15.0,68,4,-107.64563949525285,-201.02683223844508,-155.53828582530122,19.712855975862382,-85.40096161763111,1,5,-529.898863200768,-7.792630341187765,-970.5804459029696,-947.1770303053152
1.5,0.6,1.5,90.0,20.0,15.0,68,6,-131.64563949525285,-223.02683223844508,-205.53828582530122,7.712855975862382,-113.40096161763111,1,5,-665.898863200768,-9.792630341187765,-970.5804459029696,-947.1770303053152
1.5,0.6,1.5,90.0,20.0,15.0,68,8,-155.64563949525285,-245.02683223844508,-255.53828582530122,-4.287144024137618,-141.4009616176311,0,5,-801.898863200768,-11.792630341187765,-970.5804459029696,-947.1770303053152
1.5,0.6,1.5,90.0,20.0,15.0,68,10,-179.64563949525285,-267.0268322384451,-305.5382858253012,-16.287144024137618,-169.4009616176311,0,5,-937.898863200768,-13.792630341187765,-970.5804459029696,-947.1770303053152
1.5,0.6,1.5,90.0,20.0,15.0,68,12,-203.64563949525285,-289.0268322384451,-355.5382858253012,-28.287144024137618,-197.4009616176311,0,5,-1073.8988632007681,-15.792630341187767,-970.5804459029696,-947.1770303053152
1.5,0.6,1.5,90.0,20.0,25.0,66,0,34.0991006993047,-91.7404513675109,-110.30436735262379,31.596248683525307,-109.2304931748836,2,5,-245.57996251218844,-3.7209085229119463,-943.3165397596716,-914.8581296167356
1.5,0.6,1.5,90.0,20.0,25.0,66,2,10.0991006993047,-113.7404513675109,-158.30436735262379,19.596248683525307,-135.2304931748836,2,5,-377.57996251218844,-5.720908522911946,-943.3165397596716,-914.8581296167356
1.5,0.6,1.5,90.0,20.0,25.0,66,4,-13.9008993006953,-135.7404513675109,-206.30436735262379,7.596248683525307,-161.2304931748836,1,5,-509.57996251218844,-7.720908522911946,-943.3165397596716,-914.8581296167356
1.5,0.6,1.5,90.0,20.0,25.0,66,6,-37.9008993006953,-157.7404513675109,-254.30436735262379,-4.403751316474693,-187.2304931748836,0,5,-641.5799625121884,-9.720908522911946,-943.3165397596716,-914.8581296167356
1.5,0.6,1.5,90.0,20.0,25.0,66,8,-61.9008993006953,-179.7404513675109,-302.3043673526238,-16.403751316474693,-213.2304931748836,0,5,-773.5799625121884,-11.720908522911946,-943.3165397596716,-914.8581296167356
1.5,0.6,1.5,90.0,20.0,25.0,66,10,-85.9008993006953,-201.7404513675109,-350.3043673526238,-28.403751316474693,-239.2304931748836,0,5,-905.5799625121884,-13.720908522911946,-943.3165397596716,-914.8581296167356
1.5,0.6,1.5,90.0,20.0,25.0,66,12,-109.9008993006953,-223.7404513675109,-398.3043673526238,-40.4037513164747,-265.2304931748836,0,5,-1037.5799625121886,-15.720908522911948,-943.3165397596716,-914.8581296167356
1.5,0.6,1.5,90.0,20.0,35.0,66,0,-19.875032188247673,-55.20463107462501,-1.0954712904483017,-11.455446893955212,-190.92175527777016,0,5,-278.5523367250464,-4.220489950379491,-976.2889139725296,-956.8308951781626
1.5,0.6,1.5,90.0,20.0,35.0,66,2,-43.87503218824767,-77.20463107462501,-49.0954712904483,-23.455446893955212,-216.92175527777016,0,5,-410.5523367250464,-6.220489950379491,-976.2889139725296,-956.8308951781626
1.5,0.6,1.5,90.0,20.0,35.0,66,4,-67.87503218824767,-99.20463107462501,-97.0954712904483,-35.45544689395521,-242.92175527777016,0,5,-542.5523367250464,-8.220489950379491,-976.2889139725296,-956.8308951781626
1.5,0.6,1.5,90.0,20.0,35.0,66,6,-91.87503218824767,-121.20463107462501,-145.0954712904483,-47.45544689395521,-268.92175527777016,0,5,-674.5523367250464,-10.220489950379491,-976.2889139725296,-956.8308951781626
1.5,0.6,1.5,90.0,20.0,35.0,66,8,-115.87503218824767,-143.204631074625,-193.0954712904483,-59.45544689395521,-294.92175527777016,0,5,-806.5523367250464,-12.220489950379491,-976.2889139725296,-956.8308951781626
1.5,0.6,1.5,90.0,20.0,35.0,66,10,-139.87503218824767,-165.204631074625,-241.0954712904483,-71.45544689395521,-320.92175527777016,0,5,-938.5523367250464,-14.220489950379491,-976.2889139725296,-956.8308951781626
1.5,0.6,1.5,90.0,20.0,35.0,66,12,-163.87503218824767,-187.204631074625,-289.0954712904483,-83.45544689395521,-346.92175527777016,0,5,-1070.5523367250464,-16.22048995037949,-976.2889139725296,-956.8308951781626
1.5,0.6,1.5,90.0,20.0,50.0,65,0,-78.34027293504917,-18.768040819154805,92.71039518981502,-13.511982190201437,-158.0722421423922,1,5,-175.98214289698262,-2.707417583030502,-863.7187201444659,-896.2710584885494
1.5,0.6,1.5,90.0,20.0,50.0,65,2,-102.34027293504917,-40.768040819154805,46.71039518981502,-25.511982190201437,-184.0722421423922,1,5,-305.9821428969826,-4.707417583030502,-863.7187201444659,-896.2710584885494
1.5,0.6,1.5,90.0,20.0,50.0,65,4,-126.34027293504917,-62.768040819154805,0.7103951898150171,-37.51198219020144,-210.0722421423922,1,5,-435.9821428969826,-6.707417583030502,-863.7187201444659,-896.2710584885494
1.5,0.6,1.5,90.0,20.0,50.0,65,6,-150.34027293504917,-84.7680408191548,-45.28960481018498,-49.51198219020144,-236.0722421423922,0,5,-565.9821428969826,-8.707417583030502,-863.7187201444659,-896.2710584885494
1.5,0.6,1.5,90.0,20.0,50.0,65,8,-174.34027293504917,-106.7680408191548,-91.28960481018498,-61.51198219020144,-262.0722421423922,0,5,-695.9821428969826,-10.707417583030502,-863.7187201444659,-896.2710584885494
1.5,0.6,1.5,90.0,20.0,50.0,65,10,-198.34027293504917,-128.7680408191548,-137.28960481018498,-73.51198219020144,-288.0722421423922,0,5,-825.9821428969826,-12.707417583030502,-863.7187201444659,-896.2710584885494
1.5,0.6,1.5,90.0,20.0,50.0,65,12,-222.34027293504917,-150.7680408191548,-183.28960481018498,-85.51198219020144,-314.0722421423922,0,5,-955.9821428969826,-14.707417583030502,-863.7187201444659,-896.2710584885494
1.5,0.6,1.5,90.0,30.0,15.0,67,0,-101.86868804510837,-182.6814768616655,-31.66292743889352,63.63208899152792,-18.717371967197096,1,5,-271.2983753213366,-4.049229482408009,-1013.9781493500404,-973.6051950187442
1.5,0.6,1.5,90.0,30.0,15.0,67,2,-123.86868804510837,-204.6814768616655,-81.66292743889352,51.63208899152792,-46.717371967197096,1,5,-405.2983753213366,-6.049229482408009,-1013.9781493500404,-973.6051950187442
1.5,0.6,1.5,90.0,30.0,15.0,67,4,-145.86868804510837,-226.6814768616655,-131.66292743889352,39.63208899152792,-74.7173719671971,1,5,-539.2983753213366,-8.049229482408009,-1013.9781493500404,-973.6051950187442
1.5,0.6,1.5,90.0,30.0,15.0,67,6,-167.86868804510837,-248.6814768616655,-181.66292743889352,27.632088991527922,-102.7173719671971,1,5,-673.2983753213366,-10.049229482408009,-1013.9781493500404,-973.6051950187442
1.5,0.6,1.5,90.0,30.0,15.0,67,8,-189.86868804510837,-270.6814768616655,-231.66292743889352,15.632088991527922,-130.7173719671971,1,5,-807.2983753213366,-12.049229482408009,-1013.9781493500404,-973.6051950187442
1.5,0.6,1.5,90.0,30.0,15.0,67,10,-211.86868804510837,-292.6814768616655,-281.6629274388935,3.6320889915279215,-158.7173719671971,1,5,-941.2983753213366,-14.049229482408009,-1013.9781493500404,-973.6051950187442
1.5,0.6,1.5,90.0,30.0,15.0,67,12,-233.86868804510837,-314.6814768616655,-331.6629274388935,-8.367911008472078,-186.7173719671971,0,5,-1075.2983753213366,-16.04922948240801,-1013.9781493500404,-973.6051950187442
1.5,0.6,1.5,90.0,30.0,25.0,65,0,15.482939792437875,-149.36072575293878,-96.83070232692683,106.9623918074578,-49.46933378568798,2,5,-173.21543026565791,-2.664852773317814,-895.8952042943617,-855.5222499630655
1.5,0.6,1.5,90.0,30.0,25.0,65,2,-6.517060207562125,-171.36072575293878,-144.83070232692683,94.9623918074578,-75.46933378568798,1,5,-303.2154302656579,-4.664852773317814,-895.8952042943617,-855.5222499630655
1.5,0.6,1.5,90.0,30.0,25.0,65,4,-28.517060207562125,-193.36072575293878,-192.83070232692683,82.9623918074578,-101.46933378568798,1,5,-433.2154302656579,-6.664852773317814,-895.8952042943617,-855.5222499630655
1.5,0.6,1.5,90.0,30.0,25.0,65,6,-50.517060207562125,-215.36072575293878,-240.83070232692683,70.9623918074578,-127.46933378568798,1,5,-563.2154302656579,-8.664852773317815,-895.8952042943617,-855.5222499630655
1.5,0.6,1.5,90.0,30.0,25.0,65,8,-72.51706020756212,-237.36072575293878,-288.8307023269268,58.962391807457806,-153.46933378568798,1,5,-693.2154302656579,-10.664852773317815,-895.8952042943617,-855.5222499630655
1.5,0.6,1.5,90.0,30.0,25.0,65,10,-94.51706020756212,-259.3607257529388,-336.8307023269268,46.962391807457806,-179.46933378568798,1,5,-823.2154302656579,-12.664852773317815,-895.8952042943617,-855.5222499630655
1.5,0.6,1.5,90.0,30.0,25.0,65,12,-116.51706020756212,-281.3607257529388,-384.8307023269268,34.962391807457806,-205.46933378568798,1,5,-953.2154302656579,-14.664852773317815,-895.8952042943617,-855.5222499630655
1.5,0.6,1.5,90.0,30.0,35.0,65,0,-61.383886090207426,-101.73559054188979,82.72913237600392,63.9106962299773,-131.16059588857445,2,5,-147.6402439146906,-2.2713883679183167,-870.3200179433945,-829.9470636120982
1.5,0.6,1.5,90.0,30.0,35.0,65,2,-83.38388609020743,-123.73559054188979,34.72913237600392,51.9106962299773,-157.16059588857445,2,5,-277.6402439146906,-4.271388367918317,-870.3200179433945,-829.9470636120982
1.5,0.6,1.5,90.0,30.0,35.0,65,4,-105.38388609020743,-145.7355905418898,-13.270867623996082,39.9106962299773,-183.16059588857445,1,5,-407.6402439146906,-6.271388367918317,-870.3200179433945,-829.9470636120982
1.5,0.6,1.5,90.0,30.0,35.0,65,6,-127.38388609020743,-167.7355905418898,-61.27086762399608,27.910696229977297,-209.16059588857445,1,5,-537.6402439146906,-8.271388367918316,-870.3200179433945,-829.9470636120982
1.5,0.6,1.5,90.0,30.0,35.0,65,8,-149.38388609020743,-189.7355905418898,-109.27086762399608,15.910696229977297,-235.16059588857445,1,5,-667.6402439146906,-10.271388367918316,-870.3200179433945,-829.9470636120982
1.5,0.6,1.5,90.0,30.0,35.0,65,10,-171.38388609020743,-211.7355905418898,-157.27086762399608,3.910696229977298,-261.16059588857445,1,5,-797.6402439146906,-12.271388367918316,-870.3200179433945,-829.9470636120982
1.5,0.6,1.5,90.0,30.0,35.0,65,12,-193.38388609020743,-233.7355905418898,-205.27086762399608,-8.089303770022703,-287.16059588857445,0,5,-927.6402439146906,-14.271388367918316,-870.3200179433945,-829.9470636120982
1.5,0.6,1.5,90.0,30.0,50.0,64,0,-137.1378105248443,-52.39209958120858,169.94309689046528,61.854160933731066,-120.48130653443295,2,5,-78.2139588162895,-1.2220931065045235,-790.8937328449933,-827.2078811848237
1.5,0.6,1.5,90.0,30.0,50.0,64,2,-159.1378105248443,-74.39209958120858,123.94309689046528,49.854160933731066,-146.48130653443295,2,5,-206.2139588162895,-3.2220931065045235,-790.8937328449933,-827.2078811848237
1.5,0.6,1.5,90.0,30.0,50.0,64,4,-181.1378105248443,-96.39209958120858,77.94309689046528,37.854160933731066,-172.48130653443295,2,5,-334.2139588162895,-5.2220931065045235,-790.8937328449933,-827.2078811848237
1.5,0.6,1.5,90.0,30.0,50.0,64,6,-203.1378105248443,-118.39209958120858,31.943096890465277,25.854160933731066,-198.48130653443295,2,5,-462.2139588162895,-7.2220931065045235,-790.8937328449933,-827.2078811848237
1.5,0.6,1.5,90.0,30.0,50.0,64,8,-225.1378105248443,-140.39209958120858,-14.056903109534723,13.854160933731066,-224.48130653443295,1,5,-590.2139588162895,-9.222093106504524,-790.8937328449933,-827.2078811848237
1.5,0.6,1.5,90.0,30.0,50.0,64,10,-247.1378105248443,-162.39209958120858,-60.05690310953472,1.854160933731066,-250.48130653443295,1,5,-718.2139588162895,-11.222093106504524,-790.8937328449933,-827.2078811848237
1.5,0.6,1.5,90.0,30.0,50.0,64,12,-269.1378105248443,-184.39209958120858,-106.05690310953472,-10.145839066268934,-276.481306534433,0,5,-846.2139588162895,-13.222093106504524,-790.8937328449933,-827.2078811848237
1.5,0.6,1.5,90.0,40.0,15.0,66,0,-91.28792861466249,-258.0102567022848,-155.62897830220243,98.37629495358763,-82.3391687667316,1,5,-488.89003743229364,-7.407424809580206,-1252.7137471091803,-1190.6335985050794
1.5,0.6,1.5,90.0,40.0,15.0,66,2,-111.28792861466249,-280.0102567022848,-205.62897830220243,86.37629495358763,-110.3391687667316,1,5,-620.8900374322936,-9.407424809580206,-1252.7137471091803,-1190.6335985050794
1.5,0.6,1.5,90.0,40.0,15.0,66,4,-131.2879286146625,-302.0102567022848,-255.62897830220243,74.37629495358763,-138.3391687667316,1,5,-752.8900374322936,-11.407424809580206,-1252.7137471091803,-1190.6335985050794
1.5,0.6,1.5,90.0,40.0,15.0,66,6,-151.2879286146625,-324.0102567022848,-305.6289783022024,62.37629495358763,-166.3391687667316,1,5,-884.8900374322936,-13.407424809580206,-1252.7137471091803,-1190.6335985050794
1.5,0.6,1.5,90.0,40.0,15.0,66,8,-171.2879286146625,-346.0102567022848,-355.6289783022024,50.37629495358763,-194.3391687667316,1,5,-1016.8900374322936,-15.407424809580206,-1252.7137471091803,-1190.6335985050794
1.5,0.6,1.5,90.0,40.0,15.0,66,10,-191.2879286146625,-368.0102567022848,-405.6289783022024,38.37629495358763,-222.3391687667316,1,5,-1148.8900374322936,-17.407424809580206,-1252.7137471091803,-1190.6335985050794
1.5,0.6,1.5,90.0,40.0,15.0,66,12,-211.2879286146625,-390.0102567022848,-455.6289783022024,26.37629495358763,-250.3391687667316,1,5,-1280.8900374322936,-19.407424809580206,-1252.7137471091803,-1190.6335985050794
1.5,0.6,1.5,90.0,40.0,25.0,64,0,-25.316329345040202,-221.27306617305243,-229.27095024317168,141.70659776951751,-27.09304270564374,1,5,-361.24679069739045,-5.644481104646726,-1105.0705003742771,-1042.9862245231743
1.5,0.6,1.5,90.0,40.0,25.0,64,2,-45.3163293450402,-243.27306617305243,-277.2709502431717,129.70659776951751,-53.09304270564374,1,5,-489.24679069739045,-7.644481104646726,-1105.0705003742771,-1042.9862245231743
1.5,0.6,1.5,90.0,40.0,25.0,64,4,-65.3163293450402,-265.2730661730524,-325.2709502431717,117.70659776951751,-79.09304270564374,1,5,-617.2467906973905,-9.644481104646726,-1105.0705003742771,-1042.9862245231743
1.5,0.6,1.5,90.0,40.0,25.0,64,6,-85.3163293450402,-287.2730661730524,-373.2709502431717,105.70659776951751,-105.09304270564374,1,5,-745.2467906973905,-11.644481104646726,-1105.0705003742771,-1042.9862245231743
1.5,0.6,1.5,90.0,40.0,25.0,64,8,-105.3163293450402,-309.2730661730524,-421.2709502431717,93.70659776951751,-131.09304270564374,1,5,-873.2467906973905,-13.644481104646726,-1105.0705003742771,-1042.9862245231743
1.5,0.6,1.5,90.0,40.0,25.0,64,10,-125.3163293450402,-331.2730661730524,-469.2709502431717,81.70659776951751,-157.09304270564374,1,5,-1001.2467906973905,-15.644481104646726,-1105.0705003742771,-1042.9862245231743
1.5,0.6,1.5,90.0,40.0,25.0,64,12,-145.3163293450402,-353.2730661730524,-517.2709502431717,69.70659776951751,-183.09304270564374,1,5,-1129.2467906973905,-17.644481104646726,-1105.0705003742771,-1042.9862245231743
1.5,0.6,1.5,90.0,40.0,35.0,64,0,-115.04539211370192,-147.47689657428003,-62.68603572647385,98.65490219203701,-108.78430480853021,1,5,-335.3377270309488,-5.239651984858575,-1079.1614367078355,-1027.9816652776562
1.5,0.6,1.5,90.0,40.0,35.0,64,2,-135.04539211370192,-169.47689657428003,-110.68603572647385,86.65490219203701,-134.7843048085302,1,5,-463.3377270309488,-7.239651984858575,-1079.1614367078355,-1027.9816652776562
1.5,0.6,1.5,90.0,40.0,35.0,64,4,-155.04539211370192,-191.47689657428003,-158.68603572647385,74.65490219203701,-160.7843048085302,1,5,-591.3377270309488,-9.239651984858575,-1079.1614367078355,-1027.9816652776562
1.5,0.6,1.5,90.0,40.0,35.0,64,6,-175.04539211370192,-213.47689657428003,-206.68603572647385,62.65490219203701,-186.7843048085302,1,5,-719.3377270309488,-11.239651984858575,-1079.1614367078355,-1027.9816652776562
1.5,0.6,1.5,90.0,40.0,35.0,64,8,-195.04539211370192,-235.47689657428003,-254.68603572647385,50.65490219203701,-212.7843048085302,1,5,-847.3377270309488,-13.239651984858575,-1079.1614367078355,-1027.9816652776562
1.5,0.6,1.5,90.0,40.0,35.0,64,10,-215.04539211370192,-257.47689657428003,-302.68603572647385,38.65490219203701,-238.7843048085302,1,5,-975.3377270309488,-15.239651984858575,-1079.1614367078355,-1027.9816652776562
1.5,0.6,1.5,90.0,40.0,35.0,64,12,-235.04539211370192,-279.47689657428003,-350.68603572647385,26.654902192037007,-264.78430480853024,1,5,-1103.3377270309488,-17.239651984858575,-1079.1614367078355,-1027.9816652776562
1.5,0.6,1.5,90.0,40.0,50.0,62,0,-207.69305958124062,-83.99878248459484,258.7606633061198,96.59836689579078,-98.10501545438868,2,5,-34.437827318313566,-0.5554488277147349,-758.2615369952003,-772.1679071077646
1.5,0.6,1.5,90.0,40.0,50.0,62,2,-227.69305958124062,-105.99878248459484,214.7606633061198,84.59836689579078,-124.10501545438868,2,5,-158.43782731831357,-2.555448827714735,-758.2615369952003,-772.1679071077646
1.5,0.6,1.5,90.0,40.0,50.0,62,4,-247.69305958124062,-127.99878248459484,170.7606633061198,72.59836689579078,-150.10501545438868,2,5,-282.43782731831357,-4.555448827714735,-758.2615369952003,-772.1679071077646
1.5,0.6,1.5,90.0,40.0,50.0,62,6,-267.6930595812406,-149.99878248459484,126.76066330611978,60.59836689579077,-176.10501545438868,2,5,-406.43782731831357,-6.555448827714735,-758.2615369952003,-772.1679071077646
1.5,0.6,1.5,90.0,40.0,50.0,62,8,-287.6930595812406,-171.99878248459484,82.76066330611978,48.59836689579077,-202.10501545438868,2,5,-530.4378273183136,-8.555448827714734,-758.2615369952003,-772.1679071077646
1.5,0.6,1.5,90.0,40.0,50.0,62,10,-307.6930595812406,-193.99878248459484,38.76066330611978,36.59836689579077,-228.10501545438868,2,5,-654.4378273183136,-10.555448827714734,-758.2615369952003,-772.1679071077646
1.5,0.6,1.5,90.0,40.0,50.0,62,12,-327.6930595812406,-215.99878248459484,-5.239336693880219,24.598366895790768,-254.10501545438868,1,5,-778.4378273183136,-12.555448827714734,-758.2615369952003,-772.1679071077646
1.5,0.6,1.5,90.0,60.0,15.0,65,0,-154.9027256910623,-299.598938273591,-345.2386263533157,124.85318957649335,25.056494666383145,2,5,-649.8306060750922,-9.997393939616803,-1403.654315751979,-1377.9488542923375
1.5,0.6,1.5,90.0,60.0,15.0,65,2,-172.9027256910623,-321.598938273591,-395.2386263533157,112.85318957649335,-2.943505333616855,1,5,-779.8306060750922,-11.997393939616803,-1403.654315751979,-1377.9488542923375
1.5,0.6,1.5,90.0,60.0,15.0,65,4,-190.9027256910623,-343.598938273591,-445.2386263533157,100.85318957649335,-30.943505333616855,1,5,-909.8306060750922,-13.997393939616803,-1403.654315751979,-1377.9488542923375
1.5,0.6,1.5,90.0,60.0,15.0,65,6,-208.9027256910623,-365.598938273591,-495.2386263533157,88.85318957649335,-58.943505333616855,1,5,-1039.8306060750922,-15.997393939616803,-1403.654315751979,-1377.9488542923375
1.5,0.6,1.5,90.0,60.0,15.0,65,8,-226.9027256910623,-387.598938273591,-545.2386263533157,76.85318957649335,-86.94350533361686,1,5,-1169.8306060750922,-17.997393939616803,-1403.654315751979,-1377.9488542923375
1.5,0.6,1.5,90.0,60.0,15.0,65,10,-244.9027256910623,-409.598938273591,-595.2386263533157,64.85318957649335,-114.94350533361686,1,5,-1299.8306060750922,-19.997393939616803,-1403.654315751979,-1377.9488542923375
1.5,0.6,1.5,90.0,60.0,15.0,65,12,-262.9027256910623,-431.598938273591,-645.2386263533157,52.85318957649335,-142.94350533361686,1,5,-1429.8306060750922,-21.997393939616803,-1403.654315751979,-1377.9488542923375
1.5,0.6,1.5,90.0,60.0,25.0,63,0,-51.81506707144453,-260.9609087172584,-404.3131654477106,139.7776123677483,169.07914603273178,2,5,-408.2323828359331,-6.479879092633858,-1168.597107603243,-1113.7821310402182
1.5,0.6,1.5,90.0,60.0,25.0,63,2,-69.81506707144453,-282.9609087172584,-452.3131654477106,127.7776123677483,143.07914603273178,2,5,-534.2323828359331,-8.479879092633858,-1168.597107603243,-1113.7821310402182
1.5,0.6,1.5,90.0,60.0,25.0,63,4,-87.81506707144453,-304.9609087172584,-500.3131654477106,115.7776123677483,117.07914603273178,2,5,-660.2323828359331,-10.479879092633858,-1168.597107603243,-1113.7821310402182
1.5,0.6,1.5,90.0,60.0,25.0,63,6,-105.81506707144453,-326.9609087172584,-548.3131654477106,103.7776123677483,91.07914603273178,2,5,-786.2323828359331,-12.479879092633858,-1168.597107603243,-1113.7821310402182
1.5,0.6,1.5,90.0,60.0,25.0,63,8,-123.81506707144453,-348.9609087172584,-596.3131654477106,91.7776123677483,65.07914603273178,2,5,-912.2323828359331,-14.479879092633858,-1168.597107603243,-1113.7821310402182
1.5,0.6,1.5,90.0,60.0,25.0,63,10,-141.81506707144453,-370.9609087172584,-644.3131654477106,79.7776123677483,39.079146032731785,2,5,-1038.232382835933,-16.47987909263386,-1168.597107603243,-1113.7821310402182
1.5,0.6,1.5,90.0,60.0,25.0,63,12,-159.81506707144453,-392.9609087172584,-692.3131654477106,67.7776123677483,13.079146032731785,2,5,-1164.232382835933,-18.47987909263386,-1168.597107603243,-1113.7821310402182
1.5,0.6,1.5,90.0,60.0,35.0,63,0,-128.68189295408985,-195.79001381025557,-192.09324845835988,96.7259167902678,87.38788392984529,2,5,-332.4513545025924,-5.277005627025276,-1092.816079269902,-1038.0011027068772
1.5,0.6,1.5,90.0,60.0,35.0,63,2,-146.68189295408985,-217.79001381025557,-240.09324845835988,84.7259167902678,61.38788392984529,2,5,-458.4513545025924,-7.277005627025276,-1092.816079269902,-1038.0011027068772
1.5,0.6,1.5,90.0,60.0,35.0,63,4,-164.68189295408985,-239.79001381025557,-288.0932484583599,72.7259167902678,35.38788392984529,2,5,-584.4513545025924,-9.277005627025275,-1092.816079269902,-1038.0011027068772
1.5,0.6,1.5,90.0,60.0,35.0,63,6,-182.68189295408985,-261.7900138102556,-336.0932484583599,60.7259167902678,9.387883929845287,2,5,-710.4513545025924,-11.277005627025275,-1092.816079269902,-1038.0011027068772
1.5,0.6,1.5,90.0,60.0,35.0,63,8,-200.68189295408985,-283.7900138102556,-384.0932484583599,48.7259167902678,-16.612116070154713,1,5,-836.4513545025924,-13.277005627025275,-1092.816079269902,-1038.0011027068772
1.5,0.6,1.5,90.0,60.0,35.0,63,10,-218.68189295408985,-305.7900138102556,-432.0932484583599,36.7259167902678,-42.61211607015471,1,5,-962.4513545025924,-15.277005627025275,-1092.816079269902,-1038.0011027068772
1.5,0.6,1.5,90.0,60.0,35.0,63,12,-236.68189295408985,-327.7900138102556,-480.0932484583599,24.725916790267803,-68.61211607015471,1,5,-1088.4513545025925,-17.27700562702528,-1092.816079269902,-1038.0011027068772
1.5,0.6,1.5,90.0,60.0,50.0,61,0,-234.18236239582097,-80.2034454652892,85.34941657186579,94.66938149402156,98.06717328398685,3,5,-36.29983651123598,-0.5950792870694424,-776.6645612785459,-774.4083742456012
1.5,0.6,1.5,90.0,60.0,50.0,61,2,-252.18236239582097,-102.2034454652892,41.34941657186579,82.66938149402156,72.06717328398685,3,5,-158.29983651123598,-2.595079287069442,-776.6645612785459,-774.4083742456012
1.5,0.6,1.5,90.0,60.0,50.0,61,4,-270.182362395821,-124.2034454652892,-2.6505834281342118,70.66938149402156,46.06717328398684,2,5,-280.299836511236,-4.595079287069442,-776.6645612785459,-774.4083742456012
1.5,0.6,1.5,90.0,60.0,50.0,61,6,-288.182362395821,-146.2034454652892,-46.65058342813421,58.66938149402157,20.06717328398684,2,5,-402.299836511236,-6.595079287069442,-776.6645612785459,-774.4083742456012
1.5,0.6,1.5,90.0,60.0,50.0,61,8,-306.182362395821,-168.2034454652892,-90.65058342813421,46.66938149402157,-5.93282671601316,1,5,-524.299836511236,-8.595079287069442,-776.6645612785459,-774.4083742456012
1.5,0.6,1.5,90.0,60.0,50.0,61,10,-324.182362395821,-190.2034454652892,-134.6505834281342,34.66938149402157,-31.93282671601316,1,5,-646.299836511236,-10.595079287069442,-776.6645612785459,-774.4083742456012
1.5,0.6,1.5,90.0,60.0,50.0,61,12,-342.182362395821,-212.2034454652892,-178.6505834281342,22.66938149402157,-57.93282671601316,1,5,-768.299836511236,-12.595079287069442,-776.6645612785459,-774.4083742456012
1.5,0.6,1.5,120.0,20.0,15.0,68,0,-59.64563949525285,-157.02683223844508,-55.538285825301216,43.71285597586238,-29.40096161763111,1,5,-257.898863200768,-3.7926303411877647,-970.5804459029696,-947.1770303053152
1.5,0.6,1.5,120.0,20.0,15.0,68,2,-83.64563949525285,-179.02683223844508,-105.53828582530122,31.712855975862382,-57.40096161763111,1,5,-393.898863200768,-5.792630341187765,-970.5804459029696,-947.1770303053152
1.5,0.6,1.5,120.0,20.0,15.0,68,4,-107.64563949525285,-201.02683223844508,-155.53828582530122,19.712855975862382,-85.40096161763111,1,5,-529.898863200768,-7.792630341187765,-970.5804459029696,-947.1770303053152
1.5,0.6,1.5,120.0,20.0,15.0,68,6,-131.64563949525285,-223.02683223844508,-205.53828582530122,7.712855975862382,-113.40096161763111,1,5,-665.898863200768,-9.792630341187765,-970.5804459029696,-947.1770303053152
1.5,0.6,1.5,120.0,20.0,15.0,68,8,-155.64563949525285,-245.02683223844508,-255.53828582530122,-4.287144024137618,-141.4009616176311,0,5,-801.898863200768,-11.792630341187765,-970.5804459029696,-947.1770303053152
1.5,0.6,1.5,120.0,20.0,15.0,68,10,-179.64563949525285,-267.0268322384451,-305.5382858253012,-16.287144024137618,-169.4009616176311,0,5,-937.898863200768,-13.792630341187765,-970.5804459029696,-947.1770303053152
1.5,0.6,1.5,120.0,20.0,15.0,68,12,-203.64563949525285,-289.0268322384451,-355.5382858253012,-28.287144024137618,-197.4009616176311,0,5,-1073.8988632007681,-15.792630341187767,-970.5804459029696,-947.1770303053152
1.5,0.6,1.5,120.0,20.0,25.0,66,0,34.0991006993047,-90.81125777412831,-110.30436735262379,31.596248683525307,-109.2304931748836,2,5,-244.65076891880562,-3.7068298321031157,-942.3873461662888,-913.928936023353
1.5,0.6,1.5,120.0,20.0,25.0,66,2,10.0991006993047,-112.81125777412831,-158.30436735262379,19.596248683525307,-135.2304931748836,2,5,-376.6507689188056,-5.706829832103115,-942.3873461662888,-913.928936023353
1.5,0.6,1.5,120.0,20.0,25.0,66,4,-13.9008993006953,-134.8112577741283,-206.30436735262379,7.596248683525307,-161.2304931748836,1,5,-508.6507689188056,-7.706829832103115,-942.3873461662888,-913.928936023353
1.5,0.6,1.5,120.0,20.0,25.0,66,6,-37.9008993006953,-156.8112577741283,-254.30436735262379,-4.403751316474693,-187.2304931748836,0,5,-640.6507689188056,-9.706829832103116,-942.3873461662888,-913.928936023353
1.5,0.6,1.5,120.0,20.0,25.0,66,8,-61.9008993006953,-178.8112577741283,-302.3043673526238,-16.403751316474693,-213.2304931748836,0,5,-772.6507689188056,-11.706829832103116,-942.3873461662888,-913.928936023353
1.5,0.6,1.5,120.0,20.0,25.0,66,10,-85.9008993006953,-200.8112577741283,-350.3043673526238,-28.403751316474693,-239.2304931748836,0,5,-904.6507689188056,-13.706829832103116,-942.3873461662888,-913.928936023353
1.5,0.6,1.5,120.0,20.0,25.0,66,12,-109.9008993006953,-222.8112577741283,-398.3043673526238,-40.4037513164747,-265.2304931748836,0,5,-1036.6507689188056,-15.706829832103116,-942.3873461662888,-913.928936023353
1.5,0.6,1.5,120.0,20.0,35.0,66,0,-19.875032188247673,-54.27543748124236,0.7016636495447983,-11.455446893955212,-190.92175527777016,1,5,-275.82600819167055,-4.1791819422980385,-973.5625854391538,-955.0337602381692
1.5,0.6,1.5,120.0,20.0,35.0,66,2,-43.87503218824767,-76.27543748124236,-47.2983363504552,-23.455446893955212,-216.92175527777016,0,5,-407.82600819167055,-6.1791819422980385,-973.5625854391538,-955.0337602381692
1.5,0.6,1.5,120.0,20.0,35.0,66,4,-67.87503218824767,-98.27543748124236,-95.2983363504552,-35.45544689395521,-242.92175527777016,0,5,-539.8260081916706,-8.179181942298039,-973.5625854391538,-955.0337602381692
1.5,0.6,1.5,120.0,20.0,35.0,66,6,-91.87503218824767,-120.27543748124236,-143.2983363504552,-47.45544689395521,-268.92175527777016,0,5,-671.8260081916706,-10.179181942298039,-973.5625854391538,-955.0337602381692
1.5,0.6,1.5,120.0,20.0,35.0,66,8,-115.87503218824767,-142.27543748124236,-191.2983363504552,-59.45544689395521,-294.92175527777016,0,5,-803.8260081916706,-12.179181942298039,-973.5625854391538,-955.0337602381692
1.5,0.6,1.5,120.0,20.0,35.0,66,10,-139.87503218824767,-164.27543748124236,-239.2983363504552,-71.45544689395521,-320.92175527777016,0,5,-935.8260081916706,-14.179181942298039,-973.5625854391538,-955.0337602381692
1.5,0.6,1.5,120.0,20.0,35.0,66,12,-163.87503218824767,-186.27543748124236,-287.2983363504552,-83.45544689395521,-346.92175527777016,0,5,-1067.8260081916706,-16.17918194229804,-973.5625854391538,-955.0337602381692
1.5,0.6,1.5,120.0,20.0,50.0,65,0,-78.34027293504917,-17.8388472257722,94.50753012980812,-13.511982190201437,-153.14362175251568,1,5,-168.32719397373035,-2.58964913805739,-856.0637712212136,-888.6161095652972
1.5,0.6,1.5,120.0,20.0,50.0,65,2,-102.34027293504917,-39.8388472257722,48.50753012980812,-25.511982190201437,-179.14362175251568,1,5,-298.32719397373035,-4.58964913805739,-856.0637712212136,-888.6161095652972
1.5,0.6,1.5,120.0,20.0,50.0,65,4,-126.34027293504917,-61.8388472257722,2.507530129808117,-37.51198219020144,-205.14362175251568,1,5,-428.32719397373035,-6.58964913805739,-856.0637712212136,-888.6161095652972
1.5,0.6,1.5,120.0,20.0,50.0,65,6,-150.34027293504917,-83.8388472257722,-43.49246987019188,-49.51198219020144,-231.14362175251568,0,5,-558.3271939737303,-8.58964913805739,-856.0637712212136,-888.6161095652972
1.5,0.6,1.5,120.0,20.0,50.0,65,8,-174.34027293504917,-105.8388472257722,-89.49246987019188,-61.51198219020144,-257.1436217525157,0,5,-688.3271939737303,-10.58964913805739,-856.0637712212136,-888.6161095652972
1.5,0.6,1.5,120.0,20.0,50.0,65,10,-198.34027293504917,-127.8388472257722,-135.49246987019188,-73.51198219020144,-283.1436217525157,0,5,-818.3271939737303,-12.58964913805739,-856.0637712212136,-888.6161095652972
1.5,0.6,1.5,120.0,20.0,50.0,65,12,-222.34027293504917,-149.8388472257722,-181.49246987019188,-85.51198219020144,-309.1436217525157,0,5,-948.3271939737303,-14.58964913805739,-856.0637712212136,-888.6161095652972
1.5,0.6,1.5,120.0,30.0,15.0,67,0,-101.86868804510837,-182.6814768616655,-31.66292743889352,63.63208899152792,-18.717371967197096,1,5,-271.2983753213366,-4.049229482408009,-1013.9781493500404,-973.6051950187442
1.5,0.6,1.5,120.0,30.0,15.0,67,2,-123.86868804510837,-204.6814768616655,-81.66292743889352,51.63208899152792,-46.717371967197096,1,5,-405.2983753213366,-6.049229482408009,-1013.9781493500404,-973.6051950187442
1.5,0.6,1.5,120.0,30.0,15.0,67,4,-145.86868804510837,-226.6814768616655,-131.66292743889352,39.63208899152792,-74.7173719671971,1,5,-539.2983753213366,-8.049229482408009,-1013.9781493500404,-973.6051950187442
1.5,0.6,1.5,120.0,30.0,15.0,67,6,-167.86868804510837,-248.6814768616655,-181.66292743889352,27.632088991527922,-102.7173719671971,1,5,-673.2983753213366,-10.049229482408009,-1013.9781493500404,-973.6051950187442
1.5,0.6,1.5,120.0,30.0,15.0,67,8,-189.86868804510837,-270.6814768616655,-231.66292743889352,15.632088991527922,-130.7173719671971,1,5,-807.2983753213366,-12.049229482408009,-1013.9781493500404,-973.6051950187442
1.5,0.6,1.5,120.0,30.0,15.0,67,10,-211.86868804510837,-292.6814768616655,-281.6629274388935,3.6320889915279215,-158.7173719671971,1,5,-941.2983753213366,-14.049229482408009,-1013.9781493500404,-973.6051950187442
1.5,0.6,1.5,120.0,30.0,15.0,67,12,-233.86868804510837,-314.6814768616655,-331.6629274388935,-8.367911008472078,-186.7173719671971,0,5,-1075.2983753213366,-16.04922948240801,-1013.9781493500404,-973.6051950187442
1.5,0.6,1.5,120.0,30.0,25.0,65,0,15.482939792437875,-148.43153215955613,-96.83070232692683,106.9623918074578,-49.46933378568798,2,5,-172.2862366722752,-2.6505574872657722,-894.966010700979,-854.5930563696828
1.5,0.6,1.5,120.0,30.0,25.0,65,2,-6.517060207562125,-170.43153215955613,-144.83070232692683,94.9623918074578,-75.46933378568798,1,5,-302.2862366722752,-4.650557487265773,-894.966010700979,-854.5930563696828
1.5,0.6,1.5,120.0,30.0,25.0,65,4,-28.517060207562125,-192.43153215955613,-192.83070232692683,82.9623918074578,-101.46933378568798,1,5,-432.2862366722752,-6.650557487265773,-894.966010700979,-854.5930563696828
1.5,0.6,1.5,120.0,30.0,25.0,65,6,-50.517060207562125,-214.43153215955613,-240.83070232692683,70.9623918074578,-127.46933378568798,1,5,-562.2862366722752,-8.650557487265772,-894.966010700979,-854.5930563696828
1.5,0.6,1.5,120.0,30.0,25.0,65,8,-72.51706020756212,-236.43153215955613,-288.8307023269268,58.962391807457806,-153.46933378568798,1,5,-692.2862366722752,-10.650557487265772,-894.966010700979,-854.5930563696828
1.5,0.6,1.5,120.0,30.0,25.0,65,10,-94.51706020756212,-258.4315321595561,-336.8307023269268,46.962391807457806,-179.46933378568798,1,5,-822.2862366722752,-12.650557487265772,-894.966010700979,-854.5930563696828
1.5,0.6,1.5,120.0,30.0,25.0,65,12,-116.51706020756212,-280.4315321595561,-384.8307023269268,34.962391807457806,-205.46933378568798,1,5,-952.2862366722752,-14.650557487265772,-894.966010700979,-854.5930563696828
1.5,0.6,1.5,120.0,30.0,35.0,65,0,-61.383886090207426,-100.80639694850717,72.10703878795852,63.9106962299773,-131.16059588857445,2,5,-157.33314390935334,-2.4205099062977435,-880.0129179380572,-839.639963606761
1.5,0.6,1.5,120.0,30.0,35.0,65,2,-83.38388609020743,-122.80639694850717,24.107038787958516,51.9106962299773,-157.16059588857445,2,5,-287.33314390935334,-4.4205099062977435,-880.0129179380572,-839.639963606761
1.5,0.6,1.5,120.0,30.0,35.0,65,4,-105.38388609020743,-144.80639694850717,-23.892961212041484,39.9106962299773,-183.16059588857445,1,5,-417.33314390935334,-6.4205099062977435,-880.0129179380572,-839.639963606761
1.5,0.6,1.5,120.0,30.0,35.0,65,6,-127.38388609020743,-166.80639694850717,-71.89296121204148,27.910696229977297,-209.16059588857445,1,5,-547.3331439093533,-8.420509906297744,-880.0129179380572,-839.639963606761
1.5,0.6,1.5,120.0,30.0,35.0,65,8,-149.38388609020743,-188.80639694850717,-119.89296121204148,15.910696229977297,-235.16059588857445,1,5,-677.3331439093533,-10.420509906297744,-880.0129179380572,-839.639963606761
1.5,0.6,1.5,120.0,30.0,35.0,65,10,-171.38388609020743,-210.80639694850717,-167.89296121204148,3.910696229977298,-261.16059588857445,1,5,-807.3331439093533,-12.420509906297744,-880.0129179380572,-839.639963606761
1.5,0.6,1.5,120.0,30.0,35.0,65,12,-193.38388609020743,-232.80639694850717,-215.89296121204148,-8.089303770022703,-287.16059588857445,0,5,-937.3331439093533,-14.420509906297744,-880.0129179380572,-839.639963606761
1.5,0.6,1.5,120.0,30.0,50.0,64,0,-137.1378105248443,-51.462905987825934,159.32100330241988,61.854160933731066,-74.0569617836133,2,5,-41.482514060132644,-0.6481642821895726,-754.1622880888365,-831.9721607896099
1.5,0.6,1.5,120.0,30.0,50.0,64,2,-159.1378105248443,-73.46290598782593,113.32100330241988,49.854160933731066,-100.0569617836133,2,5,-169.48251406013264,-2.6481642821895726,-754.1622880888365,-831.9721607896099
1.5,0.6,1.5,120.0,30.0,50.0,64,4,-181.1378105248443,-95.46290598782593,67.32100330241988,37.854160933731066,-126.0569617836133,2,5,-297.48251406013264,-4.648164282189573,-754.1622880888365,-831.9721607896099
1.5,0.6,1.5,120.0,30.0,50.0,64,6,-203.1378105248443,-117.46290598782593,21.321003302419882,25.854160933731066,-152.0569617836133,2,5,-425.48251406013264,-6.648164282189573,-754.1622880888365,-831.9721607896099
1.5,0.6,1.5,120.0,30.0,50.0,64,8,-225.1378105248443,-139.46290598782593,-24.678996697580118,13.854160933731066,-178.0569617836133,1,5,-553.4825140601326,-8.648164282189573,-754.1622880888365,-831.9721607896099
1.5,0.6,1.5,120.0,30.0,50.0,64,10,-247.1378105248443,-161.46290598782593,-70.67899669758012,1.854160933731066,-204.0569617836133,1,5,-681.4825140601326,-10.648164282189573,-754.1622880888365,-831.9721607896099
1.5,0.6,1.5,120.0,30.0,50.0,64,12,-269.1378105248443,-183.46290598782593,-116.67899669758012,-10.145839066268934,-230.0569617836133,0,5,-809.4825140601326,-12.648164282189573,-754.1622880888365,-831.9721607896099
1.5,0.6,1.5,120.0,40.0,15.0,66,0,-91.28792861466249,-258.0102567022848,-155.62897830220243,98.37629495358763,-50.80374910334319,1,5,-457.3546177689052,-6.929615420740988,-1221.178327445792,-1159.098178841691
1.5,0.6,1.5,120.0,40.0,15.0,66,2,-111.28792861466249,-280.0102567022848,-205.62897830220243,86.37629495358763,-78.8037491033432,1,5,-589.3546177689052,-8.929615420740987,-1221.178327445792,-1159.098178841691
1.5,0.6,1.5,120.0,40.0,15.0,66,4,-131.2879286146625,-302.0102567022848,-255.62897830220243,74.37629495358763,-106.8037491033432,1,5,-721.3546177689052,-10.929615420740987,-1221.178327445792,-1159.098178841691
1.5,0.6,1.5,120.0,40.0,15.0,66,6,-151.2879286146625,-324.0102567022848,-305.6289783022024,62.37629495358763,-134.8037491033432,1,5,-853.3546177689052,-12.929615420740987,-1221.178327445792,-1159.098178841691
1.5,0.6,1.5,120.0,40.0,15.0,66,8,-171.2879286146625,-346.0102567022848,-355.6289783022024,50.37629495358763,-162.8037491033432,1,5,-985.3546177689052,-14.929615420740987,-1221.178327445792,-1159.098178841691
1.5,0.6,1.5,120.0,40.0,15.0,66,10,-191.2879286146625,-368.0102567022848,-405.6289783022024,38.37629495358763,-190.8037491033432,1,5,-1117.3546177689052,-16.929615420740987,-1221.178327445792,-1159.098178841691
1.5,0.6,1.5,120.0,40.0,15.0,66,12,-211.2879286146625,-390.0102567022848,-455.6289783022024,26.37629495358763,-218.8037491033432,1,5,-1249.3546177689052,-18.929615420740987,-1221.178327445792,-1159.098178841691
1.5,0.6,1.5,120.0,40.0,25.0,64,0,-25.316329345040202,-220.34387257966978,-229.27095024317168,141.70659776951751,4.442376957744685,2,5,-328.78217744061965,-5.137221522509682,-1072.6058871175064,-1010.5216112664034
1.5,0.6,1.5,120.0,40.0,25.0,64,2,-45.3163293450402,-242.34387257966978,-277.2709502431717,129.70659776951751,-21.557623042255315,1,5,-456.78217744061965,-7.137221522509682,-1072.6058871175064,-1010.5216112664034
1.5,0.6,1.5,120.0,40.0,25.0,64,4,-65.3163293450402,-264.3438725796698,-325.2709502431717,117.70659776951751,-47.557623042255315,1,5,-584.7821774406196,-9.137221522509682,-1072.6058871175064,-1010.5216112664034
1.5,0.6,1.5,120.0,40.0,25.0,64,6,-85.3163293450402,-286.3438725796698,-373.2709502431717,105.70659776951751,-73.55762304225532,1,5,-712.7821774406196,-11.137221522509682,-1072.6058871175064,-1010.5216112664034
1.5,0.6,1.5,120.0,40.0,25.0,64,8,-105.3163293450402,-308.3438725796698,-421.2709502431717,93.70659776951751,-99.55762304225532,1,5,-840.7821774406196,-13.137221522509682,-1072.6058871175064,-1010.5216112664034
1.5,0.6,1.5,120.0,40.0,25.0,64,10,-125.3163293450402,-330.3438725796698,-469.2709502431717,81.70659776951751,-125.55762304225532,1,5,-968.7821774406196,-15.137221522509682,-1072.6058871175064,-1010.5216112664034
1.5,0.6,1.5,120.0,40.0,25.0,64,12,-145.3163293450402,-352.3438725796698,-517.2709502431717,69.70659776951751,-151.55762304225533,1,5,-1096.7821774406198,-17.137221522509684,-1072.6058871175064,-1010.5216112664034
1.5,0.6,1.5,120.0,40.0,35.0,64,0,-115.04539211370192,-146.54770298089738,-73.30812931451925,98.65490219203701,-77.2488851451418,1,5,-313.49520736222337,-4.89836261503474,-1057.31891703911,-1007.0683392023132
1.5,0.6,1.5,120.0,40.0,35.0,64,2,-135.04539211370192,-168.54770298089738,-121.30812931451925,86.65490219203701,-103.2488851451418,1,5,-441.49520736222337,-6.89836261503474,-1057.31891703911,-1007.0683392023132
1.5,0.6,1.5,120.0,40.0,35.0,64,4,-155.04539211370192,-190.54770298089738,-169.30812931451925,74.65490219203701,-129.2488851451418,1,5,-569.4952073622234,-8.89836261503474,-1057.31891703911,-1007.0683392023132
1.5,0.6,1.5,120.0,40.0,35.0,64,6,-175.04539211370192,-212.54770298089738,-217.30812931451925,62.65490219203701,-155.2488851451418,1,5,-697.4952073622234,-10.89836261503474,-1057.31891703911,-1007.0683392023132
1.5,0.6,1.5,120.0,40.0,35.0,64,8,-195.04539211370192,-234.54770298089738,-265.30812931451925,50.65490219203701,-181.2488851451418,1,5,-825.4952073622234,-12.89836261503474,-1057.31891703911,-1007.0683392023132
1.5,0.6,1.5,120.0,40.0,35.0,64,10,-215.04539211370192,-256.5477029808974,-313.30812931451925,38.65490219203701,-207.2488851451418,1,5,-953.4952073622234,-14.89836261503474,-1057.31891703911,-1007.0683392023132
1.5,0.6,1.5,120.0,40.0,35.0,64,12,-235.04539211370192,-278.5477029808974,-361.30812931451925,26.654902192037007,-233.2488851451418,1,5,-1081.4952073622235,-16.898362615034742,-1057.31891703911,-1007.0683392023132
1.5,0.6,1.5,120.0,40.0,50.0,62,0,-207.69305958124062,-83.06958889121219,248.13856971807436,96.59836689579078,-20.14525104018057,2,5,33.829037101231506,0.5456296306650243,-689.9946725756553,-745.3967670491627
1.5,0.6,1.5,120.0,40.0,50.0,62,2,-227.69305958124062,-105.06958889121219,204.13856971807436,84.59836689579078,-46.14525104018057,2,5,-90.1709628987685,-1.4543703693349757,-689.9946725756553,-745.3967670491627
1.5,0.6,1.5,120.0,40.0,50.0,62,4,-247.69305958124062,-127.06958889121219,160.13856971807436,72.59836689579078,-72.14525104018057,2,5,-214.1709628987685,-3.454370369334976,-689.9946725756553,-745.3967670491627
1.5,0.6,1.5,120.0,40.0,50.0,62,6,-267.6930595812406,-149.0695888912122,116.13856971807436,60.59836689579077,-98.14525104018057,2,5,-338.1709628987685,-5.454370369334976,-689.9946725756553,-745.3967670491627
1.5,0.6,1.5,120.0,40.0,50.0,62,8,-287.6930595812406,-171.0695888912122,72.13856971807436,48.59836689579077,-124.14525104018057,2,5,-462.1709628987685,-7.454370369334976,-689.9946725756553,-745.3967670491627
1.5,0.6,1.5,120.0,40.0,50.0,62,10,-307.6930595812406,-193.0695888912122,28.13856971807437,36.59836689579077,-150.14525104018057,2,5,-586.1709628987685,-9.454370369334976,-689.9946725756553,-745.3967670491627
1.5,0.6,1.5,120.0,40.0,50.0,62,12,-327.6930595812406,-215.0695888912122,-15.861430281925632,24.598366895790768,-176.14525104018057,1,5,-710.1709628987685,-11.454370369334976,-689.9946725756553,-745.3967670491627
1.5,0.6,1.5,120.0,60.0,15.0,65,0,-113.52372401222291,-299.598938273591,-335.1795301690246,124.85318957649335,-14.897220854403571,1,5,-638.3462237327487,-9.820711134349981,-1392.1699334096356,-1374.493139289781
1.5,0.6,1.5,120.0,60.0,15.0,65,2,-131.5237240122229,-321.598938273591,-385.1795301690246,112.85318957649335,-42.89722085440357,1,5,-768.3462237327487,-11.820711134349981,-1392.1699334096356,-1374.493139289781
1.5,0.6,1.5,120.0,60.0,15.0,65,4,-149.5237240122229,-343.598938273591,-435.1795301690246,100.85318957649335,-70.89722085440357,1,5,-898.3462237327487,-13.820711134349981,-1392.1699334096356,-1374.493139289781
1.5,0.6,1.5,120.0,60.0,15.0,65,6,-167.5237240122229,-365.598938273591,-485.1795301690246,88.85318957649335,-98.89722085440357,1,5,-1028.3462237327487,-15.820711134349981,-1392.1699334096356,-1374.493139289781
1.5,0.6,1.5,120.0,60.0,15.0,65,8,-185.5237240122229,-387.598938273591,-535.1795301690246,76.85318957649335,-126.89722085440357,1,5,-1158.3462237327487,-17.82071113434998,-1392.1699334096356,-1374.493139289781
1.5,0.6,1.5,120.0,60.0,15.0,65,10,-203.5237240122229,-409.598938273591,-585.1795301690246,64.85318957649335,-154.89722085440357,1,5,-1288.3462237327487,-19.82071113434998,-1392.1699334096356,-1374.493139289781
1.5,0.6,1.5,120.0,60.0,15.0,65,12,-221.5237240122229,-431.598938273591,-635.1795301690246,52.85318957649335,-182.89722085440357,1,5,-1418.3462237327487,-21.82071113434998,-1392.1699334096356,-1374.493139289781
1.5,0.6,1.5,120.0,60.0,25.0,63,0,5.545286433233059,-261.98394140139936,-394.2540692634195,141.06541994790976,142.12396468630342,3,5,-367.5033395973726,-5.833386342815438,-1101.3270492742597,-1073.0530878016575
1.5,0.6,1.5,120.0,60.0,25.0,63,2,-12.45471356676694,-283.98394140139936,-442.2540692634195,129.06541994790976,116.12396468630342,2,5,-493.5033395973726,-7.833386342815438,-1101.3270492742597,-1073.0530878016575
1.5,0.6,1.5,120.0,60.0,25.0,63,4,-30.45471356676694,-305.98394140139936,-490.2540692634195,117.06541994790976,90.12396468630342,2,5,-619.5033395973726,-9.833386342815437,-1101.3270492742597,-1073.0530878016575
1.5,0.6,1.5,120.0,60.0,25.0,63,6,-48.45471356676694,-327.98394140139936,-538.2540692634195,105.06541994790976,64.12396468630342,2,5,-745.5033395973726,-11.833386342815437,-1101.3270492742597,-1073.0530878016575
1.5,0.6,1.5,120.0,60.0,25.0,63,8,-66.45471356676694,-349.98394140139936,-586.2540692634195,93.06541994790976,38.123964686303424,2,5,-871.5033395973726,-13.833386342815437,-1101.3270492742597,-1073.0530878016575
1.5,0.6,1.5,120.0,60.0,25.0,63,10,-84.45471356676694,-371.98394140139936,-634.2540692634195,81.06541994790976,12.123964686303424,2,5,-997.5033395973726,-15.833386342815437,-1101.3270492742597,-1073.0530878016575
1.5,0.6,1.5,120.0,60.0,25.0,63,12,-102.45471356676694,-393.98394140139936,-682.2540692634195,69.06541994790976,-13.876035313696576,1,5,-1123.5033395973726,-17.833386342815437,-1101.3270492742597,-1073.0530878016575
1.5,0.6,1.5,120.0,60.0,35.0,63,0,-71.32153944941226,-196.81304649439664,-148.96712064261817,98.01372437042926,60.432702583416926,2,5,-258.6552796325807,-4.105639359247313,-992.4789893094676,-964.2050278368656
1.5,0.6,1.5,120.0,60.0,35.0,63,2,-89.32153944941226,-218.81304649439664,-196.96712064261817,86.01372437042926,34.432702583416926,2,5,-384.6552796325807,-6.105639359247313,-992.4789893094676,-964.2050278368656
1.5,0.6,1.5,120.0,60.0,35.0,63,4,-107.32153944941226,-240.81304649439664,-244.96712064261817,74.01372437042926,8.432702583416926,2,5,-510.6552796325807,-8.105639359247313,-992.4789893094676,-964.2050278368656
1.5,0.6,1.5,120.0,60.0,35.0,63,6,-125.32153944941226,-262.81304649439664,-292.96712064261817,62.01372437042925,-17.567297416583074,1,5,-636.6552796325807,-10.105639359247313,-992.4789893094676,-964.2050278368656
1.5,0.6,1.5,120.0,60.0,35.0,63,8,-143.32153944941226,-284.81304649439664,-340.96712064261817,50.01372437042925,-43.567297416583074,1,5,-762.6552796325807,-12.105639359247313,-992.4789893094676,-964.2050278368656
1.5,0.6,1.5,120.0,60.0,35.0,63,10,-161.32153944941226,-306.81304649439664,-388.96712064261817,38.01372437042925,-69.56729741658307,1,5,-888.6552796325807,-14.105639359247313,-992.4789893094676,-964.2050278368656
1.5,0.6,1.5,120.0,60.0,35.0,63,12,-179.32153944941226,-328.81304649439664,-436.96712064261817,26.01372437042925,-95.56729741658307,1,5,-1014.6552796325807,-16.105639359247313,-992.4789893094676,-964.2050278368656
1.5,0.6,1.5,120.0,60.0,50.0,61,0,-176.8220088911433,-71.4823648610828,206.73659304748776,95.95718907418302,137.17741388061953,3,5,191.5668222500642,3.140439709017446,-538.7376495717392,-580.901926492994
1.5,0.6,1.5,120.0,60.0,50.0,61,2,-194.8220088911433,-93.4823648610828,162.73659304748776,83.95718907418302,111.17741388061953,3,5,69.5668222500642,1.140439709017446,-538.7376495717392,-580.901926492994
1.5,0.6,1.5,120.0,60.0,50.0,61,4,-212.8220088911433,-115.4823648610828,118.73659304748774,71.95718907418302,85.17741388061953,3,5,-52.433177749935794,-0.859560290982554,-538.7376495717392,-580.901926492994
1.5,0.6,1.5,120.0,60.0,50.0,61,6,-230.8220088911433,-137.4823648610828,74.73659304748774,59.95718907418303,59.177413880619525,3,5,-174.4331777499358,-2.859560290982554,-538.7376495717392,-580.901926492994
1.5,0.6,1.5,120.0,60.0,50.0,61,8,-248.8220088911433,-159.4823648610828,30.736593047487744,47.95718907418303,33.177413880619525,3,5,-296.4331777499358,-4.859560290982554,-538.7376495717392,-580.901926492994
1.5,0.6,1.5,120.0,60.0,50.0,61,10,-266.8220088911433,-181.4823648610828,-13.263406952512256,35.95718907418303,7.177413880619525,2,5,-418.4331777499358,-6.859560290982554,-538.7376495717392,-580.901926492994
1.5,0.6,1.5,120.0,60.0,50.0,61,12,-284.8220088911433,-203.4823648610828,-57.263406952512256,23.957189074183027,-18.822586119380475,1,5,-540.4331777499358,-8.859560290982554,-538.7376495717392,-580.901926492994
1.5,0.6,2.0,60.0,20.0,15.0,142,0,20.123409792437144,-120.36604584757362,86.52889234649678,91.19316981479004,47.40141005723666,4,5,124.8808361633869,0.8794425081928655,-1325.650776879101,-1394.064804653285
1.5,0.6,2.0,60.0,20.0,15.0,142,2,-43.876590207562856,-166.36604584757362,4.528892346496775,65.19316981479004,-18.59858994276334,2,5,-159.1191638366131,-1.1205574918071346,-1325.650776879101,-1394.064804653285
1.5,0.6,2.0,60.0,20.0,15.0,142,4,-107.87659020756286,-212.36604584757362,-77.47110765350322,39.19316981479004,-84.59858994276334,1,5,-443.1191638366131,-3.1205574918071344,-1325.650776879101,-1394.064804653285
1.5,0.6,2.0,60.0,20.0,15.0,142,6,-171.87659020756286,-258.3660458475736,-159.47110765350322,13.19316981479004,-150.59858994276334,1,5,-727.1191638366131,-5.120557491807134,-1325.650776879101,-1394.064804653285
1.5,0.6,2.0,60.0,20.0,15.0,142,8,-235.87659020756286,-304.3660458475736,-241.47110765350322,-12.80683018520996,-216.59858994276334,0,5,-1011.1191638366131,-7.120557491807134,-1325.650776879101,-1394.064804653285
1.5,0.6,2.0,60.0,20.0,15.0,142,10,-299.87659020756286,-350.3660458475736,-323.4711076535032,-38.80683018520996,-282.59858994276334,0,5,-1295.119163836613,-9.120557491807135,-1325.650776879101,-1394.064804653285
1.5,0.6,2.0,60.0,20.0,15.0,142,12,-363.87659020756286,-396.3660458475736,-405.4711076535032,-64.80683018520996,-348.59858994276334,0,5,-1579.119163836613,-11.120557491807135,-1325.650776879101,-1394.064804653285
1.5,0.6,2.0,60.0,20.0,25.0,139,0,107.62469470575027,-79.22454035582012,39.10263671444159,153.85052767779985,-102.10493750993385,3,5,119.24838123223776,0.8579020232535091,-1307.3365436852916,-1350.8204994246685
1.5,0.6,2.0,60.0,20.0,25.0,139,2,45.62469470575027,-125.22454035582012,-40.89736328555841,127.85052767779985,-166.10493750993385,2,5,-158.75161876776224,-1.142097976746491,-1307.3365436852916,-1350.8204994246685
1.5,0.6,2.0,60.0,20.0,25.0,139,4,-16.375305294249728,-171.22454035582012,-120.89736328555841,101.85052767779985,-230.10493750993385,1,5,-436.75161876776224,-3.142097976746491,-1307.3365436852916,-1350.8204994246685
1.5,0.6,2.0,60.0,20.0,25.0,139,6,-78.37530529424973,-217.22454035582012,-200.8973632855584,75.85052767779985,-294.10493750993385,1,5,-714.7516187677622,-5.1420979767464905,-1307.3365436852916,-1350.8204994246685
1.5,0.6,2.0,60.0,20.0,25.0,139,8,-140.37530529424973,-263.2245403558201,-280.8973632855584,49.850527677799846,-358.10493750993385,1,5,-992.7516187677622,-7.1420979767464905,-1307.3365436852916,-1350.8204994246685
1.5,0.6,2.0,60.0,20.0,25.0,139,10,-202.37530529424973,-309.2245403558201,-360.8973632855584,23.85052767779985,-422.10493750993385,1,5,-1270.7516187677622,-9.142097976746491,-1307.3365436852916,-1350.8204994246685
1.5,0.6,2.0,60.0,20.0,25.0,139,12,-264.37530529424976,-355.2245403558201,-440.8973632855584,-2.1494723222001504,-486.10493750993385,0,5,-1548.7516187677622,-11.142097976746491,-1307.3365436852916,-1350.8204994246685
1.5,0.6,2.0,60.0,20.0,35.0,138,0,179.0830339736579,-13.865355268007363,59.30700342971949,110.79883210031932,-203.56452355288366,3,5,131.75899068280592,0.9547752948029414,-1278.772622359682,-1299.1323970362423
1.5,0.6,2.0,60.0,20.0,35.0,138,2,117.0830339736579,-59.86535526800736,-20.692996570280513,84.79883210031932,-265.56452355288366,2,5,-144.24100931719408,-1.0452247051970587,-1278.772622359682,-1299.1323970362423
1.5,0.6,2.0,60.0,20.0,35.0,138,4,55.083033973657905,-105.86535526800736,-100.69299657028051,58.798832100319316,-327.56452355288366,2,5,-420.2410093171941,-3.0452247051970587,-1278.772622359682,-1299.1323970362423
1.5,0.6,2.0,60.0,20.0,35.0,138,6,-6.916966026342095,-151.86535526800736,-180.6929965702805,32.798832100319316,-389.56452355288366,1,5,-696.2410093171941,-5.045224705197058,-1278.772622359682,-1299.1323970362423
1.5,0.6,2.0,60.0,20.0,35.0,138,8,-68.9169660263421,-197.86535526800736,-260.6929965702805,6.79883210031932,-451.56452355288366,1,5,-972.2410093171941,-7.045224705197058,-1278.772622359682,-1299.1323970362423
1.5,0.6,2.0,60.0,20.0,35.0,138,10,-130.9169660263421,-243.86535526800736,-340.6929965702805,-19.20116789968068,-513.5645235528837,0,5,-1248.241009317194,-9.04522470519706,-1278.772622359682,-1299.1323970362423
1.5,0.6,2.0,60.0,20.0,35.0,138,12,-192.9169660263421,-289.86535526800736,-420.6929965702805,-45.201167899680684,-575.5645235528837,0,5,-1524.241009317194,-11.04522470519706,-1278.772622359682,-1299.1323970362423
1.5,0.6,2.0,60.0,20.0,50.0,138,0,217.50716601059167,19.982090904750947,99.05754491171399,96.62587466527859,-80.12287296561931,4,5,353.049803526716,2.558331909613884,-1067.2619781227168,-1105.6595446314627
1.5,0.6,2.0,60.0,20.0,50.0,138,2,155.50716601059167,-26.017909095249053,19.05754491171399,70.62587466527859,-142.1228729656193,3,5,77.049803526716,0.5583319096138841,-1067.2619781227168,-1105.6595446314627
1.5,0.6,2.0,60.0,20.0,50.0,138,4,93.50716601059167,-72.01790909524905,-60.94245508828601,44.625874665278594,-204.1228729656193,2,5,-198.950196473284,-1.4416680903861159,-1067.2619781227168,-1105.6595446314627
1.5,0.6,2.0,60.0,20.0,50.0,138,6,31.507166010591675,-118.01790909524905,-140.942455088286,18.625874665278594,-266.1228729656193,2,5,-474.950196473284,-3.441668090386116,-1067.2619781227168,-1105.6595446314627
1.5,0.6,2.0,60.0,20.0,50.0,138,8,-30.492833989408325,-164.01790909524905,-220.942455088286,-7.3741253347214055,-328.1228729656193,0,5,-750.950196473284,-5.441668090386116,-1067.2619781227168,-1105.6595446314627
1.5,0.6,2.0,60.0,20.0,50.0,138,10,-92.49283398940833,-210.01790909524905,-300.942455088286,-33.374125334721406,-390.1228729656193,0,5,-1026.950196473284,-7.441668090386116,-1067.2619781227168,-1105.6595446314627
1.5,0.6,2.0,60.0,20.0,50.0,138,12,-154.49283398940833,-256.017909095249,-380.942455088286,-59.374125334721406,-452.1228729656193,0,5,-1302.950196473284,-9.441668090386116,-1067.2619781227168,-1105.6595446314627
1.5,0.6,2.0,60.0,30.0,15.0,141,0,22.350285850025614,-129.90828807734363,109.94669380449352,82.05713714105025,-10.829906639319347,3,5,73.61592207890635,0.522098738148272,-1409.0638519497977,-1403.9521296957437
1.5,0.6,2.0,60.0,30.0,15.0,141,2,-39.649714149974386,-175.90828807734363,27.94669380449352,56.05713714105025,-76.82990663931935,2,5,-208.38407792109365,-1.477901261851728,-1409.0638519497977,-1403.9521296957437
1.5,0.6,2.0,60.0,30.0,15.0,141,4,-101.64971414997439,-221.90828807734363,-54.05330619550648,30.057137141050248,-142.82990663931935,1,5,-490.38407792109365,-3.477901261851728,-1409.0638519497977,-1403.9521296957437
1.5,0.6,2.0,60.0,30.0,15.0,141,6,-163.6497141499744,-267.9082880773436,-136.05330619550648,4.057137141050248,-208.82990663931935,1,5,-772.3840779210936,-5.477901261851728,-1409.0638519497977,-1403.9521296957437
1.5,0.6,2.0,60.0,30.0,15.0,141,8,-225.6497141499744,-313.9082880773436,-218.05330619550648,-21.942862858949752,-274.82990663931935,0,5,-1054.3840779210936,-7.477901261851728,-1409.0638519497977,-1403.9521296957437
1.5,0.6,2.0,60.0,30.0,15.0,141,10,-287.6497141499744,-359.9082880773436,-300.0533061955065,-47.94286285894975,-340.82990663931935,0,5,-1336.3840779210936,-9.477901261851729,-1409.0638519497977,-1403.9521296957437
1.5,0.6,2.0,60.0,30.0,15.0,141,12,-349.6497141499744,-405.9082880773436,-382.0533061955065,-73.94286285894975,-406.82990663931935,0,5,-1618.3840779210936,-11.477901261851729,-1409.0638519497977,-1403.9521296957437
1.5,0.6,2.0,60.0,30.0,25.0,138,0,96.31809568754565,-120.73241234779749,-14.06552120372129,198.3859477454181,-90.43818968389832,2,5,69.46792019754662,0.5033907260691783,-1383.2118538311572,-1349.4262444922872
1.5,0.6,2.0,60.0,30.0,25.0,138,2,36.31809568754565,-166.7324123477975,-94.06552120372129,172.3859477454181,-154.43818968389832,2,5,-206.53207980245338,-1.4966092739308217,-1383.2118538311572,-1349.4262444922872
1.5,0.6,2.0,60.0,30.0,25.0,138,4,-23.68190431245435,-212.7324123477975,-174.0655212037213,146.3859477454181,-218.43818968389832,1,5,-482.5320798024534,-3.4966092739308214,-1383.2118538311572,-1349.4262444922872
1.5,0.6,2.0,60.0,30.0,25.0,138,6,-83.68190431245435,-258.7324123477975,-254.0655212037213,120.3859477454181,-282.4381896838983,1,5,-758.5320798024534,-5.496609273930821,-1383.2118538311572,-1349.4262444922872
1.5,0.6,2.0,60.0,30.0,25.0,138,8,-143.68190431245435,-304.7324123477975,-334.0655212037213,94.3859477454181,-346.4381896838983,1,5,-1034.5320798024534,-7.496609273930821,-1383.2118538311572,-1349.4262444922872
1.5,0.6,2.0,60.0,30.0,25.0,138,10,-203.68190431245435,-350.7324123477975,-414.0655212037213,68.3859477454181,-410.4381896838983,1,5,-1310.5320798024534,-9.496609273930822,-1383.2118538311572,-1349.4262444922872
1.5,0.6,2.0,60.0,30.0,25.0,138,12,-263.6819043124543,-396.7324123477975,-494.0655212037213,42.38594774541809,-474.4381896838983,1,5,-1586.5320798024534,-11.496609273930822,-1383.2118538311572,-1349.4262444922872
1.5,0.6,2.0,60.0,30.0,35.0,137,0,179.0000749825155,-24.97565143154199,67.0072082609272,155.33425216793756,-155.80514626526406,3,5,220.56073771457432,1.6099323920771849,-1227.8131431135469,-1244.8927386247865
1.5,0.6,2.0,60.0,30.0,35.0,137,2,119.00007498251551,-70.97565143154199,-12.9927917390728,129.33425216793756,-217.80514626526406,2,5,-53.439262285425684,-0.3900676079228152,-1227.8131431135469,-1244.8927386247865
1.5,0.6,2.0,60.0,30.0,35.0,137,4,59.000074982515514,-116.97565143154199,-92.9927917390728,103.33425216793756,-279.80514626526406,2,5,-327.4392622854257,-2.3900676079228154,-1227.8131431135469,-1244.8927386247865
1.5,0.6,2.0,60.0,30.0,35.0,137,6,-0.999925017484486,-162.975651431542,-172.9927917390728,77.33425216793756,-341.80514626526406,1,5,-601.4392622854257,-4.390067607922815,-1227.8131431135469,-1244.8927386247865
1.5,0.6,2.0,60.0,30.0,35.0,137,8,-60.999925017484486,-208.975651431542,-252.9927917390728,51.33425216793757,-403.80514626526406,1,5,-875.4392622854257,-6.390067607922815,-1227.8131431135469,-1244.8927386247865
1.5,0.6,2.0,60.0,30.0,35.0,137,10,-120.99992501748449,-254.975651431542,-332.9927917390728,25.33425216793757,-465.80514626526406,1,5,-1149.4392622854257,-8.390067607922814,-1227.8131431135469,-1244.8927386247865
1.5,0.6,2.0,60.0,30.0,35.0,137,12,-180.9999250174845,-300.975651431542,-412.9927917390728,-0.6657478320624293,-527.805146265264,0,5,-1423.4392622854257,-10.390067607922814,-1227.8131431135469,-1244.8927386247865
1.5,0.6,2.0,60.0,30.0,50.0,137,0,210.22763407824664,2.4190455672103326,102.9509739924743,195.90626419722273,-5.887820024927748,4,5,505.61609781022594,3.690628451169532,-973.9643845062452,-960.084705341468
1.5,0.6,2.0,60.0,30.0,50.0,137,2,150.22763407824664,-43.58095443278967,22.950973992474303,169.90626419722273,-67.88782002492775,3,5,231.61609781022594,1.6906284511695324,-973.9643845062452,-960.084705341468
1.5,0.6,2.0,60.0,30.0,50.0,137,4,90.22763407824665,-89.58095443278967,-57.0490260075257,143.90626419722273,-129.88782002492775,2,5,-42.38390218977406,-0.3093715488304676,-973.9643845062452,-960.084705341468
1.5,0.6,2.0,60.0,30.0,50.0,137,6,30.227634078246652,-135.58095443278967,-137.0490260075257,117.90626419722273,-191.88782002492775,2,5,-316.38390218977406,-2.309371548830468,-973.9643845062452,-960.084705341468
1.5,0.6,2.0,60.0,30.0,50.0,137,8,-29.772365921753348,-181.58095443278967,-217.0490260075257,91.90626419722273,-253.88782002492775,1,5,-590.3839021897741,-4.309371548830468,-973.9643845062452,-960.084705341468
1.5,0.6,2.0,60.0,30.0,50.0,137,10,-89.77236592175335,-227.58095443278967,-297.0490260075257,65.90626419722273,-315.88782002492775,1,5,-864.3839021897741,-6.309371548830468,-973.9643845062452,-960.084705341468
1.5,0.6,2.0,60.0,30.0,50.0,137,12,-149.77236592175336,-273.58095443278967,-377.0490260075257,39.906264197222725,-377.88782002492775,1,5,-1138.383902189774,-8.309371548830468,-973.9643845062452,-960.084705341468
1.5,0.6,2.0,60.0,40.0,15.0,140,0,-15.678996884228582,-157.7669030248665,-1.8329942384880837,142.62575027321736,8.827480404621838,2,5,-23.825663469744086,-0.17018331049817204,-1527.649373146631,-1499.2564589662031
1.5,0.6,2.0,60.0,40.0,15.0,140,2,-75.67899688422858,-203.7669030248665,-83.83299423848808,116.62575027321738,-57.17251959537816,1,5,-303.8256634697441,-2.1701833104981723,-1527.649373146631,-1499.2564589662031
1.5,0.6,2.0,60.0,40.0,15.0,140,4,-135.67899688422858,-249.7669030248665,-165.83299423848808,90.62575027321738,-123.17251959537816,1,5,-583.8256634697441,-4.170183310498172,-1527.649373146631,-1499.2564589662031
1.5,0.6,2.0,60.0,40.0,15.0,140,6,-195.67899688422858,-295.7669030248665,-247.83299423848808,64.62575027321738,-189.17251959537816,1,5,-863.8256634697441,-6.170183310498172,-1527.649373146631,-1499.2564589662031
1.5,0.6,2.0,60.0,40.0,15.0,140,8,-255.67899688422858,-341.7669030248665,-329.8329942384881,38.62575027321738,-255.17251959537816,1,5,-1143.825663469744,-8.170183310498173,-1527.649373146631,-1499.2564589662031
1.5,0.6,2.0,60.0,40.0,15.0,140,10,-315.6789968842286,-387.7669030248665,-411.8329942384881,12.625750273217378,-321.17251959537816,1,5,-1423.825663469744,-10.170183310498173,-1527.649373146631,-1499.2564589662031
1.5,0.6,2.0,60.0,40.0,15.0,140,12,-375.6789968842286,-433.7669030248665,-493.8329942384881,-13.374249726782622,-387.17251959537816,0,5,-1703.825663469744,-12.170183310498173,-1527.649373146631,-1499.2564589662031
1.5,0.6,2.0,60.0,40.0,25.0,137,0,-23.751413016281674,-157.2297478599096,-134.3194062996389,257.24215885968357,-53.095537123062456,1,5,-111.15394543920911,-0.8113426674394826,-1584.977655116096,-1593.7202546939188
1.5,0.6,2.0,60.0,40.0,25.0,137,2,-81.75141301628167,-203.2297478599096,-214.3194062996389,231.24215885968357,-117.09553712306246,1,5,-385.1539454392091,-2.8113426674394826,-1584.977655116096,-1593.7202546939188
1.5,0.6,2.0,60.0,40.0,25.0,137,4,-139.75141301628167,-249.2297478599096,-294.3194062996389,205.24215885968357,-181.09553712306246,1,5,-659.1539454392091,-4.811342667439482,-1584.977655116096,-1593.7202546939188
1.5,0.6,2.0,60.0,40.0,25.0,137,6,-197.75141301628167,-295.2297478599096,-374.3194062996389,179.24215885968357,-245.09553712306246,1,5,-933.1539454392091,-6.811342667439482,-1584.977655116096,-1593.7202546939188
1.5,0.6,2.0,60.0,40.0,25.0,137,8,-255.75141301628167,-341.2297478599096,-454.3194062996389,153.24215885968357,-309.09553712306246,1,5,-1207.153945439209,-8.811342667439483,-1584.977655116096,-1593.7202546939188
1.5,0.6,2.0,60.0,40.0,25.0,137,10,-313.7514130162817,-387.2297478599096,-534.3194062996389,127.24215885968356,-373.09553712306246,1,5,-1481.153945439209,-10.811342667439483,-1584.977655116096,-1593.7202546939188
1.5,0.6,2.0,60.0,40.0,25.0,137,12,-371.7514130162817,-433.2297478599096,-614.3194062996389,101.24215885968356,-437.09553712306246,1,5,-1755.153945439209,-12.811342667439483,-1584.977655116096,-1593.7202546939188
1.5,0.6,2.0,60.0,40.0,35.0,136,0,52.88966997484485,-35.301952555930654,-66.22159702122337,214.19046328220304,-118.46249370442814,2,5,47.09408997546552,0.3462800733490112,-1436.6402314770455,-1468.201247104902
1.5,0.6,2.0,60.0,40.0,35.0,136,2,-5.11033002515515,-81.30195255593065,-146.22159702122337,188.19046328220304,-180.46249370442814,1,5,-224.90591002453448,-1.6537199266509888,-1436.6402314770455,-1468.201247104902
1.5,0.6,2.0,60.0,40.0,35.0,136,4,-63.11033002515515,-127.30195255593065,-226.22159702122337,162.19046328220304,-242.46249370442814,1,5,-496.9059100245345,-3.653719926650989,-1436.6402314770455,-1468.201247104902
1.5,0.6,2.0,60.0,40.0,35.0,136,6,-121.11033002515515,-173.30195255593065,-306.2215970212234,136.19046328220304,-304.46249370442814,1,5,-768.9059100245345,-5.6537199266509885,-1436.6402314770455,-1468.201247104902
1.5,0.6,2.0,60.0,40.0,35.0,136,8,-179.11033002515515,-219.30195255593065,-386.2215970212234,110.19046328220304,-366.46249370442814,1,5,-1040.9059100245345,-7.6537199266509885,-1436.6402314770455,-1468.201247104902
1.5,0.6,2.0,60.0,40.0,35.0,136,10,-237.11033002515515,-265.30195255593065,-466.2215970212234,84.19046328220304,-428.46249370442814,1,5,-1312.9059100245345,-9.65371992665099,-1436.6402314770455,-1468.201247104902
1.5,0.6,2.0,60.0,40.0,35.0,136,12,-295.1103300251551,-311.30195255593065,-546.2215970212234,58.19046328220304,-490.46249370442814,1,5,-1584.9059100245345,-11.65371992665099,-1436.6402314770455,-1468.201247104902
1.5,0.6,2.0,60.0,40.0,50.0,135,0,159.35527181533453,-7.907255557178388,162.5642187338544,254.76247531148817,36.31040383368179,4,5,605.0851141371804,4.482111956571707,-899.8558088036808,-900.2102229431871
1.5,0.6,2.0,60.0,40.0,50.0,135,2,101.35527181533453,-53.90725555717839,84.5642187338544,228.76247531148817,-25.68959616631821,3,5,335.0851141371804,2.482111956571707,-899.8558088036808,-900.2102229431871
1.5,0.6,2.0,60.0,40.0,50.0,135,4,43.35527181533453,-99.90725555717839,6.564218733854403,202.76247531148817,-87.68959616631821,3,5,65.08511413718043,0.48211195657170686,-899.8558088036808,-900.2102229431871
1.5,0.6,2.0,60.0,40.0,50.0,135,6,-14.644728184665468,-145.9072555571784,-71.4357812661456,176.76247531148817,-149.6895961663182,1,5,-204.91488586281957,-1.517888043428293,-899.8558088036808,-900.2102229431871
1.5,0.6,2.0,60.0,40.0,50.0,135,8,-72.64472818466547,-191.9072555571784,-149.4357812661456,150.76247531148817,-211.6895961663182,1,5,-474.9148858628196,-3.517888043428293,-899.8558088036808,-900.2102229431871
1.5,0.6,2.0,60.0,40.0,50.0,135,10,-130.64472818466547,-237.9072555571784,-227.4357812661456,124.76247531148816,-273.6895961663182,1,5,-744.9148858628196,-5.517888043428293,-899.8558088036808,-900.2102229431871
1.5,0.6,2.0,60.0,40.0,50.0,135,12,-188.64472818466547,-283.90725555717836,-305.43578126614557,98.76247531148816,-335.6895961663182,1,5,-1014.9148858628196,-7.517888043428293,-899.8558088036808,-900.2102229431871
1.5,0.6,2.0,60.0,60.0,15.0,138,0,-124.35069493467807,-196.56997592771938,-243.51317802610106,237.01384881657003,106.53530749812359,2,5,-220.8846925738053,-1.6006137143029369,-1807.6954492353548,-1718.1961378251276
1.5,0.6,2.0,60.0,60.0,15.0,138,2,-182.35069493467807,-242.56997592771938,-323.51317802610106,211.01384881657003,40.535307498123586,2,5,-496.8846925738053,-3.600613714302937,-1807.6954492353548,-1718.1961378251276
1.5,0.6,2.0,60.0,60.0,15.0,138,4,-240.35069493467807,-288.5699759277194,-403.51317802610106,185.01384881657003,-25.464692501876414,1,5,-772.8846925738053,-5.600613714302937,-1807.6954492353548,-1718.1961378251276
1.5,0.6,2.0,60.0,60.0,15.0,138,6,-298.3506949346781,-334.5699759277194,-483.51317802610106,159.01384881657003,-91.46469250187641,1,5,-1048.8846925738053,-7.600613714302937,-1807.6954492353548,-1718.1961378251276
1.5,0.6,2.0,60.0,60.0,15.0,138,8,-356.3506949346781,-380.5699759277194,-563.5131780261011,133.01384881657003,-157.4646925018764,1,5,-1324.8846925738053,-9.600613714302938,-1807.6954492353548,-1718.1961378251276
1.5,0.6,2.0,60.0,60.0,15.0,138,10,-414.3506949346781,-426.5699759277194,-643.5131780261011,107.01384881657005,-223.4646925018764,1,5,-1600.8846925738053,-11.600613714302938,-1807.6954492353548,-1718.1961378251276
1.5,0.6,2.0,60.0,60.0,15.0,138,12,-472.3506949346781,-472.5699759277194,-723.5131780261011,81.01384881657005,-289.4646925018764,1,5,-1876.8846925738053,-13.600613714302938,-1807.6954492353548,-1718.1961378251276
1.5,0.6,2.0,60.0,60.0,25.0,135,0,-103.15252824429535,-200.1883210629323,-405.3940726100159,322.6722849821079,54.30480046603719,2,5,-331.75783646909895,-2.457465455326659,-1807.5567881727209,-1768.2650139142495
1.5,0.6,2.0,60.0,60.0,25.0,135,2,-159.15252824429535,-246.1883210629323,-483.3940726100159,296.6722849821079,-9.695199533962807,1,5,-601.757836469099,-4.457465455326659,-1807.5567881727209,-1768.2650139142495
1.5,0.6,2.0,60.0,60.0,25.0,135,4,-215.15252824429535,-292.1883210629323,-561.3940726100159,270.6722849821079,-73.6951995339628,1,5,-871.757836469099,-6.457465455326659,-1807.5567881727209,-1768.2650139142495
1.5,0.6,2.0,60.0,60.0,25.0,135,6,-271.15252824429535,-338.1883210629323,-639.3940726100159,244.6722849821079,-137.6951995339628,1,5,-1141.757836469099,-8.457465455326659,-1807.5567881727209,-1768.2650139142495
1.5,0.6,2.0,60.0,60.0,25.0,135,8,-327.15252824429535,-384.1883210629323,-717.3940726100159,218.6722849821079,-201.6951995339628,1,5,-1411.757836469099,-10.457465455326659,-1807.5567881727209,-1768.2650139142495
1.5,0.6,2.0,60.0,60.0,25.0,135,10,-383.15252824429535,-430.1883210629323,-795.3940726100159,192.6722849821079,-265.6951995339628,1,5,-1681.757836469099,-12.457465455326659,-1807.5567881727209,-1768.2650139142495
1.5,0.6,2.0,60.0,60.0,25.0,135,12,-439.15252824429535,-476.1883210629323,-873.3940726100159,166.6722849821079,-329.6951995339628,1,5,-1951.757836469099,-14.457465455326659,-1807.5567881727209,-1768.2650139142495
1.5,0.6,2.0,60.0,60.0,35.0,134,0,145.19743686933822,-90.66157653924029,-319.6862272720348,279.62058940462737,-11.062156115328548,2,5,3.4080663473619097,0.02543333095046201,-1548.9125412772678,-1501.5565103656404
1.5,0.6,2.0,60.0,60.0,35.0,134,2,89.19743686933822,-136.6615765392403,-397.6862272720348,253.62058940462737,-73.06215611532855,2,5,-264.5919336526381,-1.974566669049538,-1548.9125412772678,-1501.5565103656404
1.5,0.6,2.0,60.0,60.0,35.0,134,4,33.19743686933822,-182.6615765392403,-475.6862272720348,227.62058940462737,-135.06215611532855,2,5,-532.5919336526381,-3.974566669049538,-1548.9125412772678,-1501.5565103656404
1.5,0.6,2.0,60.0,60.0,35.0,134,6,-22.80256313066178,-228.6615765392403,-553.6862272720348,201.62058940462737,-197.06215611532855,1,5,-800.5919336526381,-5.974566669049538,-1548.9125412772678,-1501.5565103656404
1.5,0.6,2.0,60.0,60.0,35.0,134,8,-78.80256313066178,-274.6615765392403,-631.6862272720348,175.62058940462737,-259.06215611532855,1,5,-1068.591933652638,-7.974566669049538,-1548.9125412772678,-1501.5565103656404
1.5,0.6,2.0,60.0,60.0,35.0,134,10,-134.80256313066178,-320.6615765392403,-709.6862272720348,149.62058940462737,-321.06215611532855,1,5,-1336.591933652638,-9.974566669049539,-1548.9125412772678,-1501.5565103656404
1.5,0.6,2.0,60.0,60.0,35.0,134,12,-190.80256313066178,-366.6615765392403,-787.6862272720348,123.62058940462737,-383.06215611532855,1,5,-1604.591933652638,-11.974566669049539,-1548.9125412772678,-1501.5565103656404
1.5,0.6,2.0,60.0,60.0,50.0,133,0,217.43751747002938,-37.97747368050625,-86.9491553461637,320.19260143391256,166.52904134463245,3,5,579.2325312219047,4.355131813698531,-994.2946778910756,-930.322251479578
1.5,0.6,2.0,60.0,60.0,50.0,133,2,161.43751747002938,-83.97747368050625,-162.9491553461637,294.19260143391256,104.52904134463245,3,5,313.23253122190465,2.3551318136985313,-994.2946778910756,-930.322251479578
1.5,0.6,2.0,60.0,60.0,50.0,133,4,105.43751747002938,-129.97747368050625,-238.9491553461637,268.19260143391256,42.52904134463245,3,5,47.23253122190465,0.3551318136985312,-994.2946778910756,-930.322251479578
1.5,0.6,2.0,60.0,60.0,50.0,133,6,49.43751747002938,-175.97747368050625,-314.9491553461637,242.19260143391256,-19.470958655367554,2,5,-218.76746877809535,-1.6448681863014687,-994.2946778910756,-930.322251479578
1.5,0.6,2.0,60.0,60.0,50.0,133,8,-6.562482529970623,-221.97747368050625,-390.9491553461637,216.19260143391256,-81.47095865536755,1,5,-484.76746877809535,-3.6448681863014687,-994.2946778910756,-930.322251479578
1.5,0.6,2.0,60.0,60.0,50.0,133,10,-62.56248252997062,-267.97747368050625,-466.9491553461637,190.19260143391256,-143.47095865536755,1,5,-750.7674687780953,-5.644868186301469,-994.2946778910756,-930.322251479578
1.5,0.6,2.0,60.0,60.0,50.0,133,12,-118.56248252997062,-313.97747368050625,-542.9491553461637,164.19260143391256,-205.47095865536755,1,5,-1016.7674687780953,-7.644868186301469,-994.2946778910756,-930.322251479578
1.5,0.6,2.0,90.0,20.0,15.0,142,0,20.123409792437144,-120.36604584757362,35.71993563163028,91.19316981479004,47.40141005723666,4,5,74.07187944852035,0.5216329538628194,-1376.4597335939677,-1444.8737613681512
1.5,0.6,2.0,90.0,20.0,15.0,142,2,-43.876590207562856,-166.36604584757362,-46.28006436836972,65.19316981479004,-18.59858994276334,1,5,-209.92812055147965,-1.4783670461371807,-1376.4597335939677,-1444.8737613681512
1.5,0.6,2.0,90.0,20.0,15.0,142,4,-107.87659020756286,-212.36604584757362,-128.28006436836972,39.19316981479004,-84.59858994276334,1,5,-493.92812055147965,-3.4783670461371807,-1376.4597335939677,-1444.8737613681512
1.5,0.6,2.0,90.0,20.0,15.0,142,6,-171.87659020756286,-258.3660458475736,-210.28006436836972,13.19316981479004,-150.59858994276334,1,5,-777.9281205514797,-5.478367046137181,-1376.4597335939677,-1444.8737613681512
1.5,0.6,2.0,90.0,20.0,15.0,142,8,-235.87659020756286,-304.3660458475736,-292.2800643683697,-12.80683018520996,-216.59858994276334,0,5,-1061.9281205514797,-7.478367046137181,-1376.4597335939677,-1444.8737613681512
1.5,0.6,2.0,90.0,20.0,15.0,142,10,-299.87659020756286,-350.3660458475736,-374.2800643683697,-38.80683018520996,-282.59858994276334,0,5,-1345.9281205514797,-9.47836704613718,-1376.4597335939677,-1444.8737613681512
1.5,0.6,2.0,90.0,20.0,15.0,142,12,-363.87659020756286,-396.3660458475736,-456.2800643683697,-64.80683018520996,-348.59858994276334,0,5,-1629.9281205514797,-11.47836704613718,-1376.4597335939677,-1444.8737613681512
1.5,0.6,2.0,90.0,20.0,25.0,139,0,107.62469470575027,-79.05164333333192,-11.70632000042491,153.85052767779985,-102.10493750993385,2,5,68.6123215398593,0.4936138240277647,-1357.97260337767,-1401.456559117047
1.5,0.6,2.0,90.0,20.0,25.0,139,2,45.62469470575027,-125.05164333333192,-91.70632000042491,127.85052767779985,-166.10493750993385,2,5,-209.3876784601407,-1.5063861759722352,-1357.97260337767,-1401.456559117047
1.5,0.6,2.0,90.0,20.0,25.0,139,4,-16.375305294249728,-171.05164333333192,-171.7063200004249,101.85052767779985,-230.10493750993385,1,5,-487.3876784601407,-3.5063861759722355,-1357.97260337767,-1401.456559117047
1.5,0.6,2.0,90.0,20.0,25.0,139,6,-78.37530529424973,-217.05164333333192,-251.7063200004249,75.85052767779985,-294.10493750993385,1,5,-765.3876784601407,-5.506386175972235,-1357.97260337767,-1401.456559117047
1.5,0.6,2.0,90.0,20.0,25.0,139,8,-140.37530529424973,-263.0516433333319,-331.7063200004249,49.850527677799846,-358.10493750993385,1,5,-1043.3876784601407,-7.506386175972235,-1357.97260337767,-1401.456559117047
1.5,0.6,2.0,90.0,20.0,25.0,139,10,-202.37530529424973,-309.0516433333319,-411.7063200004249,23.85052767779985,-422.10493750993385,1,5,-1321.3876784601407,-9.506386175972235,-1357.97260337767,-1401.456559117047
1.5,0.6,2.0,90.0,20.0,25.0,139,12,-264.37530529424976,-355.0516433333319,-491.7063200004249,-2.1494723222001504,-486.10493750993385,0,5,-1599.3876784601407,-11.506386175972235,-1357.97260337767,-1401.456559117047
1.5,0.6,2.0,90.0,20.0,35.0,138,0,179.0830339736579,8.388553646883565,17.496130171983793,110.79883210031932,-213.09324847548896,4,5,102.67330141735556,0.7440094305605476,-1307.8583116251325,-1328.218086301693
1.5,0.6,2.0,90.0,20.0,35.0,138,2,117.0830339736579,-37.611446353116435,-62.50386982801621,84.79883210031932,-275.09324847548896,2,5,-173.32669858264444,-1.2559905694394524,-1307.8583116251325,-1328.218086301693
1.5,0.6,2.0,90.0,20.0,35.0,138,4,55.083033973657905,-83.61144635311643,-142.5038698280162,58.798832100319316,-337.09324847548896,2,5,-449.32669858264444,-3.2559905694394526,-1307.8583116251325,-1328.218086301693
1.5,0.6,2.0,90.0,20.0,35.0,138,6,-6.916966026342095,-129.61144635311643,-222.5038698280162,32.798832100319316,-399.09324847548896,1,5,-725.3266985826444,-5.255990569439453,-1307.8583116251325,-1328.218086301693
1.5,0.6,2.0,90.0,20.0,35.0,138,8,-68.9169660263421,-175.61144635311643,-302.5038698280162,6.79883210031932,-461.09324847548896,1,5,-1001.3266985826444,-7.255990569439453,-1307.8583116251325,-1328.218086301693
1.5,0.6,2.0,90.0,20.0,35.0,138,10,-130.9169660263421,-221.61144635311643,-382.5038698280162,-19.20116789968068,-523.093248475489,0,5,-1277.3266985826444,-9.255990569439453,-1307.8583116251325,-1328.218086301693
1.5,0.6,2.0,90.0,20.0,35.0,138,12,-192.9169660263421,-267.61144635311643,-462.5038698280162,-45.201167899680684,-585.093248475489,0,5,-1553.3266985826444,-11.255990569439453,-1307.8583116251325,-1328.218086301693
1.5,0.6,2.0,90.0,20.0,50.0,137,0,260.9510290857318,52.00616990772488,123.12596381841001,96.62587466527859,-118.6344782870172,4,5,414.07455919012796,3.0224420378841454,-1039.6810855344447,-1034.6347889680508
1.5,0.6,2.0,90.0,20.0,50.0,137,2,198.95102908573185,6.006169907724882,45.125963818410014,70.62587466527859,-180.6344782870172,4,5,140.07455919012796,1.0224420378841457,-1039.6810855344447,-1034.6347889680508
1.5,0.6,2.0,90.0,20.0,50.0,137,4,136.95102908573185,-39.99383009227512,-32.874036181589986,44.625874665278594,-242.6344782870172,2,5,-133.92544080987204,-0.9775579621158543,-1039.6810855344447,-1034.6347889680508
1.5,0.6,2.0,90.0,20.0,50.0,137,6,74.95102908573185,-85.99383009227512,-110.87403618158999,18.625874665278594,-304.6344782870172,2,5,-407.92544080987204,-2.9775579621158546,-1039.6810855344447,-1034.6347889680508
1.5,0.6,2.0,90.0,20.0,50.0,137,8,12.95102908573184,-131.99383009227512,-188.87403618159,-7.3741253347214055,-366.6344782870172,1,5,-681.925440809872,-4.9775579621158546,-1039.6810855344447,-1034.6347889680508
1.5,0.6,2.0,90.0,20.0,50.0,137,10,-49.04897091426816,-177.99383009227512,-266.87403618159,-33.374125334721406,-428.6344782870172,0,5,-955.925440809872,-6.9775579621158546,-1039.6810855344447,-1034.6347889680508
1.5,0.6,2.0,90.0,20.0,50.0,137,12,-111.04897091426815,-223.99383009227512,-344.87403618159,-59.374125334721406,-490.6344782870172,0,5,-1229.925440809872,-8.977557962115855,-1039.6810855344447,-1034.6347889680508
1.5,0.6,2.0,90.0,30.0,15.0,141,0,22.350285850025614,-129.90828807734363,92.05059241905997,82.05713714105025,27.325524394947138,4,5,93.8752517277394,0.665781927147088,-1388.8045223009644,-1383.6928000469106
1.5,0.6,2.0,90.0,30.0,15.0,141,2,-39.649714149974386,-175.90828807734363,10.050592419059967,56.05713714105025,-38.67447560505286,2,5,-188.1247482722606,-1.334218072852912,-1388.8045223009644,-1383.6928000469106
1.5,0.6,2.0,90.0,30.0,15.0,141,4,-101.64971414997439,-221.90828807734363,-71.94940758094003,30.057137141050248,-104.67447560505286,1,5,-470.1247482722606,-3.334218072852912,-1388.8045223009644,-1383.6928000469106
1.5,0.6,2.0,90.0,30.0,15.0,141,6,-163.6497141499744,-267.9082880773436,-153.94940758094003,4.057137141050248,-170.67447560505286,1,5,-752.1247482722606,-5.334218072852912,-1388.8045223009644,-1383.6928000469106
1.5,0.6,2.0,90.0,30.0,15.0,141,8,-225.6497141499744,-313.9082880773436,-235.94940758094003,-21.942862858949752,-236.67447560505286,0,5,-1034.1247482722606,-7.334218072852912,-1388.8045223009644,-1383.6928000469106
1.5,0.6,2.0,90.0,30.0,15.0,141,10,-287.6497141499744,-359.9082880773436,-317.94940758094003,-47.94286285894975,-302.67447560505286,0,5,-1316.1247482722606,-9.334218072852913,-1388.8045223009644,-1383.6928000469106
1.5,0.6,2.0,90.0,30.0,15.0,141,12,-349.6497141499744,-405.9082880773436,-399.94940758094003,-73.94286285894975,-368.67447560505286,0,5,-1598.1247482722606,-11.334218072852913,-1388.8045223009644,-1383.6928000469106
1.5,0.6,2.0,90.0,30.0,25.0,138,0,113.23204229827479,-120.55951532530929,-31.96162258915473,198.3859477454181,-34.53677383490083,2,5,124.56007829432792,0.9026092630023762,-1328.119695734376,-1294.334086395506
1.5,0.6,2.0,90.0,30.0,25.0,138,2,53.23204229827479,-166.5595153253093,-111.96162258915473,172.3859477454181,-98.53677383490083,2,5,-151.43992170567208,-1.0973907369976237,-1328.119695734376,-1294.334086395506
1.5,0.6,2.0,90.0,30.0,25.0,138,4,-6.767957701725209,-212.5595153253093,-191.96162258915473,146.3859477454181,-162.53677383490083,1,5,-427.4399217056721,-3.0973907369976237,-1328.119695734376,-1294.334086395506
1.5,0.6,2.0,90.0,30.0,25.0,138,6,-66.76795770172521,-258.5595153253093,-271.96162258915473,120.3859477454181,-226.53677383490083,1,5,-703.4399217056721,-5.097390736997624,-1328.119695734376,-1294.334086395506
1.5,0.6,2.0,90.0,30.0,25.0,138,8,-126.76795770172521,-304.5595153253093,-351.96162258915473,94.3859477454181,-290.5367738349008,1,5,-979.4399217056721,-7.097390736997624,-1328.119695734376,-1294.334086395506
1.5,0.6,2.0,90.0,30.0,25.0,138,10,-186.7679577017252,-350.5595153253093,-431.96162258915473,68.3859477454181,-354.5367738349008,1,5,-1255.439921705672,-9.097390736997625,-1328.119695734376,-1294.334086395506
1.5,0.6,2.0,90.0,30.0,25.0,138,12,-246.7679577017252,-396.5595153253093,-511.96162258915473,42.38594774541809,-418.5367738349008,1,5,-1531.439921705672,-11.097390736997625,-1328.119695734376,-1294.334086395506
1.5,0.6,2.0,90.0,30.0,35.0,137,0,160.4307540201104,-39.30569356992294,58.109190332624564,155.33425216793756,-109.43245533887199,3,5,225.13604761187753,1.6433288146852374,-1223.2378332162436,-1225.7424647297053
1.5,0.6,2.0,90.0,30.0,35.0,137,2,100.43075402011041,-85.30569356992294,-21.890809667375436,129.33425216793756,-171.432455338872,2,5,-48.86395238812247,-0.35667118531476255,-1223.2378332162436,-1225.7424647297053
1.5,0.6,2.0,90.0,30.0,35.0,137,4,40.43075402011041,-131.30569356992294,-101.89080966737544,103.33425216793756,-233.432455338872,2,5,-322.86395238812247,-2.3566711853147626,-1223.2378332162436,-1225.7424647297053
1.5,0.6,2.0,90.0,30.0,35.0,137,6,-19.569245979889587,-177.30569356992294,-181.89080966737544,77.33425216793756,-295.432455338872,1,5,-596.8639523881225,-4.356671185314762,-1223.2378332162436,-1225.7424647297053
1.5,0.6,2.0,90.0,30.0,35.0,137,8,-79.56924597988959,-223.30569356992294,-261.89080966737544,51.33425216793757,-357.432455338872,1,5,-870.8639523881225,-6.356671185314762,-1223.2378332162436,-1225.7424647297053
1.5,0.6,2.0,90.0,30.0,35.0,137,10,-139.5692459798896,-269.30569356992294,-341.89080966737544,25.33425216793757,-419.432455338872,1,5,-1144.8639523881225,-8.356671185314763,-1223.2378332162436,-1225.7424647297053
1.5,0.6,2.0,90.0,30.0,35.0,137,12,-199.5692459798896,-315.30569356992294,-421.89080966737544,-0.6657478320624293,-481.432455338872,0,5,-1418.8639523881225,-10.356671185314763,-1223.2378332162436,-1225.7424647297053
1.5,0.6,2.0,90.0,30.0,50.0,136,0,235.10217619098168,17.218823396129324,145.4456283621826,149.08923659012805,56.52702644961724,5,5,603.382890989039,4.4366389043311685,-909.6414544025724,-931.9899189183956
1.5,0.6,2.0,90.0,30.0,50.0,136,2,175.10217619098168,-28.781176603870676,67.44562836218259,123.08923659012805,-5.472973550382761,3,5,331.38289098903897,2.436638904331169,-909.6414544025724,-931.9899189183956
1.5,0.6,2.0,90.0,30.0,50.0,136,4,115.10217619098168,-74.78117660387068,-10.554371637817411,97.08923659012805,-67.47297355038276,2,5,59.38289098903897,0.4366389043311689,-909.6414544025724,-931.9899189183956
1.5,0.6,2.0,90.0,30.0,50.0,136,6,55.10217619098168,-120.78117660387068,-88.55437163781741,71.08923659012805,-129.47297355038276,2,5,-212.61710901096103,-1.563361095668831,-909.6414544025724,-931.9899189183956
1.5,0.6,2.0,90.0,30.0,50.0,136,8,-4.89782380901832,-166.78117660387068,-166.5543716378174,45.08923659012805,-191.47297355038276,1,5,-484.61710901096103,-3.563361095668831,-909.6414544025724,-931.9899189183956
1.5,0.6,2.0,90.0,30.0,50.0,136,10,-64.89782380901832,-212.78117660387068,-244.5543716378174,19.08923659012805,-253.47297355038276,1,5,-756.617109010961,-5.5633610956688315,-909.6414544025724,-931.9899189183956
1.5,0.6,2.0,90.0,30.0,50.0,136,12,-124.89782380901832,-258.7811766038707,-322.55437163781744,-6.910763409871951,-315.4729735503828,0,5,-1028.617109010961,-7.5633610956688315,-909.6414544025724,-931.9899189183956
1.5,0.6,2.0,90.0,40.0,15.0,140,0,-8.364048677128721,-157.7669030248665,33.52050014600809,142.62575027321736,37.718336048686126,3,5,47.73363476591635,0.3409545340422596,-1458.0069718128748,-1411.9854560663675
1.5,0.6,2.0,90.0,40.0,15.0,140,2,-68.36404867712872,-203.7669030248665,-48.47949985399191,116.62575027321738,-28.281663951313874,1,5,-232.26636523408365,-1.6590454659577403,-1458.0069718128748,-1411.9854560663675
1.5,0.6,2.0,90.0,40.0,15.0,140,4,-128.36404867712872,-249.7669030248665,-130.4794998539919,90.62575027321738,-94.28166395131387,1,5,-512.2663652340837,-3.6590454659577403,-1458.0069718128748,-1411.9854560663675
1.5,0.6,2.0,90.0,40.0,15.0,140,6,-188.36404867712872,-295.7669030248665,-212.4794998539919,64.62575027321738,-160.28166395131387,1,5,-792.2663652340837,-5.659045465957741,-1458.0069718128748,-1411.9854560663675
1.5,0.6,2.0,90.0,40.0,15.0,140,8,-248.36404867712872,-341.7669030248665,-294.4794998539919,38.62575027321738,-226.28166395131387,1,5,-1072.2663652340837,-7.659045465957741,-1458.0069718128748,-1411.9854560663675
1.5,0.6,2.0,90.0,40.0,15.0,140,10,-308.3640486771287,-387.7669030248665,-376.4794998539919,12.625750273217378,-292.2816639513139,1,5,-1352.2663652340837,-9.65904546595774,-1458.0069718128748,-1411.9854560663675
1.5,0.6,2.0,90.0,40.0,15.0,140,12,-368.3640486771287,-433.7669030248665,-458.4794998539919,-13.374249726782622,-358.2816639513139,0,5,-1632.2663652340837,-11.65904546595774,-1458.0069718128748,-1411.9854560663675
1.5,0.6,2.0,90.0,40.0,25.0,137,0,44.455410657017325,-145.00169085232682,-98.96591191514261,249.21059930290664,64.01561204670901,3,5,113.71401923916369,0.8300293375121437,-1360.1096904377232,-1368.852290015546
1.5,0.6,2.0,90.0,40.0,25.0,137,2,-13.544589342982675,-191.00169085232682,-178.9659119151426,223.21059930290664,0.015612046709009064,2,5,-160.2859807608363,-1.1699706624878563,-1360.1096904377232,-1368.852290015546
1.5,0.6,2.0,90.0,40.0,25.0,137,4,-71.54458934298268,-237.00169085232682,-258.9659119151426,197.21059930290664,-63.98438795329099,1,5,-434.2859807608363,-3.1699706624878563,-1360.1096904377232,-1368.852290015546
1.5,0.6,2.0,90.0,40.0,25.0,137,6,-129.54458934298268,-283.0016908523268,-338.9659119151426,171.21059930290664,-127.98438795329099,1,5,-708.2859807608363,-5.169970662487856,-1360.1096904377232,-1368.852290015546
1.5,0.6,2.0,90.0,40.0,25.0,137,8,-187.54458934298268,-329.0016908523268,-418.9659119151426,145.21059930290664,-191.984387953291,1,5,-982.2859807608363,-7.169970662487856,-1360.1096904377232,-1368.852290015546
1.5,0.6,2.0,90.0,40.0,25.0,137,10,-245.54458934298268,-375.0016908523268,-498.9659119151426,119.21059930290664,-255.984387953291,1,5,-1256.2859807608363,-9.169970662487856,-1360.1096904377232,-1368.852290015546
1.5,0.6,2.0,90.0,40.0,25.0,137,12,-303.5445893429827,-421.0016908523268,-578.9659119151427,93.21059930290664,-319.984387953291,1,5,-1530.2859807608363,-11.169970662487856,-1360.1096904377232,-1368.852290015546
1.5,0.6,2.0,90.0,40.0,35.0,135,0,85.61322607500963,-91.73218256744008,-21.87001917959617,206.15890372542611,-10.880069457262096,2,5,167.2898585961375,1.2391841377491666,-1313.7594110634734,-1323.4305144864522
1.5,0.6,2.0,90.0,40.0,35.0,135,2,27.613226075009635,-135.73218256744008,-101.87001917959617,180.15890372542611,-72.8800694572621,2,5,-102.71014140386251,-0.7608158622508334,-1313.7594110634734,-1323.4305144864522
1.5,0.6,2.0,90.0,40.0,35.0,135,4,-30.386773924990365,-179.73218256744008,-181.87001917959617,154.15890372542611,-134.8800694572621,1,5,-372.7101414038625,-2.7608158622508334,-1313.7594110634734,-1323.4305144864522
1.5,0.6,2.0,90.0,40.0,35.0,135,6,-88.38677392499037,-223.73218256744008,-261.87001917959617,128.15890372542611,-196.8800694572621,1,5,-642.7101414038625,-4.760815862250833,-1313.7594110634734,-1323.4305144864522
1.5,0.6,2.0,90.0,40.0,35.0,135,8,-146.38677392499037,-267.7321825674401,-341.87001917959617,102.15890372542611,-258.8800694572621,1,5,-912.7101414038625,-6.760815862250833,-1313.7594110634734,-1323.4305144864522
1.5,0.6,2.0,90.0,40.0,35.0,135,10,-204.38677392499037,-311.7321825674401,-421.87001917959617,76.15890372542611,-320.8800694572621,1,5,-1182.7101414038625,-8.760815862250833,-1313.7594110634734,-1323.4305144864522
1.5,0.6,2.0,90.0,40.0,35.0,135,12,-262.3867739249904,-355.7321825674401,-501.87001917959617,50.158903725426114,-382.8800694572621,1,5,-1452.7101414038625,-10.760815862250833,-1313.7594110634734,-1323.4305144864522
1.5,0.6,2.0,90.0,40.0,50.0,133,0,245.00919427405276,-21.073042472383833,299.69915336809413,199.9138881476166,175.25039497080863,4,5,898.7995882881883,6.757891641264574,-646.3866492183263,-692.7148830629353
1.5,0.6,2.0,90.0,40.0,50.0,133,2,187.00919427405276,-65.07304247238383,223.6991533680941,173.9138881476166,113.25039497080863,4,5,632.7995882881883,4.757891641264574,-646.3866492183263,-692.7148830629353
1.5,0.6,2.0,90.0,40.0,50.0,133,4,129.00919427405276,-109.07304247238383,147.6991533680941,147.9138881476166,51.25039497080863,4,5,366.7995882881883,2.7578916412645738,-646.3866492183263,-692.7148830629353
1.5,0.6,2.0,90.0,40.0,50.0,133,6,71.00919427405276,-153.07304247238383,71.6991533680941,121.9138881476166,-10.749605029191372,3,5,100.79958828818832,0.7578916412645739,-646.3866492183263,-692.7148830629353
1.5,0.6,2.0,90.0,40.0,50.0,133,8,13.00919427405276,-197.07304247238383,-4.300846631905898,95.9138881476166,-72.74960502919137,2,5,-165.20041171181168,-1.2421083587354262,-646.3866492183263,-692.7148830629353
1.5,0.6,2.0,90.0,40.0,50.0,133,10,-44.99080572594724,-241.07304247238383,-80.3008466319059,69.9138881476166,-134.74960502919137,1,5,-431.2004117118117,-3.2421083587354262,-646.3866492183263,-692.7148830629353
1.5,0.6,2.0,90.0,40.0,50.0,133,12,-102.99080572594724,-285.0730424723838,-156.3008466319059,43.9138881476166,-196.74960502919137,1,5,-697.2004117118117,-5.242108358735426,-646.3866492183263,-692.7148830629353
1.5,0.6,2.0,90.0,60.0,15.0,138,0,-64.34912396474738,-166.5832451958459,-152.22035870103537,237.01384881657003,223.11725874669386,2,5,76.97837970163505,0.5578143456640221,-1533.4965376410066,-1411.1273578420537
1.5,0.6,2.0,90.0,60.0,15.0,138,2,-122.34912396474738,-212.5832451958459,-232.22035870103537,211.01384881657003,157.11725874669386,2,5,-199.02162029836495,-1.442185654335978,-1533.4965376410066,-1411.1273578420537
1.5,0.6,2.0,90.0,60.0,15.0,138,4,-180.34912396474738,-258.5832451958459,-312.22035870103537,185.01384881657003,91.11725874669386,2,5,-475.02162029836495,-3.442185654335978,-1533.4965376410066,-1411.1273578420537
1.5,0.6,2.0,90.0,60.0,15.0,138,6,-238.34912396474738,-304.5832451958459,-392.22035870103537,159.01384881657003,25.117258746693864,2,5,-751.021620298365,-5.442185654335978,-1533.4965376410066,-1411.1273578420537
1.5,0.6,2.0,90.0,60.0,15.0,138,8,-296.3491239647474,-350.5832451958459,-472.22035870103537,133.01384881657003,-40.882741253306136,1,5,-1027.021620298365,-7.442185654335978,-1533.4965376410066,-1411.1273578420537
1.5,0.6,2.0,90.0,60.0,15.0,138,10,-354.3491239647474,-396.5832451958459,-552.2203587010354,107.01384881657005,-106.88274125330614,1,5,-1303.021620298365,-9.442185654335978,-1533.4965376410066,-1411.1273578420537
1.5,0.6,2.0,90.0,60.0,15.0,138,12,-412.3491239647474,-442.5832451958459,-632.2203587010354,81.01384881657005,-172.88274125330614,1,5,-1579.021620298365,-11.442185654335978,-1533.4965376410066,-1411.1273578420537
1.5,0.6,2.0,90.0,60.0,25.0,135,0,77.66211896104903,-156.07269429637557,-255.61995234362007,325.74377430560526,338.19106004997747,3,5,329.9043066766362,2.44373560501212,-1170.8208070560556,-1115.2153633975545
1.5,0.6,2.0,90.0,60.0,25.0,135,2,21.662118961049032,-202.07269429637557,-333.61995234362007,299.74377430560526,274.19106004997747,3,5,59.904306676636224,0.44373560501212017,-1170.8208070560556,-1115.2153633975545
1.5,0.6,2.0,90.0,60.0,25.0,135,4,-34.33788103895097,-248.07269429637557,-411.61995234362007,273.74377430560526,210.19106004997747,2,5,-210.09569332336378,-1.5562643949878798,-1170.8208070560556,-1115.2153633975545
1.5,0.6,2.0,90.0,60.0,25.0,135,6,-90.33788103895097,-294.0726942963756,-489.61995234362007,247.74377430560529,146.19106004997747,2,5,-480.0956933233638,-3.55626439498788,-1170.8208070560556,-1115.2153633975545
1.5,0.6,2.0,90.0,60.0,25.0,135,8,-146.33788103895097,-340.0726942963756,-567.6199523436201,221.74377430560529,82.19106004997747,2,5,-750.0956933233638,-5.556264394987879,-1170.8208070560556,-1115.2153633975545
1.5,0.6,2.0,90.0,60.0,25.0,135,10,-202.33788103895097,-386.0726942963756,-645.6199523436201,195.74377430560529,18.191060049977462,2,5,-1020.0956933233638,-7.556264394987879,-1170.8208070560556,-1115.2153633975545
1.5,0.6,2.0,90.0,60.0,25.0,135,12,-258.33788103895097,-432.0726942963756,-723.6199523436201,169.74377430560529,-45.808939950022534,1,5,-1290.0956933233638,-9.55626439498788,-1170.8208070560556,-1115.2153633975545
1.5,0.6,2.0,90.0,60.0,35.0,133,0,290.90270093848255,-121.21131084328022,-138.699605049311,282.6920787281248,263.2953785460063,3,5,576.9792423200223,4.338189791879867,-989.0055259857,-955.4823062456012
1.5,0.6,2.0,90.0,60.0,35.0,133,2,234.90270093848252,-165.21131084328022,-216.699605049311,256.6920787281248,201.2953785460063,3,5,310.9792423200223,2.338189791879867,-989.0055259857,-955.4823062456012
1.5,0.6,2.0,90.0,60.0,35.0,133,4,178.90270093848252,-209.21131084328022,-294.699605049311,230.69207872812476,139.2953785460063,3,5,44.97924232002231,0.338189791879867,-989.0055259857,-955.4823062456012
1.5,0.6,2.0,90.0,60.0,35.0,133,6,122.90270093848252,-253.21131084328022,-372.699605049311,204.69207872812476,77.29537854600632,3,5,-221.0207576799777,-1.661810208120133,-989.0055259857,-955.4823062456012
1.5,0.6,2.0,90.0,60.0,35.0,133,8,66.90270093848252,-297.2113108432802,-450.699605049311,178.69207872812476,15.295378546006319,3,5,-487.0207576799777,-3.661810208120133,-989.0055259857,-955.4823062456012
1.5,0.6,2.0,90.0,60.0,35.0,133,10,10.902700938482525,-341.2113108432802,-528.699605049311,152.69207872812476,-46.70462145399368,2,5,-753.0207576799777,-5.661810208120133,-989.0055259857,-955.4823062456012
1.5,0.6,2.0,90.0,60.0,35.0,133,12,-45.097299061517475,-385.2113108432802,-606.699605049311,126.69207872812476,-108.70462145399368,1,5,-1019.0207576799777,-7.661810208120133,-989.0055259857,-955.4823062456012
1.5,0.6,2.0,90.0,60.0,50.0,131,0,402.03013170779207,-10.764782193160926,199.65436156004853,276.4470631503152,472.6261667189384,4,5,1339.9929409439333,10.228953747663613,-272.74714910544765,-230.9749152852484
1.5,0.6,2.0,90.0,60.0,50.0,131,2,346.03013170779207,-54.764782193160926,125.65436156004853,250.44706315031522,410.6261667189384,4,5,1077.9929409439333,8.228953747663613,-272.74714910544765,-230.9749152852484
1.5,0.6,2.0,90.0,60.0,50.0,131,4,290.03013170779207,-98.76478219316093,51.65436156004853,224.44706315031522,348.6261667189384,4,5,815.9929409439333,6.2289537476636125,-272.74714910544765,-230.9749152852484
1.5,0.6,2.0,90.0,60.0,50.0,131,6,234.03013170779207,-142.76478219316093,-22.345638439951472,198.44706315031522,286.6261667189384,3,5,553.9929409439333,4.2289537476636125,-272.74714910544765,-230.9749152852484
1.5,0.6,2.0,90.0,60.0,50.0,131,8,178.03013170779207,-186.76478219316093,-96.34563843995147,172.44706315031522,224.6261667189384,3,5,291.99294094393326,2.2289537476636125,-272.74714910544765,-230.9749152852484
1.5,0.6,2.0,90.0,60.0,50.0,131,10,122.03013170779208,-230.76478219316093,-170.34563843995147,146.44706315031522,162.6261667189384,3,5,29.99294094393329,0.2289537476636129,-272.74714910544765,-230.9749152852484
1.5,0.6,2.0,90.0,60.0,50.0,131,12,66.03013170779208,-274.76478219316095,-244.34563843995147,120.44706315031522,100.6261667189384,3,5,-232.0070590560667,-1.771046252336387,-272.74714910544765,-230.9749152852484
1.5,0.6,2.0,120.0,20.0,15.0,142,0,20.123409792437144,-120.36604584757362,35.71993563163028,91.19316981479004,47.40141005723666,4,5,74.07187944852035,0.5216329538628194,-1376.4597335939677,-1444.8737613681512
1.5,0.6,2.0,120.0,20.0,15.0,142,2,-43.876590207562856,-166.36604584757362,-46.28006436836972,65.19316981479004,-18.59858994276334,1,5,-209.92812055147965,-1.4783670461371807,-1376.4597335939677,-1444.8737613681512
1.5,0.6,2.0,120.0,20.0,15.0,142,4,-107.87659020756286,-212.36604584757362,-128.28006436836972,39.19316981479004,-84.59858994276334,1,5,-493.92812055147965,-3.4783670461371807,-1376.4597335939677,-1444.8737613681512
1.5,0.6,2.0,120.0,20.0,15.0,142,6,-171.87659020756286,-258.3660458475736,-210.28006436836972,13.19316981479004,-150.59858994276334,1,5,-777.9281205514797,-5.478367046137181,-1376.4597335939677,-1444.8737613681512
1.5,0.6,2.0,120.0,20.0,15.0,142,8,-235.87659020756286,-304.3660458475736,-292.2800643683697,-12.80683018520996,-216.59858994276334,0,5,-1061.9281205514797,-7.478367046137181,-1376.4597335939677,-1444.8737613681512
1.5,0.6,2.0,120.0,20.0,15.0,142,10,-299.87659020756286,-350.3660458475736,-374.2800643683697,-38.80683018520996,-282.59858994276334,0,5,-1345.9281205514797,-9.47836704613718,-1376.4597335939677,-1444.8737613681512
1.5,0.6,2.0,120.0,20.0,15.0,142,12,-363.87659020756286,-396.3660458475736,-456.2800643683697,-64.80683018520996,-348.59858994276334,0,5,-1629.9281205514797,-11.47836704613718,-1376.4597335939677,-1444.8737613681512
1.5,0.6,2.0,120.0,20.0,25.0,139,0,107.62469470575027,-78.12244973994927,-11.70632000042491,153.85052767779985,-102.10493750993385,2,5,69.541515133242,0.5002986700233237,-1357.0434097842874,-1400.5273655236642
1.5,0.6,2.0,120.0,20.0,25.0,139,2,45.62469470575027,-124.12244973994927,-91.70632000042491,127.85052767779985,-166.10493750993385,2,5,-208.458484866758,-1.4997013299766762,-1357.0434097842874,-1400.5273655236642
1.5,0.6,2.0,120.0,20.0,25.0,139,4,-16.375305294249728,-170.12244973994927,-171.7063200004249,101.85052767779985,-230.10493750993385,1,5,-486.458484866758,-3.499701329976676,-1357.0434097842874,-1400.5273655236642
1.5,0.6,2.0,120.0,20.0,25.0,139,6,-78.37530529424973,-216.12244973994927,-251.7063200004249,75.85052767779985,-294.10493750993385,1,5,-764.458484866758,-5.499701329976676,-1357.0434097842874,-1400.5273655236642
1.5,0.6,2.0,120.0,20.0,25.0,139,8,-140.37530529424973,-262.1224497399493,-331.7063200004249,49.850527677799846,-358.10493750993385,1,5,-1042.458484866758,-7.499701329976676,-1357.0434097842874,-1400.5273655236642
1.5,0.6,2.0,120.0,20.0,25.0,139,10,-202.37530529424973,-308.1224497399493,-411.7063200004249,23.85052767779985,-422.10493750993385,1,5,-1320.458484866758,-9.499701329976677,-1357.0434097842874,-1400.5273655236642
1.5,0.6,2.0,120.0,20.0,25.0,139,12,-264.37530529424976,-354.1224497399493,-491.7063200004249,-2.1494723222001504,-486.10493750993385,0,5,-1598.458484866758,-11.499701329976677,-1357.0434097842874,-1400.5273655236642
1.5,0.6,2.0,120.0,20.0,35.0,138,0,179.0830339736579,9.317747240266243,9.85989627335482,110.79883210031932,-194.79458844473902,4,5,114.2649211428593,0.8280066749482557,-1296.2666918996283,-1316.626466576189
1.5,0.6,2.0,120.0,20.0,35.0,138,2,117.0830339736579,-36.68225275973376,-70.14010372664518,84.79883210031932,-256.794588444739,2,5,-161.7350788571407,-1.1719933250517443,-1296.2666918996283,-1316.626466576189
1.5,0.6,2.0,120.0,20.0,35.0,138,4,55.083033973657905,-82.68225275973376,-150.14010372664518,58.798832100319316,-318.794588444739,2,5,-437.7350788571407,-3.1719933250517443,-1296.2666918996283,-1316.626466576189
1.5,0.6,2.0,120.0,20.0,35.0,138,6,-6.916966026342095,-128.68225275973376,-230.14010372664518,32.798832100319316,-380.794588444739,1,5,-713.7350788571407,-5.171993325051744,-1296.2666918996283,-1316.626466576189
1.5,0.6,2.0,120.0,20.0,35.0,138,8,-68.9169660263421,-174.68225275973376,-310.1401037266452,6.79883210031932,-442.794588444739,1,5,-989.7350788571407,-7.171993325051744,-1296.2666918996283,-1316.626466576189
1.5,0.6,2.0,120.0,20.0,35.0,138,10,-130.9169660263421,-220.68225275973376,-390.1401037266452,-19.20116789968068,-504.794588444739,0,5,-1265.7350788571407,-9.171993325051744,-1296.2666918996283,-1316.626466576189
1.5,0.6,2.0,120.0,20.0,35.0,138,12,-192.9169660263421,-266.68225275973373,-470.1401037266452,-45.201167899680684,-566.794588444739,0,5,-1541.7350788571407,-11.171993325051744,-1296.2666918996283,-1316.626466576189
1.5,0.6,2.0,120.0,20.0,50.0,137,0,260.9510290857318,12.364082065962918,97.34818125570229,96.62587466527859,-95.40719786639073,4,5,371.8819692062848,2.7144669285130276,-1081.873675518288,-1076.827378951894
1.5,0.6,2.0,120.0,20.0,50.0,137,2,198.95102908573185,-33.63591793403708,19.348181255702286,70.62587466527859,-157.40719786639073,3,5,97.8819692062848,0.7144669285130277,-1081.873675518288,-1076.827378951894
1.5,0.6,2.0,120.0,20.0,50.0,137,4,136.95102908573185,-79.63591793403708,-58.651818744297714,44.625874665278594,-219.40719786639073,2,5,-176.1180307937152,-1.2855330714869724,-1081.873675518288,-1076.827378951894
1.5,0.6,2.0,120.0,20.0,50.0,137,6,74.95102908573185,-125.63591793403708,-136.6518187442977,18.625874665278594,-281.40719786639073,2,5,-450.1180307937152,-3.2855330714869724,-1081.873675518288,-1076.827378951894
1.5,0.6,2.0,120.0,20.0,50.0,137,8,12.95102908573184,-171.63591793403708,-214.6518187442977,-7.3741253347214055,-343.40719786639073,1,5,-724.1180307937152,-5.285533071486972,-1081.873675518288,-1076.827378951894
1.5,0.6,2.0,120.0,20.0,50.0,137,10,-49.04897091426816,-217.63591793403708,-292.6518187442977,-33.374125334721406,-405.40719786639073,0,5,-998.1180307937152,-7.285533071486972,-1081.873675518288,-1076.827378951894
1.5,0.6,2.0,120.0,20.0,50.0,137,12,-111.04897091426815,-263.6359179340371,-370.6518187442977,-59.374125334721406,-467.40719786639073,0,5,-1272.1180307937152,-9.285533071486972,-1081.873675518288,-1076.827378951894
1.5,0.6,2.0,120.0,30.0,15.0,141,0,22.350285850025614,-129.90828807734363,92.05059241905997,82.05713714105025,27.325524394947138,4,5,93.8752517277394,0.665781927147088,-1388.8045223009644,-1383.6928000469106
1.5,0.6,2.0,120.0,30.0,15.0,141,2,-39.649714149974386,-175.90828807734363,10.050592419059967,56.05713714105025,-38.67447560505286,2,5,-188.1247482722606,-1.334218072852912,-1388.8045223009644,-1383.6928000469106
1.5,0.6,2.0,120.0,30.0,15.0,141,4,-101.64971414997439,-221.90828807734363,-71.94940758094003,30.057137141050248,-104.67447560505286,1,5,-470.1247482722606,-3.334218072852912,-1388.8045223009644,-1383.6928000469106
1.5,0.6,2.0,120.0,30.0,15.0,141,6,-163.6497141499744,-267.9082880773436,-153.94940758094003,4.057137141050248,-170.67447560505286,1,5,-752.1247482722606,-5.334218072852912,-1388.8045223009644,-1383.6928000469106
1.5,0.6,2.0,120.0,30.0,15.0,141,8,-225.6497141499744,-313.9082880773436,-235.94940758094003,-21.942862858949752,-236.67447560505286,0,5,-1034.1247482722606,-7.334218072852912,-1388.8045223009644,-1383.6928000469106
1.5,0.6,2.0,120.0,30.0,15.0,141,10,-287.6497141499744,-359.9082880773436,-317.94940758094003,-47.94286285894975,-302.67447560505286,0,5,-1316.1247482722606,-9.334218072852913,-1388.8045223009644,-1383.6928000469106
1.5,0.6,2.0,120.0,30.0,15.0,141,12,-349.6497141499744,-405.9082880773436,-399.94940758094003,-73.94286285894975,-368.67447560505286,0,5,-1598.1247482722606,-11.334218072852913,-1388.8045223009644,-1383.6928000469106
1.5,0.6,2.0,120.0,30.0,25.0,138,0,113.23204229827479,-119.6303217319267,-31.96162258915473,198.3859477454181,-34.53677383490083,2,5,125.4892718877104,0.909342549910945,-1327.1905021409934,-1293.4048928021234
1.5,0.6,2.0,120.0,30.0,25.0,138,2,53.23204229827479,-165.6303217319267,-111.96162258915473,172.3859477454181,-98.53677383490083,2,5,-150.5107281122896,-1.0906574500890551,-1327.1905021409934,-1293.4048928021234
1.5,0.6,2.0,120.0,30.0,25.0,138,4,-6.767957701725209,-211.6303217319267,-191.96162258915473,146.3859477454181,-162.53677383490083,1,5,-426.5107281122896,-3.090657450089055,-1327.1905021409934,-1293.4048928021234
1.5,0.6,2.0,120.0,30.0,25.0,138,6,-66.76795770172521,-257.6303217319267,-271.96162258915473,120.3859477454181,-226.53677383490083,1,5,-702.5107281122896,-5.090657450089055,-1327.1905021409934,-1293.4048928021234
1.5,0.6,2.0,120.0,30.0,25.0,138,8,-126.76795770172521,-303.6303217319267,-351.96162258915473,94.3859477454181,-290.5367738349008,1,5,-978.5107281122896,-7.090657450089055,-1327.1905021409934,-1293.4048928021234
1.5,0.6,2.0,120.0,30.0,25.0,138,10,-186.7679577017252,-349.6303217319267,-431.96162258915473,68.3859477454181,-354.5367738349008,1,5,-1254.5107281122896,-9.090657450089054,-1327.1905021409934,-1293.4048928021234
1.5,0.6,2.0,120.0,30.0,25.0,138,12,-246.7679577017252,-395.6303217319267,-511.96162258915473,42.38594774541809,-418.5367738349008,1,5,-1530.5107281122896,-11.090657450089054,-1327.1905021409934,-1293.4048928021234
1.5,0.6,2.0,120.0,30.0,35.0,137,0,160.4307540201104,-38.376499976540345,50.47295643399559,155.33425216793756,-91.1337953081221,3,5,236.72766733738104,1.727939177645117,-1211.64621349074,-1222.814992741584
1.5,0.6,2.0,120.0,30.0,35.0,137,2,100.43075402011041,-84.37649997654034,-29.52704356600441,129.33425216793756,-153.1337953081221,2,5,-37.272332662618965,-0.27206082235488294,-1211.64621349074,-1222.814992741584
1.5,0.6,2.0,120.0,30.0,35.0,137,4,40.43075402011041,-130.37649997654034,-109.52704356600441,103.33425216793756,-215.1337953081221,2,5,-311.27233266261896,-2.272060822354883,-1211.64621349074,-1222.814992741584
1.5,0.6,2.0,120.0,30.0,35.0,137,6,-19.569245979889587,-176.37649997654034,-189.5270435660044,77.33425216793756,-277.1337953081221,1,5,-585.272332662619,-4.272060822354883,-1211.64621349074,-1222.814992741584
1.5,0.6,2.0,120.0,30.0,35.0,137,8,-79.56924597988959,-222.37649997654034,-269.5270435660044,51.33425216793757,-339.1337953081221,1,5,-859.272332662619,-6.272060822354883,-1211.64621349074,-1222.814992741584
1.5,0.6,2.0,120.0,30.0,35.0,137,10,-139.5692459798896,-268.37649997654034,-349.5270435660044,25.33425216793757,-401.1337953081221,1,5,-1133.272332662619,-8.272060822354883,-1211.64621349074,-1222.814992741584
1.5,0.6,2.0,120.0,30.0,35.0,137,12,-199.5692459798896,-314.37649997654034,-429.5270435660044,-0.6657478320624293,-463.1337953081221,0,5,-1407.272332662619,-10.272060822354883,-1211.64621349074,-1222.814992741584
1.5,0.6,2.0,120.0,30.0,50.0,136,0,235.10217619098168,-22.423264445632697,119.667845799475,186.02263107914283,121.25003123118688,4,5,639.6194198551536,4.703083969523188,-873.4049255364578,-937.249114413224
1.5,0.6,2.0,120.0,30.0,50.0,136,2,175.10217619098168,-68.4232644456327,41.667845799475,160.02263107914283,59.25003123118688,4,5,367.61941985515364,2.7030839695231883,-873.4049255364578,-937.249114413224
1.5,0.6,2.0,120.0,30.0,50.0,136,4,115.10217619098168,-114.4232644456327,-36.332154200525,134.02263107914283,-2.749968768813119,2,5,95.61941985515364,0.7030839695231885,-873.4049255364578,-937.249114413224
1.5,0.6,2.0,120.0,30.0,50.0,136,6,55.10217619098168,-160.4232644456327,-114.332154200525,108.02263107914283,-64.74996876881312,2,5,-176.38058014484636,-1.2969160304768115,-873.4049255364578,-937.249114413224
1.5,0.6,2.0,120.0,30.0,50.0,136,8,-4.89782380901832,-206.4232644456327,-192.332154200525,82.02263107914283,-126.74996876881312,1,5,-448.38058014484636,-3.2969160304768117,-873.4049255364578,-937.249114413224
1.5,0.6,2.0,120.0,30.0,50.0,136,10,-64.89782380901832,-252.4232644456327,-270.332154200525,56.02263107914282,-188.74996876881312,1,5,-720.3805801448464,-5.296916030476812,-873.4049255364578,-937.249114413224
1.5,0.6,2.0,120.0,30.0,50.0,136,12,-124.89782380901832,-298.4232644456327,-348.332154200525,30.02263107914282,-250.74996876881312,1,5,-992.3805801448464,-7.296916030476812,-873.4049255364578,-937.249114413224
1.5,0.6,2.0,120.0,40.0,15.0,140,0,-8.364048677128721,-157.7669030248665,33.52050014600809,142.62575027321736,69.25375571207456,3,5,79.26905442930479,0.5662075316378914,-1426.4715521494863,-1380.450036402979
1.5,0.6,2.0,120.0,40.0,15.0,140,2,-68.36404867712872,-203.7669030248665,-48.47949985399191,116.62575027321738,3.2537557120745646,2,5,-200.7309455706952,-1.4337924683621086,-1426.4715521494863,-1380.450036402979
1.5,0.6,2.0,120.0,40.0,15.0,140,4,-128.36404867712872,-249.7669030248665,-130.4794998539919,90.62575027321738,-62.746244287925435,1,5,-480.7309455706952,-3.4337924683621086,-1426.4715521494863,-1380.450036402979
1.5,0.6,2.0,120.0,40.0,15.0,140,6,-188.36404867712872,-295.7669030248665,-212.4794998539919,64.62575027321738,-128.74624428792544,1,5,-760.7309455706952,-5.433792468362109,-1426.4715521494863,-1380.450036402979
1.5,0.6,2.0,120.0,40.0,15.0,140,8,-248.36404867712872,-341.7669030248665,-294.4794998539919,38.62575027321738,-194.74624428792544,1,5,-1040.7309455706952,-7.433792468362109,-1426.4715521494863,-1380.450036402979
1.5,0.6,2.0,120.0,40.0,15.0,140,10,-308.3640486771287,-387.7669030248665,-376.4794998539919,12.625750273217378,-260.74624428792544,1,5,-1320.7309455706952,-9.433792468362109,-1426.4715521494863,-1380.450036402979
1.5,0.6,2.0,120.0,40.0,15.0,140,12,-368.3640486771287,-433.7669030248665,-458.4794998539919,-13.374249726782622,-326.74624428792544,0,5,-1600.7309455706952,-11.433792468362109,-1426.4715521494863,-1380.450036402979
1.5,0.6,2.0,120.0,40.0,25.0,137,0,44.455410657017325,-144.07249725894405,-98.96591191514261,262.20826604937804,103.23877963630736,3,5,166.86404716861648,1.2179857457563246,-1306.9596625082706,-1315.7022620860937
1.5,0.6,2.0,120.0,40.0,25.0,137,2,-13.544589342982675,-190.07249725894405,-178.9659119151426,236.20826604937804,39.238779636307356,2,5,-107.13595283138352,-0.7820142542436753,-1306.9596625082706,-1315.7022620860937
1.5,0.6,2.0,120.0,40.0,25.0,137,4,-71.54458934298268,-236.07249725894405,-258.9659119151426,210.20826604937804,-24.761220363692644,1,5,-381.1359528313835,-2.782014254243675,-1306.9596625082706,-1315.7022620860937
1.5,0.6,2.0,120.0,40.0,25.0,137,6,-129.54458934298268,-282.07249725894405,-338.9659119151426,184.20826604937804,-88.76122036369264,1,5,-655.1359528313835,-4.782014254243675,-1306.9596625082706,-1315.7022620860937
1.5,0.6,2.0,120.0,40.0,25.0,137,8,-187.54458934298268,-328.07249725894405,-418.9659119151426,158.20826604937804,-152.76122036369264,1,5,-929.1359528313835,-6.782014254243675,-1306.9596625082706,-1315.7022620860937
1.5,0.6,2.0,120.0,40.0,25.0,137,10,-245.54458934298268,-374.07249725894405,-498.9659119151426,132.20826604937804,-216.76122036369264,1,5,-1203.1359528313835,-8.782014254243675,-1306.9596625082706,-1315.7022620860937
1.5,0.6,2.0,120.0,40.0,25.0,137,12,-303.5445893429827,-420.07249725894405,-578.9659119151427,106.20826604937804,-280.76122036369264,1,5,-1477.1359528313835,-10.782014254243675,-1306.9596625082706,-1315.7022620860937
1.5,0.6,2.0,120.0,40.0,35.0,135,0,85.61322607500963,-84.69143915811674,-29.5062530782252,219.1565704718975,46.64175816308614,3,5,237.21386247365126,1.7571397220270464,-1243.8354071859596,-1262.1706583463206
1.5,0.6,2.0,120.0,40.0,35.0,135,2,27.613226075009635,-128.69143915811674,-109.5062530782252,193.1565704718975,-15.358241836913862,2,5,-32.78613752634874,-0.24286027797295362,-1243.8354071859596,-1262.1706583463206
1.5,0.6,2.0,120.0,40.0,35.0,135,4,-30.386773924990365,-172.69143915811674,-189.5062530782252,167.1565704718975,-77.35824183691386,1,5,-302.78613752634874,-2.242860277972954,-1243.8354071859596,-1262.1706583463206
1.5,0.6,2.0,120.0,40.0,35.0,135,6,-88.38677392499037,-216.69143915811674,-269.5062530782252,141.1565704718975,-139.35824183691386,1,5,-572.7861375263487,-4.242860277972953,-1243.8354071859596,-1262.1706583463206
1.5,0.6,2.0,120.0,40.0,35.0,135,8,-146.38677392499037,-260.69143915811674,-349.5062530782252,115.15657047189751,-201.35824183691386,1,5,-842.7861375263487,-6.242860277972953,-1243.8354071859596,-1262.1706583463206
1.5,0.6,2.0,120.0,40.0,35.0,135,10,-204.38677392499037,-304.69143915811674,-429.5062530782252,89.15657047189751,-263.35824183691386,1,5,-1112.7861375263487,-8.242860277972953,-1243.8354071859596,-1262.1706583463206
1.5,0.6,2.0,120.0,40.0,35.0,135,12,-262.3867739249904,-348.69143915811674,-509.5062530782252,63.15657047189751,-325.35824183691386,1,5,-1382.7861375263487,-10.242860277972953,-1243.8354071859596,-1262.1706583463206
1.5,0.6,2.0,120.0,40.0,50.0,133,0,245.00919427405276,-54.60358049820502,273.92137080538635,249.84494938310274,279.1965673419765,4,5,993.3685013063134,7.468936100047469,-551.8177362002011,-639.6416944057534
1.5,0.6,2.0,120.0,40.0,50.0,133,2,187.00919427405276,-98.60358049820502,197.92137080538635,223.84494938310274,217.1965673419765,4,5,727.3685013063134,5.468936100047469,-551.8177362002011,-639.6416944057534
1.5,0.6,2.0,120.0,40.0,50.0,133,4,129.00919427405276,-142.60358049820502,121.92137080538636,197.84494938310274,155.1965673419765,4,5,461.3685013063135,3.4689361000474697,-551.8177362002011,-639.6416944057534
1.5,0.6,2.0,120.0,40.0,50.0,133,6,71.00919427405276,-186.60358049820502,45.92137080538636,171.84494938310274,93.1965673419765,4,5,195.36850130631348,1.4689361000474697,-551.8177362002011,-639.6416944057534
1.5,0.6,2.0,120.0,40.0,50.0,133,8,13.00919427405276,-230.60358049820502,-30.07862919461364,145.84494938310274,31.19656734197651,3,5,-70.63149869368652,-0.5310638999525302,-551.8177362002011,-639.6416944057534
1.5,0.6,2.0,120.0,40.0,50.0,133,10,-44.99080572594724,-274.603580498205,-106.07862919461364,119.84494938310274,-30.80343265802349,1,5,-336.6314986936865,-2.5310638999525303,-551.8177362002011,-639.6416944057534
1.5,0.6,2.0,120.0,40.0,50.0,133,12,-102.99080572594724,-318.603580498205,-182.07862919461365,93.84494938310274,-92.8034326580235,1,5,-602.6314986936866,-4.531063899952531,-551.8177362002011,-639.6416944057534
1.5,0.6,2.0,120.0,60.0,15.0,138,0,-22.7121570267758,-166.5832451958459,-142.19383526302124,237.01384881657003,208.29308808378627,2,5,113.81769941471316,0.8247659377877765,-1496.9151831870608,-1374.2880381289756
1.5,0.6,2.0,120.0,60.0,15.0,138,2,-80.7121570267758,-212.5832451958459,-222.19383526302124,211.01384881657003,142.29308808378627,2,5,-162.18230058528684,-1.1752340622122235,-1496.9151831870608,-1374.2880381289756
1.5,0.6,2.0,120.0,60.0,15.0,138,4,-138.7121570267758,-258.5832451958459,-302.19383526302124,185.01384881657003,76.29308808378627,2,5,-438.18230058528684,-3.1752340622122235,-1496.9151831870608,-1374.2880381289756
1.5,0.6,2.0,120.0,60.0,15.0,138,6,-196.7121570267758,-304.5832451958459,-382.19383526302124,159.01384881657003,10.293088083786273,2,5,-714.1823005852868,-5.1752340622122235,-1496.9151831870608,-1374.2880381289756
1.5,0.6,2.0,120.0,60.0,15.0,138,8,-254.7121570267758,-350.5832451958459,-462.19383526302124,133.01384881657003,-55.70691191621373,1,5,-990.1823005852868,-7.1752340622122235,-1496.9151831870608,-1374.2880381289756
1.5,0.6,2.0,120.0,60.0,15.0,138,10,-312.7121570267758,-396.5832451958459,-542.1938352630212,107.01384881657005,-121.70691191621373,1,5,-1266.1823005852868,-9.175234062212223,-1496.9151831870608,-1374.2880381289756
1.5,0.6,2.0,120.0,60.0,15.0,138,12,-370.7121570267758,-442.5832451958459,-622.1938352630212,81.01384881657005,-187.70691191621373,1,5,-1542.1823005852868,-11.175234062212223,-1496.9151831870608,-1374.2880381289756
1.5,0.6,2.0,120.0,60.0,25.0,135,0,135.2804377248588,-157.09572698051647,-245.59342890560583,340.02924863223814,316.12286909632905,3,5,388.7433995673034,2.879580737535581,-1116.8687045581685,-1056.376270506887
1.5,0.6,2.0,120.0,60.0,25.0,135,2,79.28043772485881,-203.09572698051647,-323.59342890560583,314.02924863223814,252.12286909632905,3,5,118.74339956730341,0.8795807375355809,-1116.8687045581685,-1056.376270506887
1.5,0.6,2.0,120.0,60.0,25.0,135,4,23.280437724858814,-249.09572698051647,-401.59342890560583,288.02924863223814,188.12286909632905,3,5,-151.2566004326966,-1.1204192624644191,-1116.8687045581685,-1056.376270506887
1.5,0.6,2.0,120.0,60.0,25.0,135,6,-32.719562275141186,-295.0957269805165,-479.59342890560583,262.02924863223814,124.12286909632905,2,5,-421.2566004326966,-3.120419262464419,-1116.8687045581685,-1056.376270506887
1.5,0.6,2.0,120.0,60.0,25.0,135,8,-88.71956227514119,-341.0957269805165,-557.5934289056058,236.0292486322381,60.122869096329055,2,5,-691.2566004326966,-5.120419262464419,-1116.8687045581685,-1056.376270506887
1.5,0.6,2.0,120.0,60.0,25.0,135,10,-144.7195622751412,-387.0957269805165,-635.5934289056058,210.0292486322381,-3.877130903670946,1,5,-961.2566004326966,-7.120419262464419,-1116.8687045581685,-1056.376270506887
1.5,0.6,2.0,120.0,60.0,25.0,135,12,-200.7195622751412,-433.0957269805165,-713.5934289056058,184.0292486322381,-67.87713090367095,1,5,-1231.2566004326966,-9.12041926246442,-1116.8687045581685,-1056.376270506887
1.5,0.6,2.0,120.0,60.0,35.0,133,0,305.9705584863434,-116.12279371148048,-92.62019029042966,296.9775530547576,259.52584762310784,3,5,653.7309751622986,4.9152704899420945,-912.511758402556,-887.3947211407069
1.5,0.6,2.0,120.0,60.0,35.0,133,2,249.9705584863434,-160.12279371148048,-170.62019029042966,270.9775530547576,197.52584762310784,3,5,387.7309751622986,2.9152704899420945,-912.511758402556,-887.3947211407069
1.5,0.6,2.0,120.0,60.0,35.0,133,4,193.9705584863434,-204.12279371148048,-248.62019029042966,244.9775530547576,135.52584762310784,3,5,121.73097516229859,0.9152704899420947,-912.511758402556,-887.3947211407069
1.5,0.6,2.0,120.0,60.0,35.0,133,6,137.9705584863434,-248.12279371148048,-326.62019029042966,218.9775530547576,73.52584762310784,3,5,-144.2690248377014,-1.0847295100579053,-912.511758402556,-887.3947211407069
1.5,0.6,2.0,120.0,60.0,35.0,133,8,81.9705584863434,-292.1227937114805,-404.62019029042966,192.9775530547576,11.525847623107843,3,5,-410.2690248377014,-3.0847295100579055,-912.511758402556,-887.3947211407069
1.5,0.6,2.0,120.0,60.0,35.0,133,10,25.9705584863434,-336.1227937114805,-482.62019029042966,166.9775530547576,-50.47415237689216,2,5,-676.2690248377014,-5.0847295100579055,-912.511758402556,-887.3947211407069
1.5,0.6,2.0,120.0,60.0,35.0,133,12,-30.0294415136566,-380.1227937114805,-560.6201902904297,140.9775530547576,-112.47415237689216,1,5,-942.2690248377014,-7.0847295100579055,-912.511758402556,-887.3947211407069
1.5,0.6,2.0,120.0,60.0,50.0,131,0,465.5395950122072,-36.50343320815841,295.3986939223246,327.6659319659629,540.4279417675212,4,5,1592.5287294598575,12.156707858472194,-29.522346402965184,-80.341072724289
1.5,0.6,2.0,120.0,60.0,50.0,131,2,409.5395950122072,-80.50343320815841,221.39869392232458,301.6659319659629,478.42794176752125,4,5,1330.5287294598575,10.156707858472194,-29.522346402965184,-80.341072724289
1.5,0.6,2.0,120.0,60.0,50.0,131,4,353.5395950122072,-124.50343320815841,147.39869392232458,275.6659319659629,416.42794176752125,4,5,1068.5287294598575,8.156707858472194,-29.522346402965184,-80.341072724289
1.5,0.6,2.0,120.0,60.0,50.0,131,6,297.5395950122072,-168.5034332081584,73.3986939223246,249.6659319659629,354.42794176752125,4,5,806.5287294598576,6.1567078584721955,-29.522346402965184,-80.341072724289
1.5,0.6,2.0,120.0,60.0,50.0,131,8,241.5395950122072,-212.5034332081584,-0.6013060776754031,223.6659319659629,292.42794176752125,3,5,544.5287294598576,4.1567078584721955,-29.522346402965184,-80.341072724289
1.5,0.6,2.0,120.0,60.0,50.0,131,10,185.5395950122072,-256.5034332081584,-74.6013060776754,197.6659319659629,230.42794176752128,3,5,282.5287294598576,2.156707858472195,-29.522346402965184,-80.341072724289
1.5,0.6,2.0,120.0,60.0,50.0,131,12,129.5395950122072,-300.5034332081584,-148.60130607767542,171.6659319659629,168.42794176752128,3,5,20.528729459857573,0.1567078584721952,-29.522346402965184,-80.341072724289
1.5,0.65,1.5,60.0,20.0,15.0,109,0,16.938984338215363,-140.88902495870093,1.2688354816692708,38.88755293273282,41.95962368210775,4,5,-41.834028523975576,-0.383798426825464,-1171.0457844086802,-1177.9041144215091
1.5,0.65,1.5,60.0,20.0,15.0,109,2,-21.061015661784637,-178.88902495870093,-72.73116451833073,18.887552932732817,-6.040376317892253,1,5,-259.8340285239756,-2.383798426825464,-1171.0457844086802,-1177.9041144215091
1.5,0.65,1.5,60.0,20.0,15.0,109,4,-59.06101566178464,-216.88902495870093,-146.73116451833073,-1.1124470672671833,-54.04037631789225,0,5,-477.8340285239756,-4.383798426825464,-1171.0457844086802,-1177.9041144215091
1.5,0.65,1.5,60.0,20.0,15.0,109,6,-97.06101566178464,-254.88902495870093,-220.73116451833073,-21.112447067267183,-102.04037631789225,0,5,-695.8340285239756,-6.383798426825464,-1171.0457844086802,-1177.9041144215091
1.5,0.65,1.5,60.0,20.0,15.0,109,8,-135.06101566178464,-292.88902495870093,-294.73116451833073,-41.11244706726718,-150.04037631789225,0,5,-913.8340285239756,-8.383798426825464,-1171.0457844086802,-1177.9041144215091
1.5,0.65,1.5,60.0,20.0,15.0,109,10,-173.06101566178464,-330.88902495870093,-368.73116451833073,-61.11244706726718,-198.04037631789225,0,5,-1131.8340285239756,-10.383798426825464,-1171.0457844086802,-1177.9041144215091
1.5,0.65,1.5,60.0,20.0,15.0,109,12,-211.06101566178464,-368.88902495870093,-442.73116451833073,-81.11244706726718,-246.04037631789225,0,5,-1349.8340285239756,-12.383798426825464,-1171.0457844086802,-1177.9041144215091
1.5,0.65,1.5,60.0,20.0,25.0,106,0,100.43750132669112,-83.82648615779914,-369.1991662648818,10.65426009443216,-64.43856081950804,2,5,-406.3724518210656,-3.8337023756704305,-1505.5842077057705,-1483.5443556399623
1.5,0.65,1.5,60.0,20.0,25.0,106,2,62.43750132669112,-121.82648615779914,-439.1991662648818,-9.34573990556784,-110.43856081950804,1,5,-618.3724518210656,-5.8337023756704305,-1505.5842077057705,-1483.5443556399623
1.5,0.65,1.5,60.0,20.0,25.0,106,4,24.43750132669112,-159.82648615779914,-509.1991662648818,-29.34573990556784,-156.43856081950804,1,5,-830.3724518210656,-7.8337023756704305,-1505.5842077057705,-1483.5443556399623
1.5,0.65,1.5,60.0,20.0,25.0,106,6,-13.56249867330888,-197.82648615779914,-579.1991662648818,-49.34573990556784,-202.43856081950804,0,5,-1042.3724518210656,-9.83370237567043,-1505.5842077057705,-1483.5443556399623
1.5,0.65,1.5,60.0,20.0,25.0,106,8,-51.56249867330888,-235.82648615779914,-649.1991662648818,-69.34573990556784,-248.43856081950804,0,5,-1254.3724518210656,-11.83370237567043,-1505.5842077057705,-1483.5443556399623
1.5,0.65,1.5,60.0,20.0,25.0,106,10,-89.56249867330888,-273.82648615779914,-719.1991662648818,-89.34573990556784,-294.43856081950804,0,5,-1466.3724518210656,-13.83370237567043,-1505.5842077057705,-1483.5443556399623
1.5,0.65,1.5,60.0,20.0,25.0,106,12,-127.56249867330888,-311.82648615779914,-789.1991662648818,-109.34573990556784,-340.43856081950804,0,5,-1678.3724518210656,-15.83370237567043,-1505.5842077057705,-1483.5443556399623
1.5,0.65,1.5,60.0,20.0,35.0,106,0,96.4043420842548,-69.4970670127957,-263.1911232924888,-45.23753070835781,-100.7720458601325,1,5,-382.29342478952003,-3.6065417432973588,-1481.505180674225,-1492.4865229345828
1.5,0.65,1.5,60.0,20.0,35.0,106,2,58.40434208425479,-107.4970670127957,-333.1911232924888,-65.23753070835781,-146.7720458601325,1,5,-594.29342478952,-5.606541743297359,-1481.505180674225,-1492.4865229345828
1.5,0.65,1.5,60.0,20.0,35.0,106,4,20.404342084254793,-145.4970670127957,-403.1911232924888,-85.23753070835781,-192.7720458601325,1,5,-806.29342478952,-7.606541743297359,-1481.505180674225,-1492.4865229345828
1.5,0.65,1.5,60.0,20.0,35.0,106,6,-17.595657915745207,-183.4970670127957,-473.1911232924888,-105.23753070835781,-238.7720458601325,0,5,-1018.29342478952,-9.60654174329736,-1481.505180674225,-1492.4865229345828
1.5,0.65,1.5,60.0,20.0,35.0,106,8,-55.59565791574521,-221.4970670127957,-543.1911232924888,-125.23753070835781,-284.7720458601325,0,5,-1230.29342478952,-11.60654174329736,-1481.505180674225,-1492.4865229345828
1.5,0.65,1.5,60.0,20.0,35.0,106,10,-93.5956579157452,-259.4970670127957,-613.1911232924888,-145.2375307083578,-330.7720458601325,0,5,-1442.29342478952,-13.60654174329736,-1481.505180674225,-1492.4865229345828
1.5,0.65,1.5,60.0,20.0,35.0,106,12,-131.59565791574522,-297.4970670127957,-683.1911232924888,-165.2375307083578,-376.7720458601325,0,5,-1654.29342478952,-15.60654174329736,-1481.505180674225,-1492.4865229345828
1.5,0.65,1.5,60.0,20.0,50.0,106,0,106.11703584890486,-69.35574671921194,-225.84190324122756,-87.03015112032776,-95.4468342141941,1,5,-371.55759944605643,-3.5052603721326077,-1511.869130898669,-1515.5159662636734
1.5,0.65,1.5,60.0,20.0,50.0,106,2,68.11703584890486,-107.35574671921194,-295.84190324122756,-107.03015112032776,-141.4468342141941,1,5,-583.5575994460564,-5.505260372132608,-1511.869130898669,-1515.5159662636734
1.5,0.65,1.5,60.0,20.0,50.0,106,4,30.117035848904862,-145.35574671921194,-365.84190324122756,-127.03015112032776,-187.4468342141941,1,5,-795.5575994460564,-7.505260372132608,-1511.869130898669,-1515.5159662636734
1.5,0.65,1.5,60.0,20.0,50.0,106,6,-7.882964151095138,-183.35574671921194,-435.84190324122756,-147.03015112032776,-233.4468342141941,0,5,-1007.5575994460564,-9.505260372132607,-1511.869130898669,-1515.5159662636734
1.5,0.65,1.5,60.0,20.0,50.0,106,8,-45.88296415109514,-221.35574671921194,-505.84190324122756,-167.03015112032776,-279.4468342141941,0,5,-1219.5575994460564,-11.505260372132607,-1511.869130898669,-1515.5159662636734
1.5,0.65,1.5,60.0,20.0,50.0,106,10,-83.88296415109514,-259.35574671921194,-575.8419032412276,-187.03015112032776,-325.4468342141941,0,5,-1431.5575994460564,-13.505260372132607,-1511.869130898669,-1515.5159662636734
1.5,0.65,1.5,60.0,20.0,50.0,106,12,-121.88296415109514,-297.35574671921194,-645.8419032412276,-207.03015112032776,-371.4468342141941,0,5,-1643.5575994460564,-15.505260372132607,-1511.869130898669,-1515.5159662636734
1.5,0.65,1.5,60.0,30.0,15.0,107,0,-111.44049482622358,-213.79896722309041,-49.343757684395825,78.89739127466014,117.11418954618009,2,5,-178.5716389128695,-1.6688938216156028,-1326.1764087256906,-1317.604730867272
1.5,0.65,1.5,60.0,30.0,15.0,107,2,-147.44049482622358,-249.79896722309041,-123.34375768439583,58.89739127466014,69.11418954618009,2,5,-392.5716389128695,-3.668893821615603,-1326.1764087256906,-1317.604730867272
1.5,0.65,1.5,60.0,30.0,15.0,107,4,-183.44049482622358,-285.7989672230904,-197.34375768439583,38.89739127466014,21.114189546180086,2,5,-606.5716389128695,-5.668893821615603,-1326.1764087256906,-1317.604730867272
1.5,0.65,1.5,60.0,30.0,15.0,107,6,-219.44049482622358,-321.7989672230904,-271.3437576843958,18.897391274660137,-26.885810453819914,1,5,-820.5716389128695,-7.668893821615603,-1326.1764087256906,-1317.604730867272
1.5,0.65,1.5,60.0,30.0,15.0,107,8,-255.44049482622358,-357.7989672230904,-345.3437576843958,-1.1026087253398629,-74.88581045381991,0,5,-1034.5716389128695,-9.668893821615603,-1326.1764087256906,-1317.604730867272
1.5,0.65,1.5,60.0,30.0,15.0,107,10,-291.4404948262236,-393.7989672230904,-419.3437576843958,-21.102608725339863,-122.88581045381991,0,5,-1248.5716389128695,-11.668893821615603,-1326.1764087256906,-1317.604730867272
1.5,0.65,1.5,60.0,30.0,15.0,107,12,-327.4404948262236,-429.7989672230904,-493.3437576843958,-41.10260872533986,-170.88581045381991,0,5,-1462.5716389128695,-13.668893821615603,-1326.1764087256906,-1317.604730867272
1.5,0.65,1.5,60.0,30.0,25.0,104,0,-34.67946884361601,-188.70205818439598,-528.4179697045945,106.11100854462643,41.163555794752085,2,5,-604.5249323932276,-5.812739734550265,-1717.2047064219314,-1685.7945276266298
1.5,0.65,1.5,60.0,30.0,25.0,104,2,-70.67946884361601,-224.70205818439598,-598.4179697045945,86.11100854462643,-4.836444205247915,1,5,-812.5249323932276,-7.812739734550265,-1717.2047064219314,-1685.7945276266298
1.5,0.65,1.5,60.0,30.0,25.0,104,4,-106.67946884361601,-260.702058184396,-668.4179697045945,66.11100854462643,-50.836444205247915,1,5,-1020.5249323932276,-9.812739734550265,-1717.2047064219314,-1685.7945276266298
1.5,0.65,1.5,60.0,30.0,25.0,104,6,-142.679468843616,-296.702058184396,-738.4179697045945,46.111008544626436,-96.83644420524791,1,5,-1228.5249323932276,-11.812739734550265,-1717.2047064219314,-1685.7945276266298
1.5,0.65,1.5,60.0,30.0,25.0,104,8,-178.679468843616,-332.702058184396,-808.4179697045945,26.111008544626436,-142.83644420524791,1,5,-1436.5249323932276,-13.812739734550265,-1717.2047064219314,-1685.7945276266298
1.5,0.65,1.5,60.0,30.0,25.0,104,10,-214.679468843616,-368.702058184396,-878.4179697045945,6.111008544626436,-188.83644420524791,1,5,-1644.5249323932276,-15.812739734550265,-1717.2047064219314,-1685.7945276266298
1.5,0.65,1.5,60.0,30.0,25.0,104,12,-250.679468843616,-404.702058184396,-948.4179697045945,-13.888991455373564,-234.83644420524791,0,5,-1852.5249323932276,-17.812739734550266,-1717.2047064219314,-1685.7945276266298
1.5,0.65,1.5,60.0,30.0,35.0,104,0,-153.0457705217434,-163.28332412122955,-330.80839645286187,50.21921774183647,20.768211951203682,2,5,-576.1500614027948,-5.539904436565335,-1728.747343245123,-1715.4214804121646
1.5,0.65,1.5,60.0,30.0,35.0,104,2,-189.0457705217434,-199.28332412122955,-400.80839645286187,30.219217741836466,-25.231788048796318,1,5,-784.1500614027948,-7.539904436565335,-1728.747343245123,-1715.4214804121646
1.5,0.65,1.5,60.0,30.0,35.0,104,4,-225.0457705217434,-235.28332412122955,-470.80839645286187,10.219217741836466,-71.23178804879632,1,5,-992.1500614027948,-9.539904436565335,-1728.747343245123,-1715.4214804121646
1.5,0.65,1.5,60.0,30.0,35.0,104,6,-261.0457705217434,-271.28332412122955,-540.8083964528619,-9.780782258163534,-117.23178804879632,0,5,-1200.1500614027948,-11.539904436565335,-1728.747343245123,-1715.4214804121646
1.5,0.65,1.5,60.0,30.0,35.0,104,8,-297.0457705217434,-307.28332412122955,-610.8083964528619,-29.780782258163534,-163.23178804879632,0,5,-1408.1500614027948,-13.539904436565335,-1728.747343245123,-1715.4214804121646
1.5,0.65,1.5,60.0,30.0,35.0,104,10,-333.0457705217434,-343.28332412122955,-680.8083964528619,-49.78078225816353,-209.23178804879632,0,5,-1616.1500614027948,-15.539904436565335,-1728.747343245123,-1715.4214804121646
1.5,0.65,1.5,60.0,30.0,35.0,104,12,-369.0457705217434,-379.28332412122955,-750.8083964528619,-69.78078225816353,-255.23178804879632,0,5,-1824.1500614027948,-17.539904436565333,-1728.747343245123,-1715.4214804121646
1.5,0.65,1.5,60.0,30.0,50.0,104,0,-207.98478000841448,-179.8446227839231,-319.55387088830844,8.426597329866524,-10.947270607615593,1,5,-709.9039469583952,-6.825999489984569,-1862.5012288007235,-1870.350982216215
1.5,0.65,1.5,60.0,30.0,50.0,104,2,-243.98478000841448,-215.8446227839231,-389.55387088830844,-11.573402670133476,-56.94727060761559,0,5,-917.9039469583952,-8.82599948998457,-1862.5012288007235,-1870.350982216215
1.5,0.65,1.5,60.0,30.0,50.0,104,4,-279.9847800084145,-251.8446227839231,-459.55387088830844,-31.573402670133476,-102.9472706076156,0,5,-1125.9039469583952,-10.82599948998457,-1862.5012288007235,-1870.350982216215
1.5,0.65,1.5,60.0,30.0,50.0,104,6,-315.9847800084145,-287.8446227839231,-529.5538708883084,-51.573402670133476,-148.9472706076156,0,5,-1333.9039469583952,-12.82599948998457,-1862.5012288007235,-1870.350982216215
1.5,0.65,1.5,60.0,30.0,50.0,104,8,-351.9847800084145,-323.8446227839231,-599.5538708883084,-71.57340267013348,-194.9472706076156,0,5,-1541.9039469583952,-14.82599948998457,-1862.5012288007235,-1870.350982216215
1.5,0.65,1.5,60.0,30.0,50.0,104,10,-387.9847800084145,-359.8446227839231,-669.5538708883084,-91.57340267013348,-240.9472706076156,0,5,-1749.9039469583952,-16.825999489984568,-1862.5012288007235,-1870.350982216215
1.5,0.65,1.5,60.0,30.0,50.0,104,12,-423.9847800084145,-395.8446227839231,-739.5538708883084,-111.57340267013348,-286.94727060761556,0,5,-1957.9039469583952,-18.825999489984568,-1862.5012288007235,-1870.350982216215
1.5,0.65,1.5,60.0,40.0,15.0,106,0,-136.10480670395884,-223.6495665032461,-237.22847950230675,115.8036866291255,68.01363078922475,2,5,-413.1655352911614,-3.8977880687845414,-1590.7398658806874,-1566.9358047873848
1.5,0.65,1.5,60.0,40.0,15.0,106,2,-170.10480670395884,-259.6495665032461,-311.22847950230675,95.8036866291255,20.01363078922475,2,5,-625.1655352911614,-5.897788068784542,-1590.7398658806874,-1566.9358047873848
1.5,0.65,1.5,60.0,40.0,15.0,106,4,-204.10480670395884,-295.6495665032461,-385.22847950230675,75.8036866291255,-27.98636921077525,1,5,-837.1655352911614,-7.897788068784542,-1590.7398658806874,-1566.9358047873848
1.5,0.65,1.5,60.0,40.0,15.0,106,6,-238.10480670395884,-331.6495665032461,-459.22847950230675,55.8036866291255,-75.98636921077525,1,5,-1049.1655352911614,-9.897788068784541,-1590.7398658806874,-1566.9358047873848
1.5,0.65,1.5,60.0,40.0,15.0,106,8,-272.10480670395884,-367.6495665032461,-533.2284795023068,35.8036866291255,-123.98636921077525,1,5,-1261.1655352911614,-11.897788068784541,-1590.7398658806874,-1566.9358047873848
1.5,0.65,1.5,60.0,40.0,15.0,106,10,-306.10480670395884,-403.6495665032461,-607.2284795023068,15.8036866291255,-171.98636921077525,1,5,-1473.1655352911614,-13.897788068784541,-1590.7398658806874,-1566.9358047873848
1.5,0.65,1.5,60.0,40.0,15.0,106,12,-340.10480670395884,-439.6495665032461,-681.2284795023068,-4.196313370874501,-219.98636921077525,0,5,-1685.1655352911614,-15.897788068784541,-1590.7398658806874,-1566.9358047873848
1.5,0.65,1.5,60.0,40.0,25.0,103,0,-117.13606344546594,-207.19137802914094,-726.5554895595385,143.01730389909181,2.6926413002210836,2,5,-905.1729858348319,-8.788087241114873,-2043.161516803449,-2006.682631214652
1.5,0.65,1.5,60.0,40.0,25.0,103,2,-151.13606344546594,-243.19137802914094,-796.5554895595385,123.01730389909181,-43.307358699778916,1,5,-1111.172985834832,-10.788087241114873,-2043.161516803449,-2006.682631214652
1.5,0.65,1.5,60.0,40.0,25.0,103,4,-185.13606344546594,-279.19137802914094,-866.5554895595385,103.01730389909181,-89.30735869977892,1,5,-1317.172985834832,-12.788087241114873,-2043.161516803449,-2006.682631214652
1.5,0.65,1.5,60.0,40.0,25.0,103,6,-219.13606344546594,-315.19137802914094,-936.5554895595385,83.01730389909181,-135.30735869977892,1,5,-1523.172985834832,-14.788087241114873,-2043.161516803449,-2006.682631214652
1.5,0.65,1.5,60.0,40.0,25.0,103,8,-253.13606344546594,-351.19137802914094,-1006.5554895595385,63.01730389909181,-181.30735869977892,1,5,-1729.172985834832,-16.788087241114873,-2043.161516803449,-2006.682631214652
1.5,0.65,1.5,60.0,40.0,25.0,103,10,-287.13606344546594,-387.19137802914094,-1076.5554895595385,43.01730389909181,-227.30735869977892,1,5,-1935.172985834832,-18.788087241114873,-2043.161516803449,-2006.682631214652
1.5,0.65,1.5,60.0,40.0,25.0,103,12,-321.13606344546594,-423.19137802914094,-1146.5554895595385,23.017303899091807,-273.3073586997789,1,5,-2141.1729858348317,-20.78808724111487,-2043.161516803449,-2006.682631214652
1.5,0.65,1.5,60.0,40.0,35.0,103,0,-248.36460200960977,-155.60160957825104,-543.2546886834001,87.12551309630183,-7.434940102478038,1,5,-867.5303272774368,-8.422624536674144,-2060.355013468777,-2038.8093732543264
1.5,0.65,1.5,60.0,40.0,35.0,103,2,-282.36460200960977,-191.60160957825104,-613.2546886834001,67.12551309630183,-53.43494010247804,1,5,-1073.5303272774368,-10.422624536674144,-2060.355013468777,-2038.8093732543264
1.5,0.65,1.5,60.0,40.0,35.0,103,4,-316.36460200960977,-227.60160957825104,-683.2546886834001,47.12551309630183,-99.43494010247804,1,5,-1279.5303272774368,-12.422624536674144,-2060.355013468777,-2038.8093732543264
1.5,0.65,1.5,60.0,40.0,35.0,103,6,-350.36460200960977,-263.60160957825104,-753.2546886834001,27.12551309630183,-145.43494010247804,1,5,-1485.5303272774368,-14.422624536674144,-2060.355013468777,-2038.8093732543264
1.5,0.65,1.5,60.0,40.0,35.0,103,8,-384.36460200960977,-299.60160957825104,-823.2546886834001,7.12551309630183,-191.43494010247804,1,5,-1691.5303272774368,-16.422624536674142,-2060.355013468777,-2038.8093732543264
1.5,0.65,1.5,60.0,40.0,35.0,103,10,-418.36460200960977,-335.60160957825104,-893.2546886834001,-12.87448690369817,-237.43494010247804,0,5,-1897.5303272774368,-18.422624536674142,-2060.355013468777,-2038.8093732543264
1.5,0.65,1.5,60.0,40.0,35.0,103,12,-452.36460200960977,-371.60160957825104,-963.2546886834001,-32.87448690369817,-283.43494010247804,0,5,-2103.5303272774368,-20.422624536674142,-2060.355013468777,-2038.8093732543264
1.5,0.65,1.5,60.0,40.0,50.0,102,0,-311.0165456655174,-172.16290824094455,-432.9011174316489,45.332892684331895,-39.150422661297284,1,5,-909.898101315076,-8.920569620736039,-2092.722787506417,-2080.041144956993
1.5,0.65,1.5,60.0,40.0,50.0,102,2,-345.0165456655174,-208.16290824094455,-500.9011174316489,25.332892684331895,-85.15042266129728,1,5,-1113.898101315076,-10.920569620736039,-2092.722787506417,-2080.041144956993
1.5,0.65,1.5,60.0,40.0,50.0,102,4,-379.0165456655174,-244.16290824094455,-568.9011174316489,5.332892684331895,-131.15042266129728,1,5,-1317.898101315076,-12.920569620736039,-2092.722787506417,-2080.041144956993
1.5,0.65,1.5,60.0,40.0,50.0,102,6,-413.0165456655174,-280.16290824094455,-636.9011174316489,-14.667107315668105,-177.15042266129728,0,5,-1521.898101315076,-14.920569620736039,-2092.722787506417,-2080.041144956993
1.5,0.65,1.5,60.0,40.0,50.0,102,8,-447.0165456655174,-316.16290824094455,-704.9011174316489,-34.667107315668105,-223.15042266129728,0,5,-1725.898101315076,-16.92056962073604,-2092.722787506417,-2080.041144956993
1.5,0.65,1.5,60.0,40.0,50.0,102,10,-481.0165456655174,-352.16290824094455,-772.9011174316489,-54.667107315668105,-269.1504226612973,0,5,-1929.898101315076,-18.92056962073604,-2092.722787506417,-2080.041144956993
1.5,0.65,1.5,60.0,40.0,50.0,102,12,-515.0165456655175,-388.16290824094455,-840.9011174316489,-74.6671073156681,-315.1504226612973,0,5,-2133.898101315076,-20.92056962073604,-2092.722787506417,-2080.041144956993
1.5,0.65,1.5,60.0,60.0,15.0,104,0,-192.97710297065555,-255.7488909605376,-428.926911821561,185.24393537331724,217.94293500468382,2,5,-474.4660353747531,-4.562173417064934,-1714.1838468597828,-1650.1169546258398
1.5,0.65,1.5,60.0,60.0,15.0,104,2,-224.97710297065555,-289.7488909605376,-502.926911821561,165.24393537331724,169.94293500468382,2,5,-682.4660353747531,-6.562173417064934,-1714.1838468597828,-1650.1169546258398
1.5,0.65,1.5,60.0,60.0,15.0,104,4,-256.97710297065555,-323.7488909605376,-576.926911821561,145.24393537331724,121.94293500468382,2,5,-890.4660353747531,-8.562173417064933,-1714.1838468597828,-1650.1169546258398
1.5,0.65,1.5,60.0,60.0,15.0,104,6,-288.97710297065555,-357.7488909605376,-650.926911821561,125.24393537331724,73.94293500468382,2,5,-1098.4660353747531,-10.562173417064933,-1714.1838468597828,-1650.1169546258398
1.5,0.65,1.5,60.0,60.0,15.0,104,8,-320.97710297065555,-391.7488909605376,-724.926911821561,105.24393537331724,25.942935004683815,2,5,-1306.4660353747531,-12.562173417064933,-1714.1838468597828,-1650.1169546258398
1.5,0.65,1.5,60.0,60.0,15.0,104,10,-352.97710297065555,-425.7488909605376,-798.926911821561,85.24393537331724,-22.057064995316185,1,5,-1514.4660353747531,-14.562173417064933,-1714.1838468597828,-1650.1169546258398
1.5,0.65,1.5,60.0,60.0,15.0,104,12,-384.97710297065555,-459.7488909605376,-872.926911821561,65.24393537331724,-70.05706499531618,1,5,-1722.4660353747531,-16.562173417064933,-1714.1838468597828,-1650.1169546258398
1.5,0.65,1.5,60.0,60.0,25.0,101,0,-177.24699688590738,-246.01563907306297,-962.1677899735489,188.738977716524,162.31445601127803,2,5,-1034.3769922047168,-10.241356358462543,-2234.509004068838,-2149.2236436496323
1.5,0.65,1.5,60.0,60.0,25.0,101,2,-209.24699688590738,-280.01563907306297,-1032.167789973549,168.738977716524,116.31445601127801,2,5,-1236.3769922047168,-12.241356358462543,-2234.509004068838,-2149.2236436496323
1.5,0.65,1.5,60.0,60.0,25.0,101,4,-241.24699688590738,-314.01563907306297,-1102.167789973549,148.738977716524,70.31445601127801,2,5,-1438.3769922047168,-14.241356358462543,-2234.509004068838,-2149.2236436496323
1.5,0.65,1.5,60.0,60.0,25.0,101,6,-273.2469968859074,-348.01563907306297,-1172.167789973549,128.738977716524,24.31445601127801,2,5,-1640.3769922047168,-16.241356358462543,-2234.509004068838,-2149.2236436496323
1.5,0.65,1.5,60.0,60.0,25.0,101,8,-305.2469968859074,-382.01563907306297,-1242.167789973549,108.73897771652402,-21.68554398872199,1,5,-1842.3769922047168,-18.241356358462543,-2234.509004068838,-2149.2236436496323
1.5,0.65,1.5,60.0,60.0,25.0,101,10,-337.2469968859074,-416.01563907306297,-1312.167789973549,88.73897771652402,-67.68554398872199,1,5,-2044.3769922047168,-20.241356358462543,-2234.509004068838,-2149.2236436496323
1.5,0.65,1.5,60.0,60.0,25.0,101,12,-369.2469968859074,-450.01563907306297,-1382.167789973549,68.73897771652402,-113.68554398872199,1,5,-2246.3769922047168,-22.241356358462543,-2234.509004068838,-2149.2236436496323
1.5,0.65,1.5,60.0,60.0,35.0,101,0,-295.6132985640349,-210.25288085108417,-755.4464051239547,132.84718691373405,164.59234647687106,2,5,-963.8730511484689,-9.543297536123454,-2231.246690103605,-2102.5458543005966
1.5,0.65,1.5,60.0,60.0,35.0,101,2,-327.6132985640349,-244.25288085108417,-825.4464051239547,112.84718691373405,118.59234647687104,2,5,-1165.873051148469,-11.543297536123454,-2231.246690103605,-2102.5458543005966
1.5,0.65,1.5,60.0,60.0,35.0,101,4,-359.6132985640349,-278.25288085108417,-895.4464051239547,92.84718691373405,72.59234647687104,2,5,-1367.873051148469,-13.543297536123454,-2231.246690103605,-2102.5458543005966
1.5,0.65,1.5,60.0,60.0,35.0,101,6,-391.6132985640349,-312.25288085108417,-965.4464051239547,72.84718691373405,26.592346476871043,2,5,-1569.873051148469,-15.543297536123454,-2231.246690103605,-2102.5458543005966
1.5,0.65,1.5,60.0,60.0,35.0,101,8,-423.6132985640349,-346.25288085108417,-1035.4464051239547,52.84718691373404,-19.407653523128957,1,5,-1771.873051148469,-17.543297536123454,-2231.246690103605,-2102.5458543005966
1.5,0.65,1.5,60.0,60.0,35.0,101,10,-455.6132985640349,-380.25288085108417,-1105.4464051239547,32.84718691373404,-65.40765352312896,1,5,-1973.873051148469,-19.543297536123454,-2231.246690103605,-2102.5458543005966
1.5,0.65,1.5,60.0,60.0,35.0,101,12,-487.6132985640349,-414.25288085108417,-1175.4464051239547,12.847186913734042,-111.40765352312896,1,5,-2175.873051148469,-21.543297536123458,-2231.246690103605,-2102.5458543005966
1.5,0.65,1.5,60.0,60.0,50.0,100,0,-351.39505761890376,-147.70681357746003,-656.001471301914,91.0545665017641,132.8768639180518,2,5,-931.1719120784608,-9.311719120784607,-2188.545551033598,-2129.0661687797083
1.5,0.65,1.5,60.0,60.0,50.0,100,2,-383.39505761890376,-181.70681357746003,-724.001471301914,71.0545665017641,86.8768639180518,2,5,-1131.1719120784608,-11.311719120784607,-2188.545551033598,-2129.0661687797083
1.5,0.65,1.5,60.0,60.0,50.0,100,4,-415.39505761890376,-215.70681357746003,-792.001471301914,51.05456650176411,40.8768639180518,2,5,-1331.1719120784608,-13.311719120784607,-2188.545551033598,-2129.0661687797083
1.5,0.65,1.5,60.0,60.0,50.0,100,6,-447.39505761890376,-249.70681357746003,-860.001471301914,31.054566501764107,-5.1231360819482035,1,5,-1531.1719120784608,-15.311719120784607,-2188.545551033598,-2129.0661687797083
1.5,0.65,1.5,60.0,60.0,50.0,100,8,-479.39505761890376,-283.70681357746,-928.001471301914,11.054566501764107,-51.1231360819482,1,5,-1731.1719120784608,-17.31171912078461,-2188.545551033598,-2129.0661687797083
1.5,0.65,1.5,60.0,60.0,50.0,100,10,-511.39505761890376,-317.70681357746,-996.001471301914,-8.945433498235893,-97.1231360819482,0,5,-1931.1719120784608,-19.31171912078461,-2188.545551033598,-2129.0661687797083
1.5,0.65,1.5,60.0,60.0,50.0,100,12,-543.3950576189038,-351.70681357746,-1064.001471301914,-28.945433498235893,-143.1231360819482,0,5,-2131.171912078461,-21.31171912078461,-2188.545551033598,-2129.0661687797083
1.5,0.65,1.5,90.0,20.0,15.0,109,0,16.938984338215363,-140.88902495870093,-29.89508938677352,38.88755293273282,41.95962368210775,3,5,-72.99795339241882,-0.6697059944258608,-1202.2097092771237,-1180.1698572113155
1.5,0.65,1.5,90.0,20.0,15.0,109,2,-21.061015661784637,-178.88902495870093,-103.89508938677352,18.887552932732817,-6.040376317892253,1,5,-290.9979533924188,-2.6697059944258608,-1202.2097092771237,-1180.1698572113155
1.5,0.65,1.5,90.0,20.0,15.0,109,4,-59.06101566178464,-216.88902495870093,-177.89508938677352,-1.1124470672671833,-54.04037631789225,0,5,-508.9979533924188,-4.66970599442586,-1202.2097092771237,-1180.1698572113155
1.5,0.65,1.5,90.0,20.0,15.0,109,6,-97.06101566178464,-254.88902495870093,-251.89508938677352,-21.112447067267183,-102.04037631789225,0,5,-726.9979533924188,-6.66970599442586,-1202.2097092771237,-1180.1698572113155
1.5,0.65,1.5,90.0,20.0,15.0,109,8,-135.06101566178464,-292.88902495870093,-325.8950893867735,-41.11244706726718,-150.04037631789225,0,5,-944.9979533924188,-8.669705994425861,-1202.2097092771237,-1180.1698572113155
1.5,0.65,1.5,90.0,20.0,15.0,109,10,-173.06101566178464,-330.88902495870093,-399.8950893867735,-61.11244706726718,-198.04037631789225,0,5,-1162.9979533924188,-10.669705994425861,-1202.2097092771237,-1180.1698572113155
1.5,0.65,1.5,90.0,20.0,15.0,109,12,-211.06101566178464,-368.88902495870093,-473.8950893867735,-81.11244706726718,-246.04037631789225,0,5,-1380.9979533924188,-12.669705994425861,-1202.2097092771237,-1180.1698572113155
1.5,0.65,1.5,90.0,20.0,25.0,106,0,100.43750132669112,-83.65358913531094,-369.8013594230879,10.65426009443216,-64.43856081950804,2,5,-406.8017479567841,-3.837752339214944,-1506.0135038414885,-1483.9736517756803
1.5,0.65,1.5,90.0,20.0,25.0,106,2,62.43750132669112,-121.65358913531094,-439.8013594230879,-9.34573990556784,-110.43856081950804,1,5,-618.8017479567841,-5.837752339214944,-1506.0135038414885,-1483.9736517756803
1.5,0.65,1.5,90.0,20.0,25.0,106,4,24.43750132669112,-159.65358913531094,-509.8013594230879,-29.34573990556784,-156.43856081950804,1,5,-830.8017479567841,-7.837752339214944,-1506.0135038414885,-1483.9736517756803
1.5,0.65,1.5,90.0,20.0,25.0,106,6,-13.56249867330888,-197.65358913531094,-579.8013594230879,-49.34573990556784,-202.43856081950804,0,5,-1042.801747956784,-9.837752339214944,-1506.0135038414885,-1483.9736517756803
1.5,0.65,1.5,90.0,20.0,25.0,106,8,-51.56249867330888,-235.65358913531094,-649.8013594230879,-69.34573990556784,-248.43856081950804,0,5,-1254.801747956784,-11.837752339214944,-1506.0135038414885,-1483.9736517756803
1.5,0.65,1.5,90.0,20.0,25.0,106,10,-89.56249867330888,-273.65358913531094,-719.8013594230879,-89.34573990556784,-294.43856081950804,0,5,-1466.801747956784,-13.837752339214944,-1506.0135038414885,-1483.9736517756803
1.5,0.65,1.5,90.0,20.0,25.0,106,12,-127.56249867330888,-311.65358913531094,-789.8013594230879,-109.34573990556784,-340.43856081950804,0,5,-1678.801747956784,-15.837752339214944,-1506.0135038414885,-1483.9736517756803
1.5,0.65,1.5,90.0,20.0,35.0,106,0,96.4043420842548,-69.32416999030755,-262.9338501288496,-45.23753070835781,-100.7720458601325,1,5,-381.86325460339276,-3.6024835339942713,-1481.0750104880974,-1492.2292497709436
1.5,0.65,1.5,90.0,20.0,35.0,106,2,58.40434208425479,-107.32416999030755,-332.9338501288496,-65.23753070835781,-146.7720458601325,1,5,-593.8632546033928,-5.602483533994271,-1481.0750104880974,-1492.2292497709436
1.5,0.65,1.5,90.0,20.0,35.0,106,4,20.404342084254793,-145.32416999030755,-402.9338501288496,-85.23753070835781,-192.7720458601325,1,5,-805.8632546033928,-7.602483533994271,-1481.0750104880974,-1492.2292497709436
1.5,0.65,1.5,90.0,20.0,35.0,106,6,-17.595657915745207,-183.32416999030755,-472.9338501288496,-105.23753070835781,-238.7720458601325,0,5,-1017.8632546033928,-9.60248353399427,-1481.0750104880974,-1492.2292497709436
1.5,0.65,1.5,90.0,20.0,35.0,106,8,-55.59565791574521,-221.32416999030755,-542.9338501288496,-125.23753070835781,-284.7720458601325,0,5,-1229.8632546033928,-11.60248353399427,-1481.0750104880974,-1492.2292497709436
1.5,0.65,1.5,90.0,20.0,35.0,106,10,-93.5956579157452,-259.32416999030755,-612.9338501288496,-145.2375307083578,-330.7720458601325,0,5,-1441.8632546033928,-13.60248353399427,-1481.0750104880974,-1492.2292497709436
1.5,0.65,1.5,90.0,20.0,35.0,106,12,-131.59565791574522,-297.32416999030755,-682.9338501288496,-165.2375307083578,-376.7720458601325,0,5,-1653.8632546033928,-15.60248353399427,-1481.0750104880974,-1492.2292497709436
1.5,0.65,1.5,90.0,20.0,50.0,105,0,106.11703584890486,-87.76353841602793,-183.70497237575614,-95.43053855437023,-109.96020911602733,1,5,-370.7422226132769,-3.5308783106026373,-1501.0537540658893,-1471.1082177808275
1.5,0.65,1.5,90.0,20.0,50.0,105,2,68.11703584890486,-125.76353841602793,-251.70497237575614,-115.43053855437023,-155.96020911602733,1,5,-580.7422226132769,-5.530878310602637,-1501.0537540658893,-1471.1082177808275
1.5,0.65,1.5,90.0,20.0,50.0,105,4,30.117035848904862,-163.76353841602793,-319.70497237575614,-135.43053855437023,-201.96020911602733,1,5,-790.7422226132769,-7.530878310602637,-1501.0537540658893,-1471.1082177808275
1.5,0.65,1.5,90.0,20.0,50.0,105,6,-7.882964151095138,-201.76353841602793,-387.70497237575614,-155.43053855437023,-247.96020911602733,0,5,-1000.7422226132769,-9.530878310602636,-1501.0537540658893,-1471.1082177808275
1.5,0.65,1.5,90.0,20.0,50.0,105,8,-45.88296415109514,-239.76353841602793,-455.70497237575614,-175.43053855437023,-293.96020911602733,0,5,-1210.742222613277,-11.530878310602636,-1501.0537540658893,-1471.1082177808275
1.5,0.65,1.5,90.0,20.0,50.0,105,10,-83.88296415109514,-277.7635384160279,-523.7049723757561,-195.43053855437023,-339.96020911602733,0,5,-1420.742222613277,-13.530878310602636,-1501.0537540658893,-1471.1082177808275
1.5,0.65,1.5,90.0,20.0,50.0,105,12,-121.88296415109514,-315.7635384160279,-591.7049723757561,-215.43053855437023,-385.96020911602733,0,5,-1630.742222613277,-15.530878310602636,-1501.0537540658893,-1471.1082177808275
1.5,0.65,1.5,90.0,30.0,15.0,107,0,-111.44049482622358,-213.79896722309041,-53.56547237748856,78.89739127466014,117.11418954618009,2,5,-182.79335360596247,-1.7083490991211445,-1330.3981234187831,-1299.5821673799574
1.5,0.65,1.5,90.0,30.0,15.0,107,2,-147.44049482622358,-249.79896722309041,-127.56547237748856,58.89739127466014,69.11418954618009,2,5,-396.79335360596247,-3.7083490991211447,-1330.3981234187831,-1299.5821673799574
1.5,0.65,1.5,90.0,30.0,15.0,107,4,-183.44049482622358,-285.7989672230904,-201.56547237748856,38.89739127466014,21.114189546180086,2,5,-610.7933536059625,-5.708349099121144,-1330.3981234187831,-1299.5821673799574
1.5,0.65,1.5,90.0,30.0,15.0,107,6,-219.44049482622358,-321.7989672230904,-275.56547237748856,18.897391274660137,-26.885810453819914,1,5,-824.7933536059625,-7.708349099121144,-1330.3981234187831,-1299.5821673799574
1.5,0.65,1.5,90.0,30.0,15.0,107,8,-255.44049482622358,-357.7989672230904,-349.56547237748856,-1.1026087253398629,-74.88581045381991,0,5,-1038.7933536059625,-9.708349099121145,-1330.3981234187831,-1299.5821673799574
1.5,0.65,1.5,90.0,30.0,15.0,107,10,-291.4404948262236,-393.7989672230904,-423.56547237748856,-21.102608725339863,-122.88581045381991,0,5,-1252.7933536059625,-11.708349099121145,-1330.3981234187831,-1299.5821673799574
1.5,0.65,1.5,90.0,30.0,15.0,107,12,-327.4404948262236,-429.7989672230904,-497.56547237748856,-41.10260872533986,-170.88581045381991,0,5,-1466.7933536059625,-13.708349099121145,-1330.3981234187831,-1299.5821673799574
1.5,0.65,1.5,90.0,30.0,25.0,104,0,-17.765522232886866,-188.52916116190778,-554.2051310175276,106.11100854462643,41.163555794752085,2,5,-613.2252500729437,-5.8963966353167665,-1725.9050241016475,-1694.667742328834
1.5,0.65,1.5,90.0,30.0,25.0,104,2,-53.765522232886866,-224.52916116190778,-624.2051310175276,86.11100854462643,-4.836444205247915,1,5,-821.2252500729437,-7.8963966353167665,-1725.9050241016475,-1694.667742328834
1.5,0.65,1.5,90.0,30.0,25.0,104,4,-89.76552223288687,-260.5291611619078,-694.2051310175276,66.11100854462643,-50.836444205247915,1,5,-1029.2252500729437,-9.896396635316766,-1725.9050241016475,-1694.667742328834
1.5,0.65,1.5,90.0,30.0,25.0,104,6,-125.76552223288687,-296.5291611619078,-764.2051310175276,46.111008544626436,-96.83644420524791,1,5,-1237.2252500729437,-11.896396635316766,-1725.9050241016475,-1694.667742328834
1.5,0.65,1.5,90.0,30.0,25.0,104,8,-161.76552223288687,-332.5291611619078,-834.2051310175276,26.111008544626436,-142.83644420524791,1,5,-1445.2252500729437,-13.896396635316766,-1725.9050241016475,-1694.667742328834
1.5,0.65,1.5,90.0,30.0,25.0,104,10,-197.76552223288687,-368.5291611619078,-904.2051310175276,6.111008544626436,-188.83644420524791,1,5,-1653.2252500729437,-15.896396635316766,-1725.9050241016475,-1694.667742328834
1.5,0.65,1.5,90.0,30.0,25.0,104,12,-233.76552223288687,-404.5291611619078,-974.2051310175276,-13.888991455373564,-234.83644420524791,0,5,-1861.2252500729437,-17.896396635316766,-1725.9050241016475,-1694.667742328834
1.5,0.65,1.5,90.0,30.0,35.0,104,0,-136.1318239110143,-163.1104270987413,-349.4738955813418,50.21921774183647,20.768211951203682,2,5,-577.7287168980574,-5.555083816327476,-1730.3259987403856,-1717.1730329299153
1.5,0.65,1.5,90.0,30.0,35.0,104,2,-172.1318239110143,-199.1104270987413,-419.4738955813418,30.219217741836466,-25.231788048796318,1,5,-785.7287168980574,-7.555083816327476,-1730.3259987403856,-1717.1730329299153
1.5,0.65,1.5,90.0,30.0,35.0,104,4,-208.1318239110143,-235.1104270987413,-489.4738955813418,10.219217741836466,-71.23178804879632,1,5,-993.7287168980574,-9.555083816327475,-1730.3259987403856,-1717.1730329299153
1.5,0.65,1.5,90.0,30.0,35.0,104,6,-244.1318239110143,-271.1104270987413,-559.4738955813418,-9.780782258163534,-117.23178804879632,0,5,-1201.7287168980574,-11.555083816327475,-1730.3259987403856,-1717.1730329299153
1.5,0.65,1.5,90.0,30.0,35.0,104,8,-280.1318239110143,-307.1104270987413,-629.4738955813418,-29.780782258163534,-163.23178804879632,0,5,-1409.7287168980574,-13.555083816327475,-1730.3259987403856,-1717.1730329299153
1.5,0.65,1.5,90.0,30.0,35.0,104,10,-316.1318239110143,-343.1104270987413,-699.4738955813418,-49.78078225816353,-209.23178804879632,0,5,-1617.7287168980574,-15.555083816327475,-1730.3259987403856,-1717.1730329299153
1.5,0.65,1.5,90.0,30.0,35.0,104,12,-352.1318239110143,-379.1104270987413,-769.4738955813418,-69.78078225816353,-255.23178804879632,0,5,-1825.7287168980574,-17.555083816327475,-1730.3259987403856,-1717.1730329299153
1.5,0.65,1.5,90.0,30.0,50.0,103,0,-191.07083339768542,-178.89276460152195,-310.82633218137676,0.02620989582399602,-19.33126819459619,1,5,-700.0949884793561,-6.7970387231005445,-1842.692270321684,-1829.539304511214
1.5,0.65,1.5,90.0,30.0,50.0,103,2,-227.07083339768542,-214.89276460152195,-378.82633218137676,-19.973790104176004,-65.33126819459619,0,5,-906.0949884793561,-8.797038723100544,-1842.692270321684,-1829.539304511214
1.5,0.65,1.5,90.0,30.0,50.0,103,4,-263.0708333976854,-250.89276460152195,-446.82633218137676,-39.973790104176004,-111.33126819459619,0,5,-1112.094988479356,-10.797038723100544,-1842.692270321684,-1829.539304511214
1.5,0.65,1.5,90.0,30.0,50.0,103,6,-299.0708333976854,-286.89276460152195,-514.8263321813768,-59.973790104176004,-157.3312681945962,0,5,-1318.094988479356,-12.797038723100544,-1842.692270321684,-1829.539304511214
1.5,0.65,1.5,90.0,30.0,50.0,103,8,-335.0708333976854,-322.89276460152195,-582.8263321813768,-79.973790104176,-203.3312681945962,0,5,-1524.094988479356,-14.797038723100544,-1842.692270321684,-1829.539304511214
1.5,0.65,1.5,90.0,30.0,50.0,103,10,-371.0708333976854,-358.89276460152195,-650.8263321813768,-99.973790104176,-249.3312681945962,0,5,-1730.094988479356,-16.797038723100545,-1842.692270321684,-1829.539304511214
1.5,0.65,1.5,90.0,30.0,50.0,103,12,-407.0708333976854,-394.89276460152195,-718.8263321813768,-119.973790104176,-295.3312681945962,0,5,-1936.094988479356,-18.797038723100545,-1842.692270321684,-1829.539304511214
1.5,0.65,1.5,90.0,40.0,15.0,106,0,-136.10480670395884,-223.6495665032461,-243.80529221803613,106.86125164966933,49.71241711820309,2,5,-446.9859966573688,-4.216849025069517,-1624.5603272468948,-1576.156889950548
1.5,0.65,1.5,90.0,40.0,15.0,106,2,-170.10480670395884,-259.6495665032461,-317.80529221803613,86.86125164966933,1.712417118203092,2,5,-658.9859966573688,-6.216849025069517,-1624.5603272468948,-1576.156889950548
1.5,0.65,1.5,90.0,40.0,15.0,106,4,-204.10480670395884,-295.6495665032461,-391.80529221803613,66.86125164966933,-46.28758288179691,1,5,-870.9859966573688,-8.216849025069516,-1624.5603272468948,-1576.156889950548
1.5,0.65,1.5,90.0,40.0,15.0,106,6,-238.10480670395884,-331.6495665032461,-465.80529221803613,46.86125164966933,-94.28758288179691,1,5,-1082.9859966573688,-10.216849025069516,-1624.5603272468948,-1576.156889950548
1.5,0.65,1.5,90.0,40.0,15.0,106,8,-272.10480670395884,-367.6495665032461,-539.8052922180361,26.861251649669327,-142.2875828817969,1,5,-1294.9859966573688,-12.216849025069516,-1624.5603272468948,-1576.156889950548
1.5,0.65,1.5,90.0,40.0,15.0,106,10,-306.10480670395884,-403.6495665032461,-613.8052922180361,6.861251649669327,-190.2875828817969,1,5,-1506.9859966573688,-14.216849025069516,-1624.5603272468948,-1576.156889950548
1.5,0.65,1.5,90.0,40.0,15.0,106,12,-340.10480670395884,-439.6495665032461,-687.8052922180361,-13.138748350330673,-238.2875828817969,0,5,-1718.9859966573688,-16.216849025069518,-1624.5603272468948,-1576.156889950548
1.5,0.65,1.5,90.0,40.0,25.0,103,0,-101.90537138710908,-194.963321021558,-738.7693390721397,134.07486891963563,52.704249991883444,2,5,-848.858912569287,-8.241348665721233,-1986.847443537904,-1966.4698647945645
1.5,0.65,1.5,90.0,40.0,25.0,103,2,-135.90537138710908,-230.963321021558,-808.7693390721397,114.07486891963563,6.704249991883444,2,5,-1054.858912569287,-10.241348665721233,-1986.847443537904,-1966.4698647945645
1.5,0.65,1.5,90.0,40.0,25.0,103,4,-169.90537138710908,-266.963321021558,-878.7693390721397,94.07486891963563,-39.295750008116556,1,5,-1260.858912569287,-12.241348665721233,-1986.847443537904,-1966.4698647945645
1.5,0.65,1.5,90.0,40.0,25.0,103,6,-203.90537138710908,-302.963321021558,-948.7693390721397,74.07486891963563,-85.29575000811656,1,5,-1466.858912569287,-14.241348665721233,-1986.847443537904,-1966.4698647945645
1.5,0.65,1.5,90.0,40.0,25.0,103,8,-237.90537138710908,-338.963321021558,-1018.7693390721397,54.074868919635634,-131.29575000811656,1,5,-1672.858912569287,-16.241348665721233,-1986.847443537904,-1966.4698647945645
1.5,0.65,1.5,90.0,40.0,25.0,103,10,-271.9053713871091,-374.963321021558,-1088.7693390721397,34.074868919635634,-177.29575000811656,1,5,-1878.858912569287,-18.241348665721233,-1986.847443537904,-1966.4698647945645
1.5,0.65,1.5,90.0,40.0,25.0,103,12,-305.9053713871091,-410.963321021558,-1158.7693390721397,14.074868919635634,-223.29575000811656,1,5,-2084.858912569287,-20.241348665721233,-1986.847443537904,-1966.4698647945645
1.5,0.65,1.5,90.0,40.0,35.0,103,0,-243.50378074598814,-143.3735525706681,-548.346876011548,78.18307811684566,26.9403138155821,2,5,-830.100817395776,-8.059231236852193,-2022.925503587117,-2017.4811702181232
1.5,0.65,1.5,90.0,40.0,35.0,103,2,-277.50378074598814,-179.3735525706681,-618.346876011548,58.183078116845664,-19.0596861844179,1,5,-1036.100817395776,-10.059231236852193,-2022.925503587117,-2017.4811702181232
1.5,0.65,1.5,90.0,40.0,35.0,103,4,-311.50378074598814,-215.3735525706681,-688.346876011548,38.183078116845664,-65.0596861844179,1,5,-1242.100817395776,-12.059231236852193,-2022.925503587117,-2017.4811702181232
1.5,0.65,1.5,90.0,40.0,35.0,103,6,-345.50378074598814,-251.3735525706681,-758.346876011548,18.183078116845664,-111.0596861844179,1,5,-1448.100817395776,-14.059231236852193,-2022.925503587117,-2017.4811702181232
1.5,0.65,1.5,90.0,40.0,35.0,103,8,-379.50378074598814,-287.3735525706681,-828.346876011548,-1.8169218831543361,-157.0596861844179,0,5,-1654.100817395776,-16.059231236852195,-2022.925503587117,-2017.4811702181232
1.5,0.65,1.5,90.0,40.0,35.0,103,10,-413.50378074598814,-323.3735525706681,-898.346876011548,-21.816921883154336,-203.0596861844179,0,5,-1860.100817395776,-18.059231236852195,-2022.925503587117,-2017.4811702181232
1.5,0.65,1.5,90.0,40.0,35.0,103,12,-447.50378074598814,-359.3735525706681,-968.346876011548,-41.816921883154336,-249.0596861844179,0,5,-2066.100817395776,-20.059231236852195,-2022.925503587117,-2017.4811702181232
1.5,0.65,1.5,90.0,40.0,50.0,101,0,-322.4433655252408,-145.02126694444473,-408.4808247552487,27.9900702708332,33.51101590122079,2,5,-814.4443710528803,-8.063805653988915,-1987.269057244221,-1981.8247238752276
1.5,0.65,1.5,90.0,40.0,50.0,101,2,-356.4433655252408,-181.02126694444473,-474.4808247552487,7.9900702708332005,-12.488984098779213,1,5,-1016.4443710528803,-10.063805653988915,-1987.269057244221,-1981.8247238752276
1.5,0.65,1.5,90.0,40.0,50.0,101,4,-390.4433655252408,-217.02126694444473,-540.4808247552487,-12.0099297291668,-58.48898409877921,0,5,-1218.4443710528803,-12.063805653988915,-1987.269057244221,-1981.8247238752276
1.5,0.65,1.5,90.0,40.0,50.0,101,6,-424.4433655252408,-253.02126694444473,-606.4808247552487,-32.0099297291668,-104.48898409877921,0,5,-1420.4443710528803,-14.063805653988915,-1987.269057244221,-1981.8247238752276
1.5,0.65,1.5,90.0,40.0,50.0,101,8,-458.4433655252408,-289.02126694444473,-672.4808247552487,-52.0099297291668,-150.4889840987792,0,5,-1622.4443710528803,-16.063805653988915,-1987.269057244221,-1981.8247238752276
1.5,0.65,1.5,90.0,40.0,50.0,101,10,-492.4433655252408,-325.02126694444473,-738.4808247552487,-72.0099297291668,-196.4889840987792,0,5,-1824.4443710528803,-18.063805653988915,-1987.269057244221,-1981.8247238752276
1.5,0.65,1.5,90.0,40.0,50.0,101,12,-526.4433655252408,-361.02126694444473,-804.4808247552487,-92.0099297291668,-242.4889840987792,0,5,-2026.4443710528803,-20.063805653988915,-1987.269057244221,-1981.8247238752276
1.5,0.65,1.5,90.0,60.0,15.0,104,0,-162.27004166244626,-244.6025524459182,-401.42758172539254,176.3015003938611,182.3106224783858,2,5,-449.6880529615105,-4.3239235861683705,-1689.40586444654,-1619.4538899096312
1.5,0.65,1.5,90.0,60.0,15.0,104,2,-194.27004166244626,-278.6025524459182,-475.42758172539254,156.3015003938611,134.3106224783858,2,5,-657.6880529615105,-6.3239235861683705,-1689.40586444654,-1619.4538899096312
1.5,0.65,1.5,90.0,60.0,15.0,104,4,-226.27004166244626,-312.6025524459182,-549.4275817253925,136.3015003938611,86.3106224783858,2,5,-865.6880529615105,-8.32392358616837,-1689.40586444654,-1619.4538899096312
1.5,0.65,1.5,90.0,60.0,15.0,104,6,-258.27004166244626,-346.6025524459182,-623.4275817253925,116.30150039386108,38.310622478385795,2,5,-1073.6880529615105,-10.32392358616837,-1689.40586444654,-1619.4538899096312
1.5,0.65,1.5,90.0,60.0,15.0,104,8,-290.27004166244626,-380.6025524459182,-697.4275817253925,96.30150039386108,-9.689377521614205,1,5,-1281.6880529615105,-12.32392358616837,-1689.40586444654,-1619.4538899096312
1.5,0.65,1.5,90.0,60.0,15.0,104,10,-322.27004166244626,-414.6025524459182,-771.4275817253925,76.30150039386108,-57.689377521614205,1,5,-1489.6880529615105,-14.32392358616837,-1689.40586444654,-1619.4538899096312
1.5,0.65,1.5,90.0,60.0,15.0,104,12,-354.27004166244626,-448.6025524459182,-845.4275817253925,56.301500393861076,-105.6893775216142,1,5,-1697.6880529615105,-16.32392358616837,-1689.40586444654,-1619.4538899096312
1.5,0.65,1.5,90.0,60.0,25.0,101,0,-90.95454699560105,-220.7404045237605,-870.099693835594,175.10923763915247,274.07898065732695,2,5,-732.6064270584752,-7.2535289807769825,-1932.738438922596,-1841.5679962004244
1.5,0.65,1.5,90.0,60.0,25.0,101,2,-122.95454699560105,-254.7404045237605,-940.099693835594,155.10923763915247,228.07898065732698,2,5,-934.6064270584752,-9.253528980776982,-1932.738438922596,-1841.5679962004244
1.5,0.65,1.5,90.0,60.0,25.0,101,4,-154.95454699560105,-288.7404045237605,-1010.099693835594,135.10923763915247,182.07898065732698,2,5,-1136.6064270584752,-11.253528980776982,-1932.738438922596,-1841.5679962004244
1.5,0.65,1.5,90.0,60.0,25.0,101,6,-186.95454699560105,-322.7404045237605,-1080.099693835594,115.10923763915247,136.07898065732698,2,5,-1338.6064270584752,-13.253528980776982,-1932.738438922596,-1841.5679962004244
1.5,0.65,1.5,90.0,60.0,25.0,101,8,-218.95454699560105,-356.7404045237605,-1150.099693835594,95.10923763915247,90.07898065732698,2,5,-1540.6064270584752,-15.253528980776982,-1932.738438922596,-1841.5679962004244
1.5,0.65,1.5,90.0,60.0,25.0,101,10,-250.95454699560105,-390.7404045237605,-1220.099693835594,75.10923763915247,44.07898065732698,2,5,-1742.6064270584752,-17.25352898077698,-1932.738438922596,-1841.5679962004244
1.5,0.65,1.5,90.0,60.0,25.0,101,12,-282.95454699560105,-424.7404045237605,-1290.099693835594,55.10923763915247,-1.92101934267302,1,5,-1944.6064270584752,-19.25352898077698,-1932.738438922596,-1841.5679962004244
1.5,0.65,1.5,90.0,60.0,35.0,101,0,-219.6907194684636,-184.97764630178165,-634.0422283023496,119.21744683636248,260.7205163493177,2,5,-658.7726308869142,-6.5225012959100415,-1926.146269842051,-1800.6973938378223
1.5,0.65,1.5,90.0,60.0,35.0,101,2,-251.6907194684636,-218.97764630178165,-704.0422283023496,99.21744683636248,214.72051634931768,2,5,-860.7726308869142,-8.522501295910041,-1926.146269842051,-1800.6973938378223
1.5,0.65,1.5,90.0,60.0,35.0,101,4,-283.6907194684636,-252.97764630178165,-774.0422283023496,79.21744683636248,168.72051634931768,2,5,-1062.7726308869142,-10.522501295910041,-1926.146269842051,-1800.6973938378223
1.5,0.65,1.5,90.0,60.0,35.0,101,6,-315.6907194684636,-286.97764630178165,-844.0422283023496,59.21744683636249,122.72051634931769,2,5,-1264.7726308869142,-12.522501295910041,-1926.146269842051,-1800.6973938378223
1.5,0.65,1.5,90.0,60.0,35.0,101,8,-347.6907194684636,-320.97764630178165,-914.0422283023496,39.21744683636249,76.72051634931769,2,5,-1466.7726308869142,-14.522501295910041,-1926.146269842051,-1800.6973938378223
1.5,0.65,1.5,90.0,60.0,35.0,101,10,-379.6907194684636,-354.97764630178165,-984.0422283023496,19.21744683636249,30.72051634931769,2,5,-1668.7726308869142,-16.52250129591004,-1926.146269842051,-1800.6973938378223
1.5,0.65,1.5,90.0,60.0,35.0,101,12,-411.6907194684636,-388.97764630178165,-1054.0422283023495,-0.7825531636375089,-15.279483650682309,0,5,-1870.7726308869142,-18.52250129591004,-1926.146269842051,-1800.6973938378223
1.5,0.65,1.5,90.0,60.0,50.0,99,0,-291.7601196466776,-72.74996695351135,-482.28600352322565,69.02443899035003,267.2912184349564,2,5,-510.48043269810796,-5.156368007051595,-1757.8540716532448,-1680.2365591633484
1.5,0.65,1.5,90.0,60.0,50.0,99,2,-323.7601196466776,-106.74996695351135,-548.2860035232256,49.024438990350035,221.29121843495642,2,5,-708.480432698108,-7.156368007051595,-1757.8540716532448,-1680.2365591633484
1.5,0.65,1.5,90.0,60.0,50.0,99,4,-355.7601196466776,-140.74996695351135,-614.2860035232256,29.02443899035003,175.29121843495642,2,5,-906.480432698108,-9.156368007051595,-1757.8540716532448,-1680.2365591633484
1.5,0.65,1.5,90.0,60.0,50.0,99,6,-387.7601196466776,-174.74996695351135,-680.2860035232256,9.024438990350031,129.29121843495642,2,5,-1104.480432698108,-11.156368007051595,-1757.8540716532448,-1680.2365591633484
1.5,0.65,1.5,90.0,60.0,50.0,99,8,-419.7601196466776,-208.74996695351135,-746.2860035232256,-10.975561009649969,83.29121843495642,1,5,-1302.480432698108,-13.156368007051595,-1757.8540716532448,-1680.2365591633484
1.5,0.65,1.5,90.0,60.0,50.0,99,10,-451.7601196466776,-242.74996695351135,-812.2860035232256,-30.97556100964997,37.29121843495641,1,5,-1500.480432698108,-15.156368007051595,-1757.8540716532448,-1680.2365591633484
1.5,0.65,1.5,90.0,60.0,50.0,99,12,-483.7601196466776,-276.7499669535114,-878.2860035232256,-50.975561009649965,-8.708781565043587,0,5,-1698.480432698108,-17.156368007051597,-1757.8540716532448,-1680.2365591633484
1.5,0.65,1.5,120.0,20.0,15.0,109,0,16.938984338215363,-140.88902495870093,-29.89508938677352,38.88755293273282,41.95962368210775,3,5,-72.99795339241882,-0.6697059944258608,-1202.2097092771237,-1180.1698572113155
1.5,0.65,1.5,120.0,20.0,15.0,109,2,-21.061015661784637,-178.88902495870093,-103.89508938677352,18.887552932732817,-6.040376317892253,1,5,-290.9979533924188,-2.6697059944258608,-1202.2097092771237,-1180.1698572113155
1.5,0.65,1.5,120.0,20.0,15.0,109,4,-59.06101566178464,-216.88902495870093,-177.89508938677352,-1.1124470672671833,-54.04037631789225,0,5,-508.9979533924188,-4.66970599442586,-1202.2097092771237,-1180.1698572113155
1.5,0.65,1.5,120.0,20.0,15.0,109,6,-97.06101566178464,-254.88902495870093,-251.89508938677352,-21.112447067267183,-102.04037631789225,0,5,-726.9979533924188,-6.66970599442586,-1202.2097092771237,-1180.1698572113155
1.5,0.65,1.5,120.0,20.0,15.0,109,8,-135.06101566178464,-292.88902495870093,-325.8950893867735,-41.11244706726718,-150.04037631789225,0,5,-944.9979533924188,-8.669705994425861,-1202.2097092771237,-1180.1698572113155
1.5,0.65,1.5,120.0,20.0,15.0,109,10,-173.06101566178464,-330.88902495870093,-399.8950893867735,-61.11244706726718,-198.04037631789225,0,5,-1162.9979533924188,-10.669705994425861,-1202.2097092771237,-1180.1698572113155
1.5,0.65,1.5,120.0,20.0,15.0,109,12,-211.06101566178464,-368.88902495870093,-473.8950893867735,-81.11244706726718,-246.04037631789225,0,5,-1380.9979533924188,-12.669705994425861,-1202.2097092771237,-1180.1698572113155
1.5,0.65,1.5,120.0,20.0,25.0,106,0,100.43750132669112,-82.72439554192829,-369.8013594230879,10.65426009443216,-64.43856081950804,2,5,-405.8725543634009,-3.8289863619188766,-1505.0843102481056,-1483.0444581822976
1.5,0.65,1.5,120.0,20.0,25.0,106,2,62.43750132669112,-120.72439554192829,-439.8013594230879,-9.34573990556784,-110.43856081950804,1,5,-617.8725543634009,-5.828986361918877,-1505.0843102481056,-1483.0444581822976
1.5,0.65,1.5,120.0,20.0,25.0,106,4,24.43750132669112,-158.7243955419283,-509.8013594230879,-29.34573990556784,-156.43856081950804,1,5,-829.8725543634009,-7.828986361918877,-1505.0843102481056,-1483.0444581822976
1.5,0.65,1.5,120.0,20.0,25.0,106,6,-13.56249867330888,-196.7243955419283,-579.8013594230879,-49.34573990556784,-202.43856081950804,0,5,-1041.872554363401,-9.828986361918876,-1505.0843102481056,-1483.0444581822976
1.5,0.65,1.5,120.0,20.0,25.0,106,8,-51.56249867330888,-234.7243955419283,-649.8013594230879,-69.34573990556784,-248.43856081950804,0,5,-1253.872554363401,-11.828986361918876,-1505.0843102481056,-1483.0444581822976
1.5,0.65,1.5,120.0,20.0,25.0,106,10,-89.56249867330888,-272.7243955419283,-719.8013594230879,-89.34573990556784,-294.43856081950804,0,5,-1465.872554363401,-13.828986361918876,-1505.0843102481056,-1483.0444581822976
1.5,0.65,1.5,120.0,20.0,25.0,106,12,-127.56249867330888,-310.7243955419283,-789.8013594230879,-109.34573990556784,-340.43856081950804,0,5,-1677.872554363401,-15.828986361918876,-1505.0843102481056,-1483.0444581822976
1.5,0.65,1.5,120.0,20.0,35.0,106,0,96.4043420842548,-68.39497639692496,-261.13671518885667,-45.23753070835781,-100.7720458601325,1,5,-379.1369260700171,-3.5767634534907278,-1478.3486819547218,-1490.4321148309507
1.5,0.65,1.5,120.0,20.0,35.0,106,2,58.40434208425479,-106.39497639692496,-331.13671518885667,-65.23753070835781,-146.7720458601325,1,5,-591.1369260700171,-5.576763453490727,-1478.3486819547218,-1490.4321148309507
1.5,0.65,1.5,120.0,20.0,35.0,106,4,20.404342084254793,-144.39497639692496,-401.13671518885667,-85.23753070835781,-192.7720458601325,1,5,-803.1369260700171,-7.576763453490727,-1478.3486819547218,-1490.4321148309507
1.5,0.65,1.5,120.0,20.0,35.0,106,6,-17.595657915745207,-182.39497639692496,-471.13671518885667,-105.23753070835781,-238.7720458601325,0,5,-1015.1369260700171,-9.576763453490727,-1478.3486819547218,-1490.4321148309507
1.5,0.65,1.5,120.0,20.0,35.0,106,8,-55.59565791574521,-220.39497639692496,-541.1367151888567,-125.23753070835781,-284.7720458601325,0,5,-1227.1369260700171,-11.576763453490727,-1478.3486819547218,-1490.4321148309507
1.5,0.65,1.5,120.0,20.0,35.0,106,10,-93.5956579157452,-258.39497639692496,-611.1367151888567,-145.2375307083578,-330.7720458601325,0,5,-1439.1369260700171,-13.576763453490727,-1478.3486819547218,-1490.4321148309507
1.5,0.65,1.5,120.0,20.0,35.0,106,12,-131.59565791574522,-296.39497639692496,-681.1367151888567,-165.2375307083578,-376.7720458601325,0,5,-1651.1369260700171,-15.576763453490727,-1478.3486819547218,-1490.4321148309507
1.5,0.65,1.5,120.0,20.0,50.0,105,0,106.11703584890486,-86.83434482264528,-181.9078374357632,-95.43053855437023,-105.0315887261508,1,5,-363.08727369002463,-3.4579740351430917,-1493.3988051426372,-1464.3824624509582
1.5,0.65,1.5,120.0,20.0,50.0,105,2,68.11703584890486,-124.83434482264528,-249.9078374357632,-115.43053855437023,-151.0315887261508,1,5,-573.0872736900246,-5.457974035143092,-1493.3988051426372,-1464.3824624509582
1.5,0.65,1.5,120.0,20.0,50.0,105,4,30.117035848904862,-162.83434482264528,-317.9078374357632,-135.43053855437023,-197.0315887261508,1,5,-783.0872736900246,-7.457974035143092,-1493.3988051426372,-1464.3824624509582
1.5,0.65,1.5,120.0,20.0,50.0,105,6,-7.882964151095138,-200.83434482264528,-385.9078374357632,-155.43053855437023,-243.0315887261508,0,5,-993.0872736900246,-9.457974035143092,-1493.3988051426372,-1464.3824624509582
1.5,0.65,1.5,120.0,20.0,50.0,105,8,-45.88296415109514,-238.83434482264528,-453.9078374357632,-175.43053855437023,-289.0315887261508,0,5,-1203.0872736900246,-11.457974035143092,-1493.3988051426372,-1464.3824624509582
1.5,0.65,1.5,120.0,20.0,50.0,105,10,-83.88296415109514,-276.8343448226453,-521.9078374357632,-195.43053855437023,-335.0315887261508,0,5,-1413.0872736900246,-13.457974035143092,-1493.3988051426372,-1464.3824624509582
1.5,0.65,1.5,120.0,20.0,50.0,105,12,-121.88296415109514,-314.8343448226453,-589.9078374357632,-215.43053855437023,-381.0315887261508,0,5,-1623.0872736900246,-15.457974035143092,-1493.3988051426372,-1464.3824624509582
1.5,0.65,1.5,120.0,30.0,15.0,107,0,-111.44049482622358,-213.79896722309041,-34.46200698436871,78.89739127466014,117.11418954618009,2,5,-163.68988821284256,-1.5298120393723604,-1311.2946580256637,-1280.4787019868377
1.5,0.65,1.5,120.0,30.0,15.0,107,2,-147.44049482622358,-249.79896722309041,-108.46200698436871,58.89739127466014,69.11418954618009,2,5,-377.68988821284256,-3.52981203937236,-1311.2946580256637,-1280.4787019868377
1.5,0.65,1.5,120.0,30.0,15.0,107,4,-183.44049482622358,-285.7989672230904,-182.4620069843687,38.89739127466014,21.114189546180086,2,5,-591.6898882128426,-5.52981203937236,-1311.2946580256637,-1280.4787019868377
1.5,0.65,1.5,120.0,30.0,15.0,107,6,-219.44049482622358,-321.7989672230904,-256.4620069843687,18.897391274660137,-26.885810453819914,1,5,-805.6898882128426,-7.52981203937236,-1311.2946580256637,-1280.4787019868377
1.5,0.65,1.5,120.0,30.0,15.0,107,8,-255.44049482622358,-357.7989672230904,-330.4620069843687,-1.1026087253398629,-74.88581045381991,0,5,-1019.6898882128426,-9.529812039372361,-1311.2946580256637,-1280.4787019868377
1.5,0.65,1.5,120.0,30.0,15.0,107,10,-291.4404948262236,-393.7989672230904,-404.4620069843687,-21.102608725339863,-122.88581045381991,0,5,-1233.6898882128426,-11.529812039372361,-1311.2946580256637,-1280.4787019868377
1.5,0.65,1.5,120.0,30.0,15.0,107,12,-327.4404948262236,-429.7989672230904,-478.4620069843687,-41.10260872533986,-170.88581045381991,0,5,-1447.6898882128426,-13.529812039372361,-1311.2946580256637,-1280.4787019868377
1.5,0.65,1.5,120.0,30.0,25.0,104,0,-17.765522232886866,-187.5999675685252,-533.2329816924914,106.11100854462643,41.163555794752085,2,5,-591.3239071545247,-5.685806799562737,-1704.0036811832283,-1673.6955930037975
1.5,0.65,1.5,120.0,30.0,25.0,104,2,-53.765522232886866,-223.5999675685252,-603.2329816924914,86.11100854462643,-4.836444205247915,1,5,-799.3239071545247,-7.685806799562737,-1704.0036811832283,-1673.6955930037975
1.5,0.65,1.5,120.0,30.0,25.0,104,4,-89.76552223288687,-259.5999675685252,-673.2329816924914,66.11100854462643,-50.836444205247915,1,5,-1007.3239071545247,-9.685806799562737,-1704.0036811832283,-1673.6955930037975
1.5,0.65,1.5,120.0,30.0,25.0,104,6,-125.76552223288687,-295.5999675685252,-743.2329816924914,46.111008544626436,-96.83644420524791,1,5,-1215.3239071545247,-11.685806799562737,-1704.0036811832283,-1673.6955930037975
1.5,0.65,1.5,120.0,30.0,25.0,104,8,-161.76552223288687,-331.5999675685252,-813.2329816924914,26.111008544626436,-142.83644420524791,1,5,-1423.3239071545247,-13.685806799562737,-1704.0036811832283,-1673.6955930037975
1.5,0.65,1.5,120.0,30.0,25.0,104,10,-197.76552223288687,-367.5999675685252,-883.2329816924914,6.111008544626436,-188.83644420524791,1,5,-1631.3239071545247,-15.685806799562737,-1704.0036811832283,-1673.6955930037975
1.5,0.65,1.5,120.0,30.0,25.0,104,12,-233.76552223288687,-403.5999675685252,-953.2329816924914,-13.888991455373564,-234.83644420524791,0,5,-1839.3239071545247,-17.685806799562737,-1704.0036811832283,-1673.6955930037975
1.5,0.65,1.5,120.0,30.0,35.0,104,0,-136.1318239110143,-162.18123350535882,-339.3764133779648,50.21921774183647,20.768211951203682,2,5,-566.7020411012979,-5.44905808751248,-1719.299322943626,-1707.0755507265385
1.5,0.65,1.5,120.0,30.0,35.0,104,2,-172.1318239110143,-198.18123350535882,-409.3764133779648,30.219217741836466,-25.231788048796318,1,5,-774.7020411012979,-7.44905808751248,-1719.299322943626,-1707.0755507265385
1.5,0.65,1.5,120.0,30.0,35.0,104,4,-208.1318239110143,-234.18123350535882,-479.3764133779648,10.219217741836466,-71.23178804879632,1,5,-982.7020411012979,-9.44905808751248,-1719.299322943626,-1707.0755507265385
1.5,0.65,1.5,120.0,30.0,35.0,104,6,-244.1318239110143,-270.1812335053588,-549.3764133779648,-9.780782258163534,-117.23178804879632,0,5,-1190.702041101298,-11.44905808751248,-1719.299322943626,-1707.0755507265385
1.5,0.65,1.5,120.0,30.0,35.0,104,8,-280.1318239110143,-306.1812335053588,-619.3764133779648,-29.780782258163534,-163.23178804879632,0,5,-1398.702041101298,-13.44905808751248,-1719.299322943626,-1707.0755507265385
1.5,0.65,1.5,120.0,30.0,35.0,104,10,-316.1318239110143,-342.1812335053588,-689.3764133779648,-49.78078225816353,-209.23178804879632,0,5,-1606.702041101298,-15.44905808751248,-1719.299322943626,-1707.0755507265385
1.5,0.65,1.5,120.0,30.0,35.0,104,12,-352.1318239110143,-378.1812335053588,-759.3764133779648,-69.78078225816353,-255.23178804879632,0,5,-1814.702041101298,-17.44905808751248,-1719.299322943626,-1707.0755507265385
1.5,0.65,1.5,120.0,30.0,50.0,103,0,-191.07083339768542,-177.9635710081393,-300.72884997799974,0.02620989582399602,7.43987931723359,2,5,-662.2971651707664,-6.430069564764723,-1804.8944470130944,-1792.670674796007
1.5,0.65,1.5,120.0,30.0,50.0,103,2,-227.07083339768542,-213.9635710081393,-368.72884997799974,-19.973790104176004,-38.56012068276641,0,5,-868.2971651707664,-8.430069564764723,-1804.8944470130944,-1792.670674796007
1.5,0.65,1.5,120.0,30.0,50.0,103,4,-263.0708333976854,-249.9635710081393,-436.72884997799974,-39.973790104176004,-84.56012068276641,0,5,-1074.2971651707664,-10.430069564764723,-1804.8944470130944,-1792.670674796007
1.5,0.65,1.5,120.0,30.0,50.0,103,6,-299.0708333976854,-285.9635710081393,-504.72884997799974,-59.973790104176004,-130.5601206827664,0,5,-1280.2971651707664,-12.430069564764723,-1804.8944470130944,-1792.670674796007
1.5,0.65,1.5,120.0,30.0,50.0,103,8,-335.0708333976854,-321.9635710081393,-572.7288499779997,-79.973790104176,-176.5601206827664,0,5,-1486.2971651707664,-14.430069564764723,-1804.8944470130944,-1792.670674796007
1.5,0.65,1.5,120.0,30.0,50.0,103,10,-371.0708333976854,-357.9635710081393,-640.7288499779997,-99.973790104176,-222.5601206827664,0,5,-1692.2971651707664,-16.43006956476472,-1804.8944470130944,-1792.670674796007
1.5,0.65,1.5,120.0,30.0,50.0,103,12,-407.0708333976854,-393.9635710081393,-708.7288499779997,-119.973790104176,-268.5601206827664,0,5,-1898.2971651707664,-18.43006956476472,-1804.8944470130944,-1792.670674796007
1.5,0.65,1.5,120.0,40.0,15.0,106,0,-136.10480670395884,-223.6495665032461,-218.57565540952487,120.884245224106,81.2478367815915,2,5,-376.19794661103265,-3.549037232179553,-1553.7722772005586,-1511.4950113196032
1.5,0.65,1.5,120.0,40.0,15.0,106,2,-170.10480670395884,-259.6495665032461,-292.57565540952487,100.884245224106,33.2478367815915,2,5,-588.1979466110326,-5.549037232179553,-1553.7722772005586,-1511.4950113196032
1.5,0.65,1.5,120.0,40.0,15.0,106,4,-204.10480670395884,-295.6495665032461,-366.57565540952487,80.884245224106,-14.752163218408498,1,5,-800.1979466110326,-7.549037232179553,-1553.7722772005586,-1511.4950113196032
1.5,0.65,1.5,120.0,40.0,15.0,106,6,-238.10480670395884,-331.6495665032461,-440.57565540952487,60.884245224105996,-62.7521632184085,1,5,-1012.1979466110326,-9.549037232179554,-1553.7722772005586,-1511.4950113196032
1.5,0.65,1.5,120.0,40.0,15.0,106,8,-272.10480670395884,-367.6495665032461,-514.5756554095249,40.884245224105996,-110.7521632184085,1,5,-1224.1979466110326,-11.549037232179554,-1553.7722772005586,-1511.4950113196032
1.5,0.65,1.5,120.0,40.0,15.0,106,10,-306.10480670395884,-403.6495665032461,-588.5756554095249,20.884245224106,-158.7521632184085,1,5,-1436.1979466110326,-13.549037232179554,-1553.7722772005586,-1511.4950113196032
1.5,0.65,1.5,120.0,40.0,15.0,106,12,-340.10480670395884,-439.6495665032461,-662.5756554095249,0.8842452241059995,-206.7521632184085,1,5,-1648.1979466110326,-15.549037232179554,-1553.7722772005586,-1511.4950113196032
1.5,0.65,1.5,120.0,40.0,25.0,103,0,-101.90537138710908,-194.03412742817534,-711.6710183317118,148.0978624940723,84.23966965527188,2,5,-775.272984997652,-7.526922184443223,-1913.2615159662687,-1893.813130816312
1.5,0.65,1.5,120.0,40.0,25.0,103,2,-135.90537138710908,-230.03412742817534,-781.6710183317118,128.0978624940723,38.23966965527188,2,5,-981.272984997652,-9.526922184443222,-1913.2615159662687,-1893.813130816312
1.5,0.65,1.5,120.0,40.0,25.0,103,4,-169.90537138710908,-266.03412742817534,-851.6710183317118,108.0978624940723,-7.760330344728118,1,5,-1187.272984997652,-11.526922184443222,-1913.2615159662687,-1893.813130816312
1.5,0.65,1.5,120.0,40.0,25.0,103,6,-203.90537138710908,-302.03412742817534,-921.6710183317118,88.0978624940723,-53.76033034472812,1,5,-1393.272984997652,-13.526922184443222,-1913.2615159662687,-1893.813130816312
1.5,0.65,1.5,120.0,40.0,25.0,103,8,-237.90537138710908,-338.03412742817534,-991.6710183317118,68.0978624940723,-99.76033034472812,1,5,-1599.272984997652,-15.526922184443222,-1913.2615159662687,-1893.813130816312
1.5,0.65,1.5,120.0,40.0,25.0,103,10,-271.9053713871091,-374.03412742817534,-1061.6710183317118,48.0978624940723,-145.76033034472812,1,5,-1805.272984997652,-17.526922184443222,-1913.2615159662687,-1893.813130816312
1.5,0.65,1.5,120.0,40.0,25.0,103,12,-305.9053713871091,-410.03412742817534,-1131.6710183317118,28.097862494072302,-191.76033034472812,1,5,-2011.272984997652,-19.526922184443222,-1913.2615159662687,-1893.813130816312
1.5,0.65,1.5,120.0,40.0,35.0,103,0,-243.50378074598814,-142.4443589772855,-532.1232223927797,92.20607169128233,58.47573347897054,2,5,-767.3895569458,-7.450384048017476,-1960.2142431371408,-1955.6991033615293
1.5,0.65,1.5,120.0,40.0,35.0,103,2,-277.50378074598814,-178.4443589772855,-602.1232223927797,72.20607169128233,12.47573347897054,2,5,-973.3895569458,-9.450384048017476,-1960.2142431371408,-1955.6991033615293
1.5,0.65,1.5,120.0,40.0,35.0,103,4,-311.50378074598814,-214.4443589772855,-672.1232223927797,52.20607169128233,-33.52426652102946,1,5,-1179.3895569458,-11.450384048017476,-1960.2142431371408,-1955.6991033615293
1.5,0.65,1.5,120.0,40.0,35.0,103,6,-345.50378074598814,-250.4443589772855,-742.1232223927797,32.20607169128233,-79.52426652102946,1,5,-1385.3895569458,-13.450384048017476,-1960.2142431371408,-1955.6991033615293
1.5,0.65,1.5,120.0,40.0,35.0,103,8,-379.50378074598814,-286.4443589772855,-812.1232223927797,12.206071691282332,-125.52426652102946,1,5,-1591.3895569458,-15.450384048017476,-1960.2142431371408,-1955.6991033615293
1.5,0.65,1.5,120.0,40.0,35.0,103,10,-413.50378074598814,-322.4443589772855,-882.1232223927797,-7.793928308717668,-171.52426652102946,0,5,-1797.3895569458,-17.450384048017476,-1960.2142431371408,-1955.6991033615293
1.5,0.65,1.5,120.0,40.0,35.0,103,12,-447.50378074598814,-358.4443589772855,-952.1232223927797,-27.793928308717668,-217.52426652102946,0,5,-2003.3895569458,-19.450384048017476,-1960.2142431371408,-1955.6991033615293
1.5,0.65,1.5,120.0,40.0,50.0,101,0,-322.4433655252408,-144.09207335106214,-392.25717113648045,42.01306384526987,138.58818202779108,2,5,-678.1913641397225,-6.714765981581411,-1851.0160503310635,-1846.500910555452
1.5,0.65,1.5,120.0,40.0,50.0,101,2,-356.4433655252408,-180.09207335106214,-458.25717113648045,22.01306384526987,92.58818202779108,2,5,-880.1913641397225,-8.714765981581412,-1851.0160503310635,-1846.500910555452
1.5,0.65,1.5,120.0,40.0,50.0,101,4,-390.4433655252408,-216.09207335106214,-524.2571711364805,2.013063845269869,46.58818202779108,2,5,-1082.1913641397225,-10.714765981581412,-1851.0160503310635,-1846.500910555452
1.5,0.65,1.5,120.0,40.0,50.0,101,6,-424.4433655252408,-252.09207335106214,-590.2571711364805,-17.98693615473013,0.5881820277910776,1,5,-1284.1913641397225,-12.714765981581412,-1851.0160503310635,-1846.500910555452
1.5,0.65,1.5,120.0,40.0,50.0,101,8,-458.4433655252408,-288.09207335106214,-656.2571711364805,-37.98693615473013,-45.41181797220892,0,5,-1486.1913641397225,-14.714765981581412,-1851.0160503310635,-1846.500910555452
1.5,0.65,1.5,120.0,40.0,50.0,101,10,-492.4433655252408,-324.09207335106214,-722.2571711364805,-57.98693615473013,-91.41181797220892,0,5,-1688.1913641397225,-16.71476598158141,-1851.0160503310635,-1846.500910555452
1.5,0.65,1.5,120.0,40.0,50.0,101,12,-526.4433655252408,-360.09207335106214,-788.2571711364805,-77.98693615473013,-137.41181797220892,0,5,-1890.1913641397225,-18.71476598158141,-1851.0160503310635,-1846.500910555452
1.5,0.65,1.5,120.0,60.0,15.0,104,0,-120.8910399836069,-244.6025524459182,-378.0854733552975,190.32449396829776,168.01762414567256,2,5,-385.2369476708525,-3.704201419912043,-1624.954759155882,-1569.1576233741514
1.5,0.65,1.5,120.0,60.0,15.0,104,2,-152.8910399836069,-278.6025524459182,-452.0854733552975,170.32449396829776,120.01762414567256,2,5,-593.2369476708525,-5.704201419912043,-1624.954759155882,-1569.1576233741514
1.5,0.65,1.5,120.0,60.0,15.0,104,4,-184.8910399836069,-312.6025524459182,-526.0854733552975,150.32449396829776,72.01762414567256,2,5,-801.2369476708525,-7.704201419912043,-1624.954759155882,-1569.1576233741514
1.5,0.65,1.5,120.0,60.0,15.0,104,6,-216.8910399836069,-346.6025524459182,-600.0854733552975,130.32449396829776,24.017624145672556,2,5,-1009.2369476708525,-9.704201419912042,-1624.954759155882,-1569.1576233741514
1.5,0.65,1.5,120.0,60.0,15.0,104,8,-248.8910399836069,-380.6025524459182,-674.0854733552975,110.32449396829776,-23.982375854327444,1,5,-1217.2369476708525,-11.704201419912042,-1624.954759155882,-1569.1576233741514
1.5,0.65,1.5,120.0,60.0,15.0,104,10,-280.8910399836069,-414.6025524459182,-748.0854733552975,90.32449396829776,-71.98237585432744,1,5,-1425.2369476708525,-13.704201419912042,-1624.954759155882,-1569.1576233741514
1.5,0.65,1.5,120.0,60.0,15.0,104,12,-312.8910399836069,-448.6025524459182,-822.0854733552975,70.32449396829776,-119.98237585432744,1,5,-1633.2369476708525,-15.704201419912042,-1624.954759155882,-1569.1576233741514
1.5,0.65,1.5,120.0,60.0,25.0,101,0,-33.59419349092343,-221.76343720790157,-820.0007082980717,190.42003879375056,272.78451649897215,2,5,-612.1537837041735,-6.06092855152647,-1812.2857955682944,-1735.2701916013011
1.5,0.65,1.5,120.0,60.0,25.0,101,2,-65.59419349092343,-255.76343720790157,-890.0007082980717,170.42003879375056,226.78451649897212,2,5,-814.1537837041735,-8.060928551526471,-1812.2857955682944,-1735.2701916013011
1.5,0.65,1.5,120.0,60.0,25.0,101,4,-97.59419349092343,-289.7634372079016,-960.0007082980717,150.42003879375056,180.78451649897212,2,5,-1016.1537837041735,-10.060928551526471,-1812.2857955682944,-1735.2701916013011
1.5,0.65,1.5,120.0,60.0,25.0,101,6,-129.59419349092343,-323.7634372079016,-1030.0007082980717,130.42003879375056,134.78451649897212,2,5,-1218.1537837041735,-12.060928551526471,-1812.2857955682944,-1735.2701916013011
1.5,0.65,1.5,120.0,60.0,25.0,101,8,-161.59419349092343,-357.7634372079016,-1100.0007082980717,110.42003879375056,88.78451649897212,2,5,-1420.1537837041735,-14.060928551526471,-1812.2857955682944,-1735.2701916013011
1.5,0.65,1.5,120.0,60.0,25.0,101,10,-193.59419349092343,-391.7634372079016,-1170.0007082980717,90.42003879375056,42.78451649897213,2,5,-1622.1537837041735,-16.06092855152647,-1812.2857955682944,-1735.2701916013011
1.5,0.65,1.5,120.0,60.0,25.0,101,12,-225.59419349092343,-425.7634372079016,-1240.0007082980717,70.42003879375056,-3.215483501027869,1,5,-1824.1537837041735,-18.06092855152647,-1812.2857955682944,-1735.2701916013011
1.5,0.65,1.5,120.0,60.0,35.0,101,0,-162.33036596378605,-186.00067898592266,-551.1287846669902,134.5282479909606,259.4260521909628,2,5,-505.5055294347758,-5.005005241928473,-1772.8791683899126,-1647.17771885207
1.5,0.65,1.5,120.0,60.0,35.0,101,2,-194.33036596378605,-220.00067898592266,-621.1287846669902,114.52824799096061,213.42605219096282,2,5,-707.5055294347758,-7.005005241928473,-1772.8791683899126,-1647.17771885207
1.5,0.65,1.5,120.0,60.0,35.0,101,4,-226.33036596378605,-254.00067898592266,-691.1287846669902,94.52824799096061,167.42605219096282,2,5,-909.5055294347758,-9.005005241928473,-1772.8791683899126,-1647.17771885207
1.5,0.65,1.5,120.0,60.0,35.0,101,6,-258.33036596378605,-288.00067898592266,-761.1287846669902,74.52824799096061,121.42605219096282,2,5,-1111.5055294347758,-11.005005241928473,-1772.8791683899126,-1647.17771885207
1.5,0.65,1.5,120.0,60.0,35.0,101,8,-290.33036596378605,-322.00067898592266,-831.1287846669902,54.528247990960615,75.42605219096282,2,5,-1313.5055294347758,-13.005005241928473,-1772.8791683899126,-1647.17771885207
1.5,0.65,1.5,120.0,60.0,35.0,101,10,-322.33036596378605,-356.00067898592266,-901.1287846669902,34.528247990960615,29.42605219096282,2,5,-1515.5055294347758,-15.005005241928473,-1772.8791683899126,-1647.17771885207
1.5,0.65,1.5,120.0,60.0,35.0,101,12,-354.33036596378605,-390.00067898592266,-971.1287846669902,14.528247990960615,-16.57394780903718,1,5,-1717.5055294347758,-17.005005241928473,-1772.8791683899126,-1647.17771885207
1.5,0.65,1.5,120.0,60.0,50.0,99,0,-234.39976614199998,-78.8072175642703,-352.92485010284554,84.33524014494816,380.7531035775704,2,5,-201.0434900865971,-2.0307423241070413,-1448.417129041734,-1376.9257879672289
1.5,0.65,1.5,120.0,60.0,50.0,99,2,-266.399766142,-112.8072175642703,-418.92485010284554,64.33524014494816,334.7531035775704,2,5,-399.0434900865971,-4.030742324107042,-1448.417129041734,-1376.9257879672289
1.5,0.65,1.5,120.0,60.0,50.0,99,4,-298.399766142,-146.8072175642703,-484.92485010284554,44.33524014494815,288.7531035775704,2,5,-597.0434900865971,-6.030742324107042,-1448.417129041734,-1376.9257879672289
1.5,0.65,1.5,120.0,60.0,50.0,99,6,-330.399766142,-180.8072175642703,-550.9248501028455,24.335240144948152,242.75310357757044,2,5,-795.0434900865971,-8.030742324107042,-1448.417129041734,-1376.9257879672289
1.5,0.65,1.5,120.0,60.0,50.0,99,8,-362.399766142,-214.8072175642703,-616.9248501028455,4.335240144948152,196.75310357757044,2,5,-993.0434900865971,-10.030742324107042,-1448.417129041734,-1376.9257879672289
1.5,0.65,1.5,120.0,60.0,50.0,99,10,-394.399766142,-248.8072175642703,-682.9248501028455,-15.664759855051848,150.75310357757044,1,5,-1191.043490086597,-12.030742324107042,-1448.417129041734,-1376.9257879672289
1.5,0.65,1.5,120.0,60.0,50.0,99,12,-426.399766142,-282.80721756427033,-748.9248501028455,-35.66475985505185,104.75310357757044,1,5,-1389.043490086597,-14.030742324107042,-1448.417129041734,-1376.9257879672289
1.5,0.65,2.0,60.0,20.0,15.0,229,0,-9.995729023884905,-212.71020900145697,16.382364393530338,-30.140434867828958,12.985666044020945,2,5,-223.47834245561944,-0.9758879583214822,-2554.074427615048,-2559.548428353153
1.5,0.65,2.0,60.0,20.0,15.0,229,2,-99.9957290238849,-296.710209001457,-115.61763560646966,-74.14043486782896,-95.01433395597905,0,5,-681.4783424556194,-2.9758879583214823,-2554.074427615048,-2559.548428353153
1.5,0.65,2.0,60.0,20.0,15.0,229,4,-189.9957290238849,-380.710209001457,-247.61763560646966,-118.14043486782896,-203.01433395597905,0,5,-1139.4783424556194,-4.975887958321482,-2554.074427615048,-2559.548428353153
1.5,0.65,2.0,60.0,20.0,15.0,229,6,-279.9957290238849,-464.710209001457,-379.61763560646966,-162.14043486782896,-311.01433395597905,0,5,-1597.4783424556194,-6.975887958321482,-2554.074427615048,-2559.548428353153
1.5,0.65,2.0,60.0,20.0,15.0,229,8,-369.9957290238849,-548.710209001457,-511.61763560646966,-206.14043486782896,-419.01433395597905,0,5,-2055.4783424556194,-8.975887958321483,-2554.074427615048,-2559.548428353153
1.5,0.65,2.0,60.0,20.0,15.0,229,10,-459.9957290238849,-632.710209001457,-643.6176356064697,-250.14043486782896,-527.014333955979,0,5,-2513.4783424556194,-10.975887958321483,-2554.074427615048,-2559.548428353153
1.5,0.65,2.0,60.0,20.0,15.0,229,12,-549.9957290238849,-716.710209001457,-775.6176356064697,-294.14043486782896,-635.014333955979,0,5,-2971.4783424556194,-12.975887958321483,-2554.074427615048,-2559.548428353153
1.5,0.65,2.0,60.0,20.0,25.0,223,0,40.750061744982474,-171.04026866806953,-381.98901999547957,9.708492113576312,-63.11415816960255,2,5,-565.6848929745929,-2.5367035559398787,-2836.280978134021,-2810.950711065955
1.5,0.65,2.0,60.0,20.0,25.0,223,2,-47.249938255017526,-255.04026866806953,-509.98901999547957,-34.29150788642369,-165.11415816960255,0,5,-1011.6848929745929,-4.536703555939878,-2836.280978134021,-2810.950711065955
1.5,0.65,2.0,60.0,20.0,25.0,223,4,-135.24993825501753,-339.04026866806953,-637.9890199954796,-78.29150788642369,-267.11415816960255,0,5,-1457.684892974593,-6.536703555939878,-2836.280978134021,-2810.950711065955
1.5,0.65,2.0,60.0,20.0,25.0,223,6,-223.24993825501753,-423.04026866806953,-765.9890199954796,-122.29150788642369,-369.11415816960255,0,5,-1903.684892974593,-8.536703555939878,-2836.280978134021,-2810.950711065955
1.5,0.65,2.0,60.0,20.0,25.0,223,8,-311.2499382550175,-507.04026866806953,-893.9890199954796,-166.2915078864237,-471.11415816960255,0,5,-2349.684892974593,-10.536703555939878,-2836.280978134021,-2810.950711065955
1.5,0.65,2.0,60.0,20.0,25.0,223,10,-399.2499382550175,-591.0402686680695,-1021.9890199954796,-210.2915078864237,-573.1141581696025,0,5,-2795.684892974593,-12.536703555939878,-2836.280978134021,-2810.950711065955
1.5,0.65,2.0,60.0,20.0,25.0,223,12,-487.2499382550175,-675.0402686680695,-1149.9890199954796,-254.2915078864237,-675.1141581696025,0,5,-3241.684892974593,-14.536703555939878,-2836.280978134021,-2810.950711065955
1.5,0.65,2.0,60.0,20.0,35.0,220,0,153.34450092716338,-93.01688657782756,-412.1875724302731,-20.532271402606398,-43.74012237693364,1,5,-416.1323518604768,-1.8915106902748944,-2656.7284370199054,-2662.98618598806
1.5,0.65,2.0,60.0,20.0,35.0,220,2,65.34450092716338,-177.01688657782756,-540.1875724302731,-64.5322714026064,-139.74012237693364,1,5,-856.1323518604768,-3.8915106902748944,-2656.7284370199054,-2662.98618598806
1.5,0.65,2.0,60.0,20.0,35.0,220,4,-22.65549907283662,-261.01688657782756,-668.1875724302731,-108.5322714026064,-235.74012237693364,0,5,-1296.1323518604768,-5.891510690274894,-2656.7284370199054,-2662.98618598806
1.5,0.65,2.0,60.0,20.0,35.0,220,6,-110.65549907283662,-345.01688657782756,-796.1875724302731,-152.5322714026064,-331.74012237693364,0,5,-1736.1323518604768,-7.891510690274894,-2656.7284370199054,-2662.98618598806
1.5,0.65,2.0,60.0,20.0,35.0,220,8,-198.65549907283662,-429.01688657782756,-924.1875724302731,-196.5322714026064,-427.74012237693364,0,5,-2176.132351860477,-9.891510690274895,-2656.7284370199054,-2662.98618598806
1.5,0.65,2.0,60.0,20.0,35.0,220,10,-286.6554990728366,-513.0168865778276,-1052.1875724302731,-240.5322714026064,-523.7401223769336,0,5,-2616.132351860477,-11.891510690274895,-2656.7284370199054,-2662.98618598806
1.5,0.65,2.0,60.0,20.0,35.0,220,12,-374.6554990728366,-597.0168865778276,-1180.1875724302731,-284.5322714026064,-619.7401223769336,0,5,-3056.132351860477,-13.891510690274895,-2656.7284370199054,-2662.98618598806
1.5,0.65,2.0,60.0,20.0,50.0,218,0,157.6839746376948,-178.17584538791698,-350.89058300211036,-123.63200339852438,24.859510761018726,2,5,-470.1549463898382,-2.1566740660084323,-2707.387590605409,-2734.113313207455
1.5,0.65,2.0,60.0,20.0,50.0,218,2,71.6839746376948,-262.175845387917,-476.89058300211036,-167.63200339852438,-71.14048923898127,1,5,-906.1549463898382,-4.156674066008432,-2707.387590605409,-2734.113313207455
1.5,0.65,2.0,60.0,20.0,50.0,218,4,-14.316025362305197,-346.175845387917,-602.8905830021104,-211.63200339852438,-167.14048923898127,0,5,-1342.1549463898382,-6.156674066008432,-2707.387590605409,-2734.113313207455
1.5,0.65,2.0,60.0,20.0,50.0,218,6,-100.3160253623052,-430.175845387917,-728.8905830021104,-255.63200339852438,-263.1404892389813,0,5,-1778.1549463898382,-8.156674066008431,-2707.387590605409,-2734.113313207455
1.5,0.65,2.0,60.0,20.0,50.0,218,8,-186.3160253623052,-514.175845387917,-854.8905830021104,-299.6320033985244,-359.1404892389813,0,5,-2214.154946389838,-10.156674066008431,-2707.387590605409,-2734.113313207455
1.5,0.65,2.0,60.0,20.0,50.0,218,10,-272.3160253623052,-598.175845387917,-980.8905830021104,-343.6320033985244,-455.1404892389813,0,5,-2650.154946389838,-12.156674066008431,-2707.387590605409,-2734.113313207455
1.5,0.65,2.0,60.0,20.0,50.0,218,12,-358.3160253623052,-682.175845387917,-1106.8905830021104,-387.6320033985244,-551.1404892389812,0,5,-3086.154946389838,-14.156674066008431,-2707.387590605409,-2734.113313207455
1.5,0.65,2.0,60.0,30.0,15.0,227,0,-168.18065499217892,-213.07055468160956,13.490101615283606,-99.17113419068136,49.607347687138486,2,5,-417.32489456204803,-1.8384356588636477,-2750.9356956051647,-2756.3579865164497
1.5,0.65,2.0,60.0,30.0,15.0,227,2,-256.1806549921789,-295.07055468160956,-118.5098983847164,-143.17113419068136,-58.392652312861514,0,5,-871.324894562048,-3.8384356588636477,-2750.9356956051647,-2756.3579865164497
1.5,0.65,2.0,60.0,30.0,15.0,227,4,-344.1806549921789,-377.07055468160956,-250.5098983847164,-187.17113419068136,-166.39265231286151,0,5,-1325.324894562048,-5.838435658863648,-2750.9356956051647,-2756.3579865164497
1.5,0.65,2.0,60.0,30.0,15.0,227,6,-432.1806549921789,-459.07055468160956,-382.5098983847164,-231.17113419068136,-274.3926523128615,0,5,-1779.324894562048,-7.838435658863648,-2750.9356956051647,-2756.3579865164497
1.5,0.65,2.0,60.0,30.0,15.0,227,8,-520.1806549921789,-541.0705546816096,-514.5098983847164,-275.17113419068136,-382.3926523128615,0,5,-2233.324894562048,-9.838435658863649,-2750.9356956051647,-2756.3579865164497
1.5,0.65,2.0,60.0,30.0,15.0,227,10,-608.1806549921789,-623.0705546816096,-646.5098983847164,-319.17113419068136,-490.3926523128615,0,5,-2687.324894562048,-11.838435658863649,-2750.9356956051647,-2756.3579865164497
1.5,0.65,2.0,60.0,30.0,15.0,227,12,-696.1806549921789,-705.0705546816096,-778.5098983847164,-363.17113419068136,-598.3926523128615,0,5,-3141.324894562048,-13.838435658863649,-2750.9356956051647,-2756.3579865164497
1.5,0.65,2.0,60.0,30.0,25.0,221,0,-144.39877133723235,-203.36624411042965,-575.4526513306851,3.1113426734931977,49.31668328124732,2,5,-870.7896408236061,-3.9402246191113397,-3103.845344194134,-3119.0184649718367
1.5,0.65,2.0,60.0,30.0,25.0,221,2,-230.39877133723235,-285.36624411042965,-703.4526513306851,-40.8886573265068,-52.68331671875268,0,5,-1312.789640823606,-5.94022461911134,-3103.845344194134,-3119.0184649718367
1.5,0.65,2.0,60.0,30.0,25.0,221,4,-316.39877133723235,-367.36624411042965,-831.4526513306851,-84.8886573265068,-154.68331671875268,0,5,-1754.789640823606,-7.94022461911134,-3103.845344194134,-3119.0184649718367
1.5,0.65,2.0,60.0,30.0,25.0,221,6,-402.39877133723235,-449.36624411042965,-959.4526513306851,-128.8886573265068,-256.6833167187527,0,5,-2196.789640823606,-9.94022461911134,-3103.845344194134,-3119.0184649718367
1.5,0.65,2.0,60.0,30.0,25.0,221,8,-488.39877133723235,-531.3662441104296,-1087.452651330685,-172.8886573265068,-358.6833167187527,0,5,-2638.789640823606,-11.94022461911134,-3103.845344194134,-3119.0184649718367
1.5,0.65,2.0,60.0,30.0,25.0,221,10,-574.3987713372323,-613.3662441104296,-1215.452651330685,-216.8886573265068,-460.6833167187527,0,5,-3080.789640823606,-13.94022461911134,-3103.845344194134,-3119.0184649718367
1.5,0.65,2.0,60.0,30.0,25.0,221,12,-660.3987713372323,-695.3662441104296,-1343.452651330685,-260.8886573265068,-562.6833167187526,0,5,-3522.789640823606,-15.94022461911134,-3103.845344194134,-3119.0184649718367
1.5,0.65,2.0,60.0,30.0,35.0,218,0,-112.02114156858761,-69.04029616920519,-521.8257063055939,-15.673264543560492,117.3711404010212,1,5,-601.1892681859258,-2.7577489366326873,-2873.5082882844927,-2853.948092336049
1.5,0.65,2.0,60.0,30.0,35.0,218,2,-198.0211415685876,-151.0402961692052,-649.8257063055939,-59.67326454356049,21.371140401021194,1,5,-1037.1892681859258,-4.757748936632687,-2873.5082882844927,-2853.948092336049
1.5,0.65,2.0,60.0,30.0,35.0,218,4,-284.0211415685876,-233.0402961692052,-777.8257063055939,-103.67326454356049,-74.6288595989788,0,5,-1473.1892681859258,-6.757748936632687,-2873.5082882844927,-2853.948092336049
1.5,0.65,2.0,60.0,30.0,35.0,218,6,-370.0211415685876,-315.0402961692052,-905.8257063055939,-147.6732645435605,-170.6288595989788,0,5,-1909.1892681859258,-8.757748936632687,-2873.5082882844927,-2853.948092336049
1.5,0.65,2.0,60.0,30.0,35.0,218,8,-456.0211415685876,-397.0402961692052,-1033.825706305594,-191.6732645435605,-266.6288595989788,0,5,-2345.189268185926,-10.757748936632687,-2873.5082882844927,-2853.948092336049
1.5,0.65,2.0,60.0,30.0,35.0,218,10,-542.0211415685876,-479.0402961692052,-1161.825706305594,-235.6732645435605,-362.6288595989788,0,5,-2781.189268185926,-12.757748936632687,-2873.5082882844927,-2853.948092336049
1.5,0.65,2.0,60.0,30.0,35.0,218,12,-628.0211415685876,-561.0402961692052,-1289.825706305594,-279.6732645435605,-458.6288595989788,0,5,-3217.189268185926,-14.757748936632687,-2873.5082882844927,-2853.948092336049
1.5,0.65,2.0,60.0,30.0,50.0,216,0,-162.24126036274447,-170.90187393557198,-479.59210348763236,-64.02802707515269,210.56397989395163,1,5,-666.1992849671497,-3.084255948921989,-2965.367716148864,-2946.6463202249697
1.5,0.65,2.0,60.0,30.0,50.0,216,2,-246.24126036274447,-252.90187393557198,-605.5921034876324,-108.02802707515269,114.56397989395163,1,5,-1098.1992849671497,-5.084255948921989,-2965.367716148864,-2946.6463202249697
1.5,0.65,2.0,60.0,30.0,50.0,216,4,-330.24126036274447,-334.901873935572,-731.5921034876324,-152.0280270751527,18.563979893951625,1,5,-1530.1992849671497,-7.084255948921989,-2965.367716148864,-2946.6463202249697
1.5,0.65,2.0,60.0,30.0,50.0,216,6,-414.24126036274447,-416.901873935572,-857.5921034876324,-196.0280270751527,-77.43602010604837,0,5,-1962.1992849671497,-9.084255948921989,-2965.367716148864,-2946.6463202249697
1.5,0.65,2.0,60.0,30.0,50.0,216,8,-498.24126036274447,-498.901873935572,-983.5921034876324,-240.0280270751527,-173.43602010604837,0,5,-2394.1992849671497,-11.084255948921989,-2965.367716148864,-2946.6463202249697
1.5,0.65,2.0,60.0,30.0,50.0,216,10,-582.2412603627445,-580.901873935572,-1109.5921034876324,-284.0280270751527,-269.4360201060484,0,5,-2826.1992849671497,-13.084255948921989,-2965.367716148864,-2946.6463202249697
1.5,0.65,2.0,60.0,30.0,50.0,216,12,-666.2412603627445,-662.901873935572,-1235.5921034876324,-328.0280270751527,-365.4360201060484,0,5,-3258.1992849671497,-15.084255948921989,-2965.367716148864,-2946.6463202249697
1.5,0.65,2.0,60.0,40.0,15.0,226,0,-241.45500903461436,-233.25859511380122,-119.05474418261213,-52.67075161258293,14.780082945743175,1,5,-631.6590169978672,-2.79495140264543,-2990.2166642525767,-2985.4292864940903
1.5,0.65,2.0,60.0,40.0,15.0,226,2,-327.45500903461436,-315.2585951138012,-251.05474418261213,-96.67075161258293,-93.21991705425683,0,5,-1083.6590169978672,-4.79495140264543,-2990.2166642525767,-2985.4292864940903
1.5,0.65,2.0,60.0,40.0,15.0,226,4,-413.45500903461436,-397.2585951138012,-383.0547441826121,-140.67075161258293,-201.21991705425683,0,5,-1535.6590169978672,-6.79495140264543,-2990.2166642525767,-2985.4292864940903
1.5,0.65,2.0,60.0,40.0,15.0,226,6,-499.45500903461436,-479.2585951138012,-515.0547441826121,-184.67075161258293,-309.2199170542568,0,5,-1987.6590169978672,-8.79495140264543,-2990.2166642525767,-2985.4292864940903
1.5,0.65,2.0,60.0,40.0,15.0,226,8,-585.4550090346144,-561.2585951138012,-647.0547441826121,-228.67075161258293,-417.2199170542568,0,5,-2439.659016997867,-10.79495140264543,-2990.2166642525767,-2985.4292864940903
1.5,0.65,2.0,60.0,40.0,15.0,226,10,-671.4550090346144,-643.2585951138012,-779.0547441826121,-272.67075161258293,-525.2199170542568,0,5,-2891.659016997867,-12.79495140264543,-2990.2166642525767,-2985.4292864940903
1.5,0.65,2.0,60.0,40.0,15.0,226,12,-757.4550090346144,-725.2585951138012,-911.0547441826121,-316.67075161258293,-633.2199170542568,0,5,-3343.659016997867,-14.79495140264543,-2990.2166642525767,-2985.4292864940903
1.5,0.65,2.0,60.0,40.0,25.0,220,0,-262.1476766499617,-219.34046461855405,-751.5786878589029,61.26565009062671,78.23202182312355,2,5,-1093.5691572136689,-4.970768896425768,-3356.594421360902,-3361.391321695952
1.5,0.65,2.0,60.0,40.0,25.0,220,2,-346.1476766499617,-301.34046461855405,-879.5786878589029,17.265650090626707,-23.767978176876454,1,5,-1533.5691572136689,-6.970768896425768,-3356.594421360902,-3361.391321695952
1.5,0.65,2.0,60.0,40.0,25.0,220,4,-430.1476766499617,-383.34046461855405,-1007.5786878589029,-26.734349909373293,-125.76797817687645,0,5,-1973.5691572136689,-8.970768896425767,-3356.594421360902,-3361.391321695952
1.5,0.65,2.0,60.0,40.0,25.0,220,6,-514.1476766499617,-465.34046461855405,-1135.5786878589029,-70.7343499093733,-227.76797817687645,0,5,-2413.569157213669,-10.970768896425767,-3356.594421360902,-3361.391321695952
1.5,0.65,2.0,60.0,40.0,25.0,220,8,-598.1476766499617,-547.340464618554,-1263.5786878589029,-114.7343499093733,-329.76797817687645,0,5,-2853.569157213669,-12.970768896425767,-3356.594421360902,-3361.391321695952
1.5,0.65,2.0,60.0,40.0,25.0,220,10,-682.1476766499617,-629.340464618554,-1391.5786878589029,-158.7343499093733,-431.76797817687645,0,5,-3293.569157213669,-14.970768896425767,-3356.594421360902,-3361.391321695952
1.5,0.65,2.0,60.0,40.0,25.0,220,12,-766.1476766499617,-711.340464618554,-1519.5786878589029,-202.7343499093733,-533.7679781768765,0,5,-3733.569157213669,-16.970768896425767,-3356.594421360902,-3361.391321695952
1.5,0.65,2.0,60.0,40.0,35.0,217,0,-235.81094318516,-118.3855009444535,-712.2621359220641,61.55095087907662,227.9401231776713,2,5,-776.96750599493,-3.5804954193314744,-3090.400317693789,-3019.726330145053
1.5,0.65,2.0,60.0,40.0,35.0,217,2,-319.81094318516,-200.3855009444535,-840.2621359220641,17.550950879076623,131.9401231776713,2,5,-1210.96750599493,-5.580495419331474,-3090.400317693789,-3019.726330145053
1.5,0.65,2.0,60.0,40.0,35.0,217,4,-403.81094318516,-282.3855009444535,-968.2621359220641,-26.449049120923377,35.940123177671296,1,5,-1644.96750599493,-7.580495419331474,-3090.400317693789,-3019.726330145053
1.5,0.65,2.0,60.0,40.0,35.0,217,6,-487.81094318516,-364.3855009444535,-1096.262135922064,-70.44904912092338,-60.059876822328704,0,5,-2078.96750599493,-9.580495419331475,-3090.400317693789,-3019.726330145053
1.5,0.65,2.0,60.0,40.0,35.0,217,8,-571.81094318516,-446.3855009444535,-1224.262135922064,-114.44904912092338,-156.0598768223287,0,5,-2512.96750599493,-11.580495419331475,-3090.400317693789,-3019.726330145053
1.5,0.65,2.0,60.0,40.0,35.0,217,10,-655.81094318516,-528.3855009444535,-1352.262135922064,-158.44904912092338,-252.0598768223287,0,5,-2946.96750599493,-13.580495419331475,-3090.400317693789,-3019.726330145053
1.5,0.65,2.0,60.0,40.0,35.0,217,12,-739.81094318516,-610.3855009444535,-1480.262135922064,-202.44904912092338,-348.0598768223287,0,5,-3380.96750599493,-15.580495419331475,-3090.400317693789,-3019.726330145053
1.5,0.65,2.0,60.0,40.0,50.0,214,0,-216.72070719594183,-220.24707871082035,-564.6967060487248,13.19618834748448,325.9885339683756,2,5,-662.4797696396267,-3.095699858129097,-2991.875605170353,-2963.062339619898
1.5,0.65,2.0,60.0,40.0,50.0,214,2,-298.7207071959418,-302.24707871082035,-688.6967060487248,-30.80381165251552,229.98853396837555,1,5,-1090.4797696396267,-5.095699858129097,-2991.875605170353,-2963.062339619898
1.5,0.65,2.0,60.0,40.0,50.0,214,4,-380.7207071959418,-384.24707871082035,-812.6967060487248,-74.80381165251552,133.98853396837555,1,5,-1518.4797696396267,-7.095699858129097,-2991.875605170353,-2963.062339619898
1.5,0.65,2.0,60.0,40.0,50.0,214,6,-462.7207071959418,-466.24707871082035,-936.6967060487248,-118.80381165251552,37.98853396837555,1,5,-1946.4797696396267,-9.095699858129096,-2991.875605170353,-2963.062339619898
1.5,0.65,2.0,60.0,40.0,50.0,214,8,-544.7207071959418,-548.2470787108203,-1060.6967060487248,-162.80381165251552,-58.01146603162445,0,5,-2374.4797696396267,-11.095699858129096,-2991.875605170353,-2963.062339619898
1.5,0.65,2.0,60.0,40.0,50.0,214,10,-626.7207071959418,-630.2470787108203,-1184.6967060487248,-206.80381165251552,-154.01146603162445,0,5,-2802.4797696396267,-13.095699858129096,-2991.875605170353,-2963.062339619898
1.5,0.65,2.0,60.0,40.0,50.0,214,12,-708.7207071959418,-712.2470787108203,-1308.6967060487248,-250.80381165251552,-250.01146603162445,0,5,-3230.4797696396267,-15.095699858129096,-2991.875605170353,-2963.062339619898
1.5,0.65,2.0,60.0,60.0,15.0,221,0,-312.6771449671513,-293.05110532186916,-383.3503384215452,41.710221464053035,264.0068187919699,2,5,-683.361548454543,-3.092133703414222,-3100.304293999111,-3029.0124677056297
1.5,0.65,2.0,60.0,60.0,15.0,221,2,-396.6771449671513,-373.05110532186916,-511.3503384215452,-2.289778535946965,158.00681879196992,1,5,-1125.361548454543,-5.092133703414222,-3100.304293999111,-3029.0124677056297
1.5,0.65,2.0,60.0,60.0,15.0,221,4,-480.6771449671513,-453.05110532186916,-639.3503384215452,-46.289778535946965,52.00681879196992,1,5,-1567.361548454543,-7.092133703414222,-3100.304293999111,-3029.0124677056297
1.5,0.65,2.0,60.0,60.0,15.0,221,6,-564.6771449671513,-533.0511053218692,-767.3503384215452,-90.28977853594697,-53.99318120803008,0,5,-2009.361548454543,-9.092133703414222,-3100.304293999111,-3029.0124677056297
1.5,0.65,2.0,60.0,60.0,15.0,221,8,-648.6771449671513,-613.0511053218692,-895.3503384215452,-134.28977853594697,-159.99318120803008,0,5,-2451.361548454543,-11.092133703414222,-3100.304293999111,-3029.0124677056297
1.5,0.65,2.0,60.0,60.0,15.0,221,10,-732.6771449671513,-693.0511053218692,-1023.3503384215452,-178.28977853594697,-265.9931812080301,0,5,-2893.361548454543,-13.092133703414222,-3100.304293999111,-3029.0124677056297
1.5,0.65,2.0,60.0,60.0,15.0,221,12,-816.6771449671513,-773.0511053218692,-1151.350338421545,-222.28977853594697,-371.9931812080301,0,5,-3335.361548454543,-15.092133703414222,-3100.304293999111,-3029.0124677056297
1.5,0.65,2.0,60.0,60.0,25.0,215,0,-304.0992297600628,-307.6693589711863,-971.413845211516,140.99533445101775,379.27306081371194,2,5,-1062.9140386780355,-4.943786226409467,-3379.155147357462,-3317.7606901229506
1.5,0.65,2.0,60.0,60.0,25.0,215,2,-386.0992297600628,-387.6693589711863,-1095.413845211516,96.99533445101774,279.27306081371194,2,5,-1492.9140386780355,-6.943786226409467,-3379.155147357462,-3317.7606901229506
1.5,0.65,2.0,60.0,60.0,25.0,215,4,-468.0992297600628,-467.6693589711863,-1219.413845211516,52.99533445101774,179.27306081371194,2,5,-1922.9140386780355,-8.943786226409467,-3379.155147357462,-3317.7606901229506
1.5,0.65,2.0,60.0,60.0,25.0,215,6,-550.0992297600628,-547.6693589711863,-1343.413845211516,8.99533445101774,79.27306081371192,2,5,-2352.9140386780355,-10.943786226409467,-3379.155147357462,-3317.7606901229506
1.5,0.65,2.0,60.0,60.0,25.0,215,8,-632.0992297600628,-627.6693589711863,-1467.413845211516,-35.00466554898226,-20.726939186288078,0,5,-2782.9140386780355,-12.943786226409467,-3379.155147357462,-3317.7606901229506
1.5,0.65,2.0,60.0,60.0,25.0,215,10,-714.0992297600628,-707.6693589711863,-1591.413845211516,-79.00466554898226,-120.72693918628808,0,5,-3212.9140386780355,-14.943786226409467,-3379.155147357462,-3317.7606901229506
1.5,0.65,2.0,60.0,60.0,25.0,215,12,-796.0992297600628,-787.6693589711863,-1715.413845211516,-123.00466554898226,-220.72693918628806,0,5,-3642.9140386780355,-16.94378622640947,-3379.155147357462,-3317.7606901229506
1.5,0.65,2.0,60.0,60.0,35.0,212,0,-106.05361417275424,-208.6467438572139,-914.487257215111,150.55702819728694,539.9558083157486,2,5,-538.6747787320437,-2.54091876760398,-2916.8425195801083,-2793.429041974573
1.5,0.65,2.0,60.0,60.0,35.0,212,2,-188.05361417275424,-288.6467438572139,-1038.487257215111,106.55702819728694,445.95580831574864,2,5,-962.6747787320437,-4.54091876760398,-2916.8425195801083,-2793.429041974573
1.5,0.65,2.0,60.0,60.0,35.0,212,4,-270.05361417275424,-368.6467438572139,-1162.487257215111,62.55702819728694,351.95580831574864,2,5,-1386.6747787320437,-6.54091876760398,-2916.8425195801083,-2793.429041974573
1.5,0.65,2.0,60.0,60.0,35.0,212,6,-352.05361417275424,-448.6467438572139,-1286.487257215111,18.55702819728694,257.95580831574864,2,5,-1810.6747787320437,-8.54091876760398,-2916.8425195801083,-2793.429041974573
1.5,0.65,2.0,60.0,60.0,35.0,212,8,-434.05361417275424,-528.6467438572139,-1410.487257215111,-25.44297180271306,163.95580831574864,1,5,-2234.6747787320437,-10.54091876760398,-2916.8425195801083,-2793.429041974573
1.5,0.65,2.0,60.0,60.0,35.0,212,10,-516.0536141727542,-608.6467438572139,-1534.487257215111,-69.44297180271306,69.95580831574865,1,5,-2658.6747787320437,-12.54091876760398,-2916.8425195801083,-2793.429041974573
1.5,0.65,2.0,60.0,60.0,35.0,212,12,-598.0536141727542,-688.6467438572139,-1658.487257215111,-113.44297180271306,-24.044191684251345,0,5,-3082.6747787320437,-14.54091876760398,-2916.8425195801083,-2793.429041974573
1.5,0.65,2.0,60.0,60.0,50.0,209,0,-77.47306165401807,-154.2590961634046,-928.9349198503592,102.20226566569484,660.8225190283039,2,5,-397.64229297378324,-1.9025947032238433,-2792.659444904996,-2685.53654967503
1.5,0.65,2.0,60.0,60.0,50.0,209,2,-157.47306165401807,-234.2590961634046,-1048.9349198503592,58.20226566569484,566.8225190283039,2,5,-815.6422929737832,-3.9025947032238433,-2792.659444904996,-2685.53654967503
1.5,0.65,2.0,60.0,60.0,50.0,209,4,-237.47306165401807,-314.2590961634046,-1168.9349198503592,14.202265665694839,472.8225190283039,2,5,-1233.6422929737832,-5.902594703223843,-2792.659444904996,-2685.53654967503
1.5,0.65,2.0,60.0,60.0,50.0,209,6,-317.47306165401807,-394.2590961634046,-1288.9349198503592,-29.79773433430516,378.8225190283039,1,5,-1651.6422929737832,-7.902594703223843,-2792.659444904996,-2685.53654967503
1.5,0.65,2.0,60.0,60.0,50.0,209,8,-397.47306165401807,-474.2590961634046,-1408.9349198503592,-73.79773433430516,284.8225190283039,1,5,-2069.6422929737832,-9.902594703223842,-2792.659444904996,-2685.53654967503
1.5,0.65,2.0,60.0,60.0,50.0,209,10,-477.47306165401807,-554.2590961634046,-1528.9349198503592,-117.79773433430516,190.82251902830384,1,5,-2487.6422929737832,-11.902594703223842,-2792.659444904996,-2685.53654967503
1.5,0.65,2.0,60.0,60.0,50.0,209,12,-557.473061654018,-634.2590961634046,-1648.9349198503592,-161.79773433430518,96.82251902830384,1,5,-2905.6422929737832,-13.902594703223842,-2792.659444904996,-2685.53654967503
1.5,0.65,2.0,90.0,20.0,15.0,229,0,-23.146757620651613,-212.71020900145697,-14.781560474912453,-30.140434867828958,12.985666044020945,1,5,-267.7932959208292,-1.169403038955586,-2598.3893810802574,-2568.818569656785
1.5,0.65,2.0,90.0,20.0,15.0,229,2,-113.14675762065161,-296.710209001457,-146.78156047491245,-74.14043486782896,-95.01433395597905,0,5,-725.7932959208292,-3.1694030389555863,-2598.3893810802574,-2568.818569656785
1.5,0.65,2.0,90.0,20.0,15.0,229,4,-203.1467576206516,-380.710209001457,-278.78156047491245,-118.14043486782896,-203.01433395597905,0,5,-1183.7932959208292,-5.169403038955586,-2598.3893810802574,-2568.818569656785
1.5,0.65,2.0,90.0,20.0,15.0,229,6,-293.1467576206516,-464.710209001457,-410.78156047491245,-162.14043486782896,-311.01433395597905,0,5,-1641.7932959208292,-7.169403038955586,-2598.3893810802574,-2568.818569656785
1.5,0.65,2.0,90.0,20.0,15.0,229,8,-383.1467576206516,-548.710209001457,-542.7815604749125,-206.14043486782896,-419.01433395597905,0,5,-2099.793295920829,-9.169403038955586,-2598.3893810802574,-2568.818569656785
1.5,0.65,2.0,90.0,20.0,15.0,229,10,-473.1467576206516,-632.710209001457,-674.7815604749125,-250.14043486782896,-527.014333955979,0,5,-2557.793295920829,-11.169403038955586,-2598.3893810802574,-2568.818569656785
1.5,0.65,2.0,90.0,20.0,15.0,229,12,-563.1467576206517,-716.710209001457,-806.7815604749125,-294.14043486782896,-635.014333955979,0,5,-3015.793295920829,-13.169403038955586,-2598.3893810802574,-2568.818569656785
1.5,0.65,2.0,90.0,20.0,25.0,223,0,30.889944463523022,-170.86737164558122,-382.59121315368554,9.708492113576312,-92.52399616464902,2,5,-605.3841443868168,-2.714727104873618,-2875.980229546245,-2846.4094181227724
1.5,0.65,2.0,90.0,20.0,25.0,223,2,-57.11005553647698,-254.86737164558122,-510.59121315368554,-34.29150788642369,-194.52399616464902,0,5,-1051.3841443868168,-4.714727104873618,-2875.980229546245,-2846.4094181227724
1.5,0.65,2.0,90.0,20.0,25.0,223,4,-145.11005553647698,-338.8673716455812,-638.5912131536855,-78.29150788642369,-296.523996164649,0,5,-1497.3841443868168,-6.714727104873618,-2875.980229546245,-2846.4094181227724
1.5,0.65,2.0,90.0,20.0,25.0,223,6,-233.11005553647698,-422.8673716455812,-766.5912131536855,-122.29150788642369,-398.523996164649,0,5,-1943.3841443868168,-8.714727104873619,-2875.980229546245,-2846.4094181227724
1.5,0.65,2.0,90.0,20.0,25.0,223,8,-321.110055536477,-506.8673716455812,-894.5912131536855,-166.2915078864237,-500.523996164649,0,5,-2389.384144386817,-10.714727104873619,-2875.980229546245,-2846.4094181227724
1.5,0.65,2.0,90.0,20.0,25.0,223,10,-409.110055536477,-590.8673716455812,-1022.5912131536855,-210.2915078864237,-602.523996164649,0,5,-2835.384144386817,-12.714727104873619,-2875.980229546245,-2846.4094181227724
1.5,0.65,2.0,90.0,20.0,25.0,223,12,-497.110055536477,-674.8673716455812,-1150.5912131536857,-254.2915078864237,-704.523996164649,0,5,-3281.384144386817,-14.714727104873619,-2875.980229546245,-2846.4094181227724
1.5,0.65,2.0,90.0,20.0,35.0,220,0,143.48438364570387,-70.76297766293658,-403.7916821313486,-20.532271402606398,-90.20943971095949,1,5,-441.81198726214643,-2.008236305737029,-2685.7331399206905,-2688.665821389729
1.5,0.65,2.0,90.0,20.0,35.0,220,2,55.48438364570387,-154.76297766293658,-531.7916821313486,-64.5322714026064,-186.2094397109595,1,5,-881.8119872621464,-4.00823630573703,-2685.7331399206905,-2688.665821389729
1.5,0.65,2.0,90.0,20.0,35.0,220,4,-32.51561635429613,-238.76297766293658,-659.7916821313486,-108.5322714026064,-282.2094397109595,0,5,-1321.8119872621464,-6.00823630573703,-2685.7331399206905,-2688.665821389729
1.5,0.65,2.0,90.0,20.0,35.0,220,6,-120.51561635429613,-322.7629776629366,-787.7916821313486,-152.5322714026064,-378.2094397109595,0,5,-1761.8119872621464,-8.008236305737029,-2685.7331399206905,-2688.665821389729
1.5,0.65,2.0,90.0,20.0,35.0,220,8,-208.51561635429613,-406.7629776629366,-915.7916821313486,-196.5322714026064,-474.2094397109595,0,5,-2201.8119872621464,-10.008236305737029,-2685.7331399206905,-2688.665821389729
1.5,0.65,2.0,90.0,20.0,35.0,220,10,-296.5156163542961,-490.7629776629366,-1043.7916821313486,-240.5322714026064,-570.2094397109595,0,5,-2641.8119872621464,-12.008236305737029,-2685.7331399206905,-2688.665821389729
1.5,0.65,2.0,90.0,20.0,35.0,220,12,-384.5156163542961,-574.7629776629366,-1171.7916821313486,-284.5322714026064,-666.2094397109595,0,5,-3081.8119872621464,-14.008236305737029,-2685.7331399206905,-2688.665821389729
1.5,0.65,2.0,90.0,20.0,50.0,217,0,191.2677204313755,-164.73245510424726,-280.2673200068142,-132.03239083256693,11.482331893335527,2,5,-374.2821136189168,-1.7248023669074508,-2628.169747226508,-2591.1359477465
1.5,0.65,2.0,90.0,20.0,50.0,217,2,105.2677204313755,-248.73245510424726,-404.2673200068142,-176.03239083256693,-84.51766810666447,1,5,-808.2821136189168,-3.7248023669074506,-2628.169747226508,-2591.1359477465
1.5,0.65,2.0,90.0,20.0,50.0,217,4,19.267720431375494,-332.73245510424726,-528.2673200068142,-220.03239083256693,-180.51766810666447,1,5,-1242.2821136189168,-5.724802366907451,-2628.169747226508,-2591.1359477465
1.5,0.65,2.0,90.0,20.0,50.0,217,6,-66.7322795686245,-416.73245510424726,-652.2673200068142,-264.03239083256693,-276.5176681066645,0,5,-1676.2821136189168,-7.724802366907451,-2628.169747226508,-2591.1359477465
1.5,0.65,2.0,90.0,20.0,50.0,217,8,-152.7322795686245,-500.73245510424726,-776.2673200068142,-308.03239083256693,-372.5176681066645,0,5,-2110.282113618917,-9.72480236690745,-2628.169747226508,-2591.1359477465
1.5,0.65,2.0,90.0,20.0,50.0,217,10,-238.7322795686245,-584.7324551042473,-900.2673200068142,-352.03239083256693,-468.5176681066645,0,5,-2544.282113618917,-11.72480236690745,-2628.169747226508,-2591.1359477465
1.5,0.65,2.0,90.0,20.0,50.0,217,12,-324.7322795686245,-668.7324551042473,-1024.2673200068143,-396.03239083256693,-564.5176681066645,0,5,-2978.282113618917,-13.72480236690745,-2628.169747226508,-2591.1359477465
1.5,0.65,2.0,90.0,30.0,15.0,227,0,-181.33168358894568,-213.07055468160956,10.292510890931112,-99.17113419068136,87.76277872140508,2,5,-395.5180828489001,-1.7423704090259917,-2729.1288838920173,-2712.306896622895
1.5,0.65,2.0,90.0,30.0,15.0,227,2,-269.3316835889457,-295.07055468160956,-121.70748910906889,-143.17113419068136,-20.237221278594916,0,5,-849.5180828489001,-3.742370409025992,-2729.1288838920173,-2712.306896622895
1.5,0.65,2.0,90.0,30.0,15.0,227,4,-357.3316835889457,-377.07055468160956,-253.7074891090689,-187.17113419068136,-128.23722127859492,0,5,-1303.5180828489001,-5.742370409025992,-2729.1288838920173,-2712.306896622895
1.5,0.65,2.0,90.0,30.0,15.0,227,6,-445.3316835889457,-459.07055468160956,-385.7074891090689,-231.17113419068136,-236.23722127859492,0,5,-1757.5180828489001,-7.742370409025992,-2729.1288838920173,-2712.306896622895
1.5,0.65,2.0,90.0,30.0,15.0,227,8,-533.3316835889457,-541.0705546816096,-517.7074891090689,-275.17113419068136,-344.2372212785949,0,5,-2211.5180828489,-9.742370409025991,-2729.1288838920173,-2712.306896622895
1.5,0.65,2.0,90.0,30.0,15.0,227,10,-621.3316835889457,-623.0705546816096,-649.7074891090689,-319.17113419068136,-452.2372212785949,0,5,-2665.5180828489,-11.742370409025991,-2729.1288838920173,-2712.306896622895
1.5,0.65,2.0,90.0,30.0,15.0,227,12,-709.3316835889457,-705.0705546816096,-781.7074891090689,-363.17113419068136,-560.2372212785949,0,5,-3119.5180828489,-13.742370409025991,-2729.1288838920173,-2712.306896622895
1.5,0.65,2.0,90.0,30.0,25.0,221,0,-137.3449420079628,-203.19334708794145,-601.2398126436185,3.1113426734931977,75.80826113519834,2,5,-862.8584979308312,-3.904337094709643,-3095.9142013013598,-3104.824608023401
1.5,0.65,2.0,90.0,30.0,25.0,221,2,-223.3449420079628,-285.19334708794145,-729.2398126436185,-40.8886573265068,-26.191738864801664,0,5,-1304.8584979308312,-5.904337094709644,-3095.9142013013598,-3104.824608023401
1.5,0.65,2.0,90.0,30.0,25.0,221,4,-309.3449420079628,-367.19334708794145,-857.2398126436185,-84.8886573265068,-128.19173886480166,0,5,-1746.8584979308312,-7.904337094709644,-3095.9142013013598,-3104.824608023401
1.5,0.65,2.0,90.0,30.0,25.0,221,6,-395.3449420079628,-449.19334708794145,-985.2398126436185,-128.8886573265068,-230.19173886480166,0,5,-2188.858497930831,-9.904337094709643,-3095.9142013013598,-3104.824608023401
1.5,0.65,2.0,90.0,30.0,25.0,221,8,-481.3449420079628,-531.1933470879414,-1113.2398126436185,-172.8886573265068,-332.19173886480166,0,5,-2630.858497930831,-11.904337094709643,-3095.9142013013598,-3104.824608023401
1.5,0.65,2.0,90.0,30.0,25.0,221,10,-567.3449420079628,-613.1933470879414,-1241.2398126436185,-216.8886573265068,-434.19173886480166,0,5,-3072.858497930831,-13.904337094709643,-3095.9142013013598,-3104.824608023401
1.5,0.65,2.0,90.0,30.0,25.0,221,12,-653.3449420079628,-695.1933470879414,-1369.2398126436185,-260.8886573265068,-536.1917388648017,0,5,-3514.858497930831,-15.904337094709643,-3095.9142013013598,-3104.824608023401
1.5,0.65,2.0,90.0,30.0,35.0,218,0,-140.45057981245225,-83.37033830758617,-535.362824362616,-15.673264543560492,126.80323891599278,1,5,-648.0537681102223,-2.9727237069276256,-2929.7997006047544,-2900.812592260345
1.5,0.65,2.0,90.0,30.0,35.0,218,2,-226.45057981245225,-165.37033830758617,-663.362824362616,-59.67326454356049,30.80323891599278,1,5,-1084.0537681102223,-4.972723706927625,-2929.7997006047544,-2900.812592260345
1.5,0.65,2.0,90.0,30.0,35.0,218,4,-312.45057981245225,-247.37033830758617,-791.362824362616,-103.67326454356049,-65.19676108400722,0,5,-1520.0537681102223,-6.972723706927625,-2929.7997006047544,-2900.812592260345
1.5,0.65,2.0,90.0,30.0,35.0,218,6,-398.45057981245225,-329.37033830758617,-919.362824362616,-147.6732645435605,-161.19676108400722,0,5,-1956.0537681102223,-8.972723706927626,-2929.7997006047544,-2900.812592260345
1.5,0.65,2.0,90.0,30.0,35.0,218,8,-484.45057981245225,-411.37033830758617,-1047.362824362616,-191.6732645435605,-257.1967610840072,0,5,-2392.0537681102223,-10.972723706927626,-2929.7997006047544,-2900.812592260345
1.5,0.65,2.0,90.0,30.0,35.0,218,10,-570.4505798124522,-493.37033830758617,-1175.362824362616,-235.6732645435605,-353.1967610840072,0,5,-2828.0537681102223,-12.972723706927626,-2929.7997006047544,-2900.812592260345
1.5,0.65,2.0,90.0,30.0,35.0,218,12,-656.4505798124522,-575.3703383075862,-1303.362824362616,-279.6732645435605,-449.1967610840072,0,5,-3264.0537681102223,-14.972723706927626,-2929.7997006047544,-2900.812592260345
1.5,0.65,2.0,90.0,30.0,50.0,215,0,-147.22683553146896,-174.68278482595713,-499.60782339745697,-119.2454421162899,304.9197339884414,1,5,-635.843151882731,-2.9574100087568884,-2957.048617885963,-2889.6651876602045
1.5,0.65,2.0,90.0,30.0,50.0,215,2,-231.22683553146896,-256.6827848259571,-623.607823397457,-163.2454421162899,208.91973398844138,1,5,-1065.843151882731,-4.957410008756889,-2957.048617885963,-2889.6651876602045
1.5,0.65,2.0,90.0,30.0,50.0,215,4,-315.22683553146896,-338.6827848259571,-747.607823397457,-207.2454421162899,112.91973398844138,1,5,-1495.843151882731,-6.957410008756889,-2957.048617885963,-2889.6651876602045
1.5,0.65,2.0,90.0,30.0,50.0,215,6,-399.22683553146896,-420.6827848259571,-871.607823397457,-251.2454421162899,16.91973398844138,1,5,-1925.843151882731,-8.957410008756888,-2957.048617885963,-2889.6651876602045
1.5,0.65,2.0,90.0,30.0,50.0,215,8,-483.22683553146896,-502.6827848259571,-995.607823397457,-295.2454421162899,-79.08026601155862,0,5,-2355.843151882731,-10.957410008756888,-2957.048617885963,-2889.6651876602045
1.5,0.65,2.0,90.0,30.0,50.0,215,10,-567.226835531469,-584.6827848259571,-1119.607823397457,-339.2454421162899,-175.08026601155862,0,5,-2785.843151882731,-12.957410008756888,-2957.048617885963,-2889.6651876602045
1.5,0.65,2.0,90.0,30.0,50.0,215,12,-651.226835531469,-666.6827848259571,-1243.607823397457,-383.2454421162899,-271.0802660115586,0,5,-3215.843151882731,-14.957410008756888,-2957.048617885963,-2889.6651876602045
1.5,0.65,2.0,90.0,40.0,15.0,226,0,-247.29108942428115,-245.64841572599926,-79.33688071205552,-61.613186592039085,43.67093858980769,1,5,-590.2186338645674,-2.6115868755069354,-2956.091229326377,-2919.3895271577467
1.5,0.65,2.0,90.0,40.0,15.0,226,2,-333.29108942428115,-327.64841572599926,-211.33688071205552,-105.61318659203909,-64.32906141019231,0,5,-1042.2186338645674,-4.611586875506935,-2956.091229326377,-2919.3895271577467
1.5,0.65,2.0,90.0,40.0,15.0,226,4,-419.29108942428115,-409.64841572599926,-343.3368807120555,-149.61318659203909,-172.3290614101923,0,5,-1494.2186338645674,-6.611586875506935,-2956.091229326377,-2919.3895271577467
1.5,0.65,2.0,90.0,40.0,15.0,226,6,-505.29108942428115,-491.64841572599926,-475.3368807120555,-193.61318659203909,-280.3290614101923,0,5,-1946.2186338645674,-8.611586875506935,-2956.091229326377,-2919.3895271577467
1.5,0.65,2.0,90.0,40.0,15.0,226,8,-591.2910894242812,-573.6484157259993,-607.3368807120555,-237.61318659203909,-388.3290614101923,0,5,-2398.2186338645674,-10.611586875506935,-2956.091229326377,-2919.3895271577467
1.5,0.65,2.0,90.0,40.0,15.0,226,10,-677.2910894242812,-655.6484157259993,-739.3368807120555,-281.6131865920391,-496.3290614101923,0,5,-2850.2186338645674,-12.611586875506935,-2956.091229326377,-2919.3895271577467
1.5,0.65,2.0,90.0,40.0,15.0,226,12,-763.2910894242812,-737.6484157259993,-871.3368807120555,-325.6131865920391,-604.3290614101923,0,5,-3302.2186338645674,-14.611586875506935,-2956.091229326377,-2919.3895271577467
1.5,0.65,2.0,90.0,40.0,25.0,220,0,-249.46215366596448,-219.50222822316914,-749.1280847720077,44.2916555543936,113.94239326401379,2,5,-1059.858417842734,-4.817538262921518,-3322.883681989967,-3327.6805823250165
1.5,0.65,2.0,90.0,40.0,25.0,220,2,-333.4621536659645,-301.50222822316914,-877.1280847720077,0.2916555543935999,11.942393264013788,2,5,-1499.858417842734,-6.817538262921518,-3322.883681989967,-3327.6805823250165
1.5,0.65,2.0,90.0,40.0,25.0,220,4,-417.4621536659645,-383.50222822316914,-1005.1280847720077,-43.7083444456064,-90.05760673598621,0,5,-1939.858417842734,-8.817538262921518,-3322.883681989967,-3327.6805823250165
1.5,0.65,2.0,90.0,40.0,25.0,220,6,-501.4621536659645,-465.50222822316914,-1133.1280847720077,-87.7083444456064,-192.0576067359862,0,5,-2379.858417842734,-10.817538262921518,-3322.883681989967,-3327.6805823250165
1.5,0.65,2.0,90.0,40.0,25.0,220,8,-585.4621536659645,-547.5022282231691,-1261.1280847720077,-131.7083444456064,-294.0576067359862,0,5,-2819.858417842734,-12.817538262921518,-3322.883681989967,-3327.6805823250165
1.5,0.65,2.0,90.0,40.0,25.0,220,10,-669.4621536659645,-629.5022282231691,-1389.1280847720077,-175.7083444456064,-396.0576067359862,0,5,-3259.858417842734,-14.817538262921518,-3322.883681989967,-3327.6805823250165
1.5,0.65,2.0,90.0,40.0,25.0,220,12,-753.4621536659645,-711.5022282231691,-1517.1280847720077,-219.7083444456064,-498.0576067359862,0,5,-3699.858417842734,-16.81753826292152,-3322.883681989967,-3327.6805823250165
1.5,0.65,2.0,90.0,40.0,35.0,216,0,-268.9785585690322,-187.20555156816113,-699.9676348994358,44.576956342843516,230.95466050597977,2,5,-880.6201281878057,-4.0769450379065075,-3194.5035729217057,-3113.378952337928
1.5,0.65,2.0,90.0,40.0,35.0,216,2,-352.9785585690322,-267.2055515681611,-827.9676348994358,0.5769563428435163,134.95466050597977,2,5,-1312.6201281878057,-6.0769450379065075,-3194.5035729217057,-3113.378952337928
1.5,0.65,2.0,90.0,40.0,35.0,216,4,-436.9785585690322,-347.2055515681611,-955.9676348994358,-43.423043657156484,38.954660505979774,1,5,-1744.6201281878057,-8.076945037906508,-3194.5035729217057,-3113.378952337928
1.5,0.65,2.0,90.0,40.0,35.0,216,6,-520.9785585690322,-427.2055515681611,-1083.9676348994358,-87.42304365715648,-57.045339494020226,0,5,-2176.6201281878057,-10.076945037906508,-3194.5035729217057,-3113.378952337928
1.5,0.65,2.0,90.0,40.0,35.0,216,8,-604.9785585690322,-507.2055515681611,-1211.9676348994358,-131.42304365715648,-153.04533949402023,0,5,-2608.6201281878057,-12.076945037906508,-3194.5035729217057,-3113.378952337928
1.5,0.65,2.0,90.0,40.0,35.0,216,10,-688.9785585690322,-587.2055515681611,-1339.9676348994358,-175.42304365715648,-249.04533949402023,0,5,-3040.6201281878057,-14.076945037906508,-3194.5035729217057,-3113.378952337928
1.5,0.65,2.0,90.0,40.0,35.0,216,12,-772.9785585690322,-667.2055515681611,-1467.9676348994358,-219.42304365715648,-345.04533949402025,0,5,-3472.6201281878057,-16.07694503790651,-3194.5035729217057,-3113.378952337928
1.5,0.65,2.0,90.0,40.0,50.0,212,0,-213.2455973446057,-264.3833749575281,-553.5984464437013,-58.99522122988583,554.8764611890455,1,5,-535.3461787866754,-2.52521782446545,-2892.094460480728,-2803.515086741588
1.5,0.65,2.0,90.0,40.0,50.0,212,2,-295.2455973446057,-344.3833749575281,-675.5984464437013,-102.99522122988583,458.8764611890455,1,5,-959.3461787866754,-4.52521782446545,-2892.094460480728,-2803.515086741588
1.5,0.65,2.0,90.0,40.0,50.0,212,4,-377.2455973446057,-424.3833749575281,-797.5984464437013,-146.99522122988583,362.8764611890455,1,5,-1383.3461787866754,-6.52521782446545,-2892.094460480728,-2803.515086741588
1.5,0.65,2.0,90.0,40.0,50.0,212,6,-459.2455973446057,-504.3833749575281,-919.5984464437013,-190.99522122988583,266.8764611890455,1,5,-1807.3461787866754,-8.52521782446545,-2892.094460480728,-2803.515086741588
1.5,0.65,2.0,90.0,40.0,50.0,212,8,-541.2455973446057,-584.3833749575281,-1041.5984464437013,-234.99522122988583,170.8764611890455,1,5,-2231.3461787866754,-10.52521782446545,-2892.094460480728,-2803.515086741588
1.5,0.65,2.0,90.0,40.0,50.0,212,10,-623.2455973446057,-664.3833749575281,-1163.5984464437013,-278.99522122988583,74.8764611890455,1,5,-2655.3461787866754,-12.52521782446545,-2892.094460480728,-2803.515086741588
1.5,0.65,2.0,90.0,40.0,50.0,212,12,-705.2455973446057,-744.3833749575281,-1285.5984464437013,-322.99522122988583,-21.1235388109545,0,5,-3079.3461787866754,-14.52521782446545,-2892.094460480728,-2803.515086741588
1.5,0.65,2.0,90.0,60.0,15.0,221,0,-265.82660259398733,-275.45419520219366,-220.75118345376495,32.767786484596826,326.93620733889935,2,5,-402.3279874264499,-1.8204886308889137,-2842.93489365211,-2742.0938243745704
1.5,0.65,2.0,90.0,60.0,15.0,221,2,-349.82660259398733,-355.45419520219366,-348.75118345376495,-11.232213515403174,220.93620733889935,1,5,-844.3279874264499,-3.8204886308889137,-2842.93489365211,-2742.0938243745704
1.5,0.65,2.0,90.0,60.0,15.0,221,4,-433.82660259398733,-435.45419520219366,-476.75118345376495,-55.232213515403174,114.93620733889935,1,5,-1286.32798742645,-5.820488630888914,-2842.93489365211,-2742.0938243745704
1.5,0.65,2.0,90.0,60.0,15.0,221,6,-517.8266025939873,-515.4541952021937,-604.751183453765,-99.23221351540317,8.93620733889935,1,5,-1728.32798742645,-7.820488630888914,-2842.93489365211,-2742.0938243745704
1.5,0.65,2.0,90.0,60.0,15.0,221,8,-601.8266025939873,-595.4541952021937,-732.751183453765,-143.23221351540317,-97.06379266110065,0,5,-2170.32798742645,-9.820488630888914,-2842.93489365211,-2742.0938243745704
1.5,0.65,2.0,90.0,60.0,15.0,221,10,-685.8266025939873,-675.4541952021937,-860.751183453765,-187.23221351540317,-203.06379266110065,0,5,-2612.32798742645,-11.820488630888914,-2842.93489365211,-2742.0938243745704
1.5,0.65,2.0,90.0,60.0,15.0,221,12,-769.8266025939873,-755.4541952021937,-988.751183453765,-231.23221351540317,-309.06379266110065,0,5,-3054.32798742645,-13.820488630888914,-2842.93489365211,-2742.0938243745704
1.5,0.65,2.0,90.0,60.0,25.0,215,0,-178.80588324402038,-203.47753660465128,-833.6920209094362,135.12438879505896,476.17188153519095,2,5,-604.6791704278576,-2.8124612578039887,-2920.920279107284,-2853.6407395698066
1.5,0.65,2.0,90.0,60.0,25.0,215,2,-260.8058832440204,-283.4775366046513,-957.6920209094362,91.12438879505895,376.17188153519095,2,5,-1034.6791704278576,-4.812461257803989,-2920.920279107284,-2853.6407395698066
1.5,0.65,2.0,90.0,60.0,25.0,215,4,-342.8058832440204,-363.4775366046513,-1081.6920209094362,47.12438879505895,276.17188153519095,2,5,-1464.6791704278576,-6.812461257803989,-2920.920279107284,-2853.6407395698066
1.5,0.65,2.0,90.0,60.0,25.0,215,6,-424.8058832440204,-443.4775366046513,-1205.6920209094362,3.124388795058948,176.17188153519095,2,5,-1894.6791704278576,-8.812461257803989,-2920.920279107284,-2853.6407395698066
1.5,0.65,2.0,90.0,60.0,25.0,215,8,-506.8058832440204,-523.4775366046513,-1329.6920209094362,-40.87561120494105,76.17188153519096,1,5,-2324.6791704278576,-10.812461257803989,-2920.920279107284,-2853.6407395698066
1.5,0.65,2.0,90.0,60.0,25.0,215,10,-588.8058832440204,-603.4775366046513,-1453.6920209094362,-84.87561120494105,-23.82811846480904,0,5,-2754.6791704278576,-12.812461257803989,-2920.920279107284,-2853.6407395698066
1.5,0.65,2.0,90.0,60.0,25.0,215,12,-670.8058832440204,-683.4775366046513,-1577.6920209094362,-128.87561120494104,-123.82811846480904,0,5,-3184.6791704278576,-14.812461257803989,-2920.920279107284,-2853.6407395698066
1.5,0.65,2.0,90.0,60.0,35.0,211,0,-26.23952158764689,-179.1202825612753,-728.8317578569197,144.68608254132815,552.6217270333265,2,5,-236.88375243118753,-1.1226718124700832,-2605.051493279252,-2506.133791311276
1.5,0.65,2.0,90.0,60.0,35.0,211,2,-108.23952158764689,-257.1202825612753,-852.8317578569197,100.68608254132815,458.62172703332647,2,5,-658.8837524311875,-3.122671812470083,-2605.051493279252,-2506.133791311276
1.5,0.65,2.0,90.0,60.0,35.0,211,4,-190.2395215876469,-335.1202825612753,-976.8317578569197,56.68608254132815,364.62172703332647,2,5,-1080.8837524311875,-5.122671812470083,-2605.051493279252,-2506.133791311276
1.5,0.65,2.0,90.0,60.0,35.0,211,6,-272.2395215876469,-413.1202825612753,-1100.8317578569197,12.686082541328147,270.62172703332647,2,5,-1502.8837524311875,-7.122671812470083,-2605.051493279252,-2506.133791311276
1.5,0.65,2.0,90.0,60.0,35.0,211,8,-354.2395215876469,-491.1202825612753,-1224.8317578569197,-31.313917458671853,176.62172703332647,1,5,-1924.8837524311875,-9.122671812470083,-2605.051493279252,-2506.133791311276
1.5,0.65,2.0,90.0,60.0,35.0,211,10,-436.2395215876469,-569.1202825612753,-1348.8317578569197,-75.31391745867185,82.62172703332647,1,5,-2346.8837524311875,-11.122671812470083,-2605.051493279252,-2506.133791311276
1.5,0.65,2.0,90.0,60.0,35.0,211,12,-518.2395215876469,-647.1202825612753,-1472.8317578569197,-119.31391745867185,-11.378272966673535,0,5,-2768.8837524311875,-13.122671812470083,-2605.051493279252,-2506.133791311276
1.5,0.65,2.0,90.0,60.0,50.0,207,0,21.60211006305269,-99.16711739851809,-710.5808274480166,41.1139049685988,899.7438514612535,3,5,152.71192164637046,0.7377387519148331,-2270.039700271178,-2097.04420481887
1.5,0.65,2.0,90.0,60.0,50.0,207,2,-58.39788993694731,-177.1671173985181,-828.5808274480166,-2.8860950314011973,805.7438514612535,1,5,-261.28807835362954,-1.262261248085167,-2270.039700271178,-2097.04420481887
1.5,0.65,2.0,90.0,60.0,50.0,207,4,-138.3978899369473,-255.1671173985181,-946.5808274480166,-46.8860950314012,711.7438514612535,1,5,-675.2880783536295,-3.2622612480851667,-2270.039700271178,-2097.04420481887
1.5,0.65,2.0,90.0,60.0,50.0,207,6,-218.3978899369473,-333.1671173985181,-1064.5808274480166,-90.8860950314012,617.7438514612535,1,5,-1089.2880783536295,-5.262261248085167,-2270.039700271178,-2097.04420481887
1.5,0.65,2.0,90.0,60.0,50.0,207,8,-298.3978899369473,-411.1671173985181,-1182.5808274480166,-134.8860950314012,523.7438514612535,1,5,-1503.2880783536295,-7.262261248085167,-2270.039700271178,-2097.04420481887
1.5,0.65,2.0,90.0,60.0,50.0,207,10,-378.3978899369473,-489.1671173985181,-1300.5808274480166,-178.8860950314012,429.7438514612535,1,5,-1917.2880783536295,-9.262261248085167,-2270.039700271178,-2097.04420481887
1.5,0.65,2.0,90.0,60.0,50.0,207,12,-458.3978899369473,-567.167117398518,-1418.5808274480166,-222.8860950314012,335.7438514612535,1,5,-2331.2880783536293,-11.262261248085165,-2270.039700271178,-2097.04420481887
1.5,0.65,2.0,120.0,20.0,15.0,229,0,-23.146757620651613,-212.71020900145697,-14.781560474912453,-30.140434867828958,12.985666044020945,1,5,-267.7932959208292,-1.169403038955586,-2598.3893810802574,-2568.818569656785
1.5,0.65,2.0,120.0,20.0,15.0,229,2,-113.14675762065161,-296.710209001457,-146.78156047491245,-74.14043486782896,-95.01433395597905,0,5,-725.7932959208292,-3.1694030389555863,-2598.3893810802574,-2568.818569656785
1.5,0.65,2.0,120.0,20.0,15.0,229,4,-203.1467576206516,-380.710209001457,-278.78156047491245,-118.14043486782896,-203.01433395597905,0,5,-1183.7932959208292,-5.169403038955586,-2598.3893810802574,-2568.818569656785
1.5,0.65,2.0,120.0,20.0,15.0,229,6,-293.1467576206516,-464.710209001457,-410.78156047491245,-162.14043486782896,-311.01433395597905,0,5,-1641.7932959208292,-7.169403038955586,-2598.3893810802574,-2568.818569656785
1.5,0.65,2.0,120.0,20.0,15.0,229,8,-383.1467576206516,-548.710209001457,-542.7815604749125,-206.14043486782896,-419.01433395597905,0,5,-2099.793295920829,-9.169403038955586,-2598.3893810802574,-2568.818569656785
1.5,0.65,2.0,120.0,20.0,15.0,229,10,-473.1467576206516,-632.710209001457,-674.7815604749125,-250.14043486782896,-527.014333955979,0,5,-2557.793295920829,-11.169403038955586,-2598.3893810802574,-2568.818569656785
1.5,0.65,2.0,120.0,20.0,15.0,229,12,-563.1467576206517,-716.710209001457,-806.7815604749125,-294.14043486782896,-635.014333955979,0,5,-3015.793295920829,-13.169403038955586,-2598.3893810802574,-2568.818569656785
1.5,0.65,2.0,120.0,20.0,25.0,223,0,17.779726064058252,-169.93817805219862,-382.59121315368554,9.708492113576312,-92.52399616464902,2,5,-617.5651691928988,-2.769350534497304,-2888.161254352327,-2858.5904429288544
1.5,0.65,2.0,120.0,20.0,25.0,223,2,-70.22027393594175,-253.93817805219862,-510.59121315368554,-34.29150788642369,-194.52399616464902,0,5,-1063.5651691928988,-4.769350534497304,-2888.161254352327,-2858.5904429288544
1.5,0.65,2.0,120.0,20.0,25.0,223,4,-158.22027393594175,-337.9381780521986,-638.5912131536855,-78.29150788642369,-296.523996164649,0,5,-1509.5651691928988,-6.769350534497304,-2888.161254352327,-2858.5904429288544
1.5,0.65,2.0,120.0,20.0,25.0,223,6,-246.22027393594175,-421.9381780521986,-766.5912131536855,-122.29150788642369,-398.523996164649,0,5,-1955.5651691928988,-8.769350534497304,-2888.161254352327,-2858.5904429288544
1.5,0.65,2.0,120.0,20.0,25.0,223,8,-334.22027393594175,-505.9381780521986,-894.5912131536855,-166.2915078864237,-500.523996164649,0,5,-2401.565169192899,-10.769350534497304,-2888.161254352327,-2858.5904429288544
1.5,0.65,2.0,120.0,20.0,25.0,223,10,-422.22027393594175,-589.9381780521986,-1022.5912131536855,-210.2915078864237,-602.523996164649,0,5,-2847.565169192899,-12.769350534497304,-2888.161254352327,-2858.5904429288544
1.5,0.65,2.0,120.0,20.0,25.0,223,12,-510.22027393594175,-673.9381780521986,-1150.5912131536857,-254.2915078864237,-704.523996164649,0,5,-3293.565169192899,-14.769350534497304,-2888.161254352327,-2858.5904429288544
1.5,0.65,2.0,120.0,20.0,35.0,220,0,136.3413606347641,-69.83378406955399,-411.4279160299775,-20.532271402606398,-71.91077968020954,1,5,-437.3633905475831,-1.9880154115799231,-2681.284543206127,-2684.217224675166
1.5,0.65,2.0,120.0,20.0,35.0,220,2,48.3413606347641,-153.83378406955399,-539.4279160299775,-64.5322714026064,-167.91077968020954,1,5,-877.3633905475831,-3.9880154115799233,-2681.284543206127,-2684.217224675166
1.5,0.65,2.0,120.0,20.0,35.0,220,4,-39.6586393652359,-237.83378406955399,-667.4279160299775,-108.5322714026064,-263.91077968020954,0,5,-1317.363390547583,-5.988015411579923,-2681.284543206127,-2684.217224675166
1.5,0.65,2.0,120.0,20.0,35.0,220,6,-127.6586393652359,-321.833784069554,-795.4279160299775,-152.5322714026064,-359.91077968020954,0,5,-1757.363390547583,-7.988015411579923,-2681.284543206127,-2684.217224675166
1.5,0.65,2.0,120.0,20.0,35.0,220,8,-215.6586393652359,-405.833784069554,-923.4279160299775,-196.5322714026064,-455.91077968020954,0,5,-2197.363390547583,-9.988015411579923,-2681.284543206127,-2684.217224675166
1.5,0.65,2.0,120.0,20.0,35.0,220,10,-303.6586393652359,-489.833784069554,-1051.4279160299775,-240.5322714026064,-551.9107796802095,0,5,-2637.363390547583,-11.988015411579923,-2681.284543206127,-2684.217224675166
1.5,0.65,2.0,120.0,20.0,35.0,220,12,-391.6586393652359,-573.833784069554,-1179.4279160299775,-284.5322714026064,-647.9107796802095,0,5,-3077.363390547583,-13.988015411579923,-2681.284543206127,-2684.217224675166
1.5,0.65,2.0,120.0,20.0,50.0,217,0,184.1246974204357,-204.37454294600923,-306.045102569522,-132.03239083256693,34.709612313962,2,5,-423.61772661370014,-1.95215542218295,-2677.5053602212915,-2640.471560741283
1.5,0.65,2.0,120.0,20.0,50.0,217,2,98.1246974204357,-288.3745429460092,-430.045102569522,-176.03239083256693,-61.290387686038,1,5,-857.6177266137001,-3.95215542218295,-2677.5053602212915,-2640.471560741283
1.5,0.65,2.0,120.0,20.0,50.0,217,4,12.124697420435695,-372.3745429460092,-554.045102569522,-220.03239083256693,-157.290387686038,1,5,-1291.6177266137001,-5.95215542218295,-2677.5053602212915,-2640.471560741283
1.5,0.65,2.0,120.0,20.0,50.0,217,6,-73.8753025795643,-456.3745429460092,-678.045102569522,-264.03239083256693,-253.290387686038,0,5,-1725.6177266137001,-7.95215542218295,-2677.5053602212915,-2640.471560741283
1.5,0.65,2.0,120.0,20.0,50.0,217,8,-159.8753025795643,-540.3745429460092,-802.045102569522,-308.03239083256693,-349.290387686038,0,5,-2159.6177266137,-9.95215542218295,-2677.5053602212915,-2640.471560741283
1.5,0.65,2.0,120.0,20.0,50.0,217,10,-245.8753025795643,-624.3745429460092,-926.045102569522,-352.03239083256693,-445.290387686038,0,5,-2593.6177266137,-11.95215542218295,-2677.5053602212915,-2640.471560741283
1.5,0.65,2.0,120.0,20.0,50.0,217,12,-331.8753025795643,-708.3745429460092,-1050.045102569522,-396.03239083256693,-541.290387686038,0,5,-3027.6177266137,-13.95215542218295,-2677.5053602212915,-2640.471560741283
1.5,0.65,2.0,120.0,30.0,15.0,227,0,-181.33168358894568,-213.07055468160956,29.395976284051017,-99.17113419068136,87.76277872140508,2,5,-376.41461745578044,-1.6582141738140108,-2710.0254184988976,-2693.203431229775
1.5,0.65,2.0,120.0,30.0,15.0,227,2,-269.3316835889457,-295.07055468160956,-102.60402371594898,-143.17113419068136,-20.237221278594916,0,5,-830.4146174557804,-3.658214173814011,-2710.0254184988976,-2693.203431229775
1.5,0.65,2.0,120.0,30.0,15.0,227,4,-357.3316835889457,-377.07055468160956,-234.60402371594898,-187.17113419068136,-128.23722127859492,0,5,-1284.4146174557804,-5.65821417381401,-2710.0254184988976,-2693.203431229775
1.5,0.65,2.0,120.0,30.0,15.0,227,6,-445.3316835889457,-459.07055468160956,-366.604023715949,-231.17113419068136,-236.23722127859492,0,5,-1738.4146174557804,-7.65821417381401,-2710.0254184988976,-2693.203431229775
1.5,0.65,2.0,120.0,30.0,15.0,227,8,-533.3316835889457,-541.0705546816096,-498.604023715949,-275.17113419068136,-344.2372212785949,0,5,-2192.4146174557804,-9.658214173814011,-2710.0254184988976,-2693.203431229775
1.5,0.65,2.0,120.0,30.0,15.0,227,10,-621.3316835889457,-623.0705546816096,-630.604023715949,-319.17113419068136,-452.2372212785949,0,5,-2646.4146174557804,-11.658214173814011,-2710.0254184988976,-2693.203431229775
1.5,0.65,2.0,120.0,30.0,15.0,227,12,-709.3316835889457,-705.0705546816096,-762.604023715949,-363.17113419068136,-560.2372212785949,0,5,-3100.4146174557804,-13.658214173814011,-2710.0254184988976,-2693.203431229775
1.5,0.65,2.0,120.0,30.0,25.0,221,0,-150.45516040742757,-202.26415349455885,-580.267663318582,3.1113426734931977,75.80826113519834,2,5,-854.0673734118768,-3.8645582507324745,-3087.123076782405,-3105.994983479528
1.5,0.65,2.0,120.0,30.0,25.0,221,2,-236.45516040742757,-284.26415349455885,-708.267663318582,-40.8886573265068,-26.191738864801664,0,5,-1296.0673734118768,-5.8645582507324745,-3087.123076782405,-3105.994983479528
1.5,0.65,2.0,120.0,30.0,25.0,221,4,-322.45516040742757,-366.26415349455885,-836.267663318582,-84.8886573265068,-128.19173886480166,0,5,-1738.0673734118768,-7.8645582507324745,-3087.123076782405,-3105.994983479528
1.5,0.65,2.0,120.0,30.0,25.0,221,6,-408.45516040742757,-448.26415349455885,-964.267663318582,-128.8886573265068,-230.19173886480166,0,5,-2180.067373411877,-9.864558250732474,-3087.123076782405,-3105.994983479528
1.5,0.65,2.0,120.0,30.0,25.0,221,8,-494.45516040742757,-530.2641534945589,-1092.267663318582,-172.8886573265068,-332.19173886480166,0,5,-2622.067373411877,-11.864558250732474,-3087.123076782405,-3105.994983479528
1.5,0.65,2.0,120.0,30.0,25.0,221,10,-580.4551604074276,-612.2641534945589,-1220.267663318582,-216.8886573265068,-434.19173886480166,0,5,-3064.067373411877,-13.864558250732474,-3087.123076782405,-3105.994983479528
1.5,0.65,2.0,120.0,30.0,25.0,221,12,-666.4551604074276,-694.2641534945589,-1348.267663318582,-260.8886573265068,-536.1917388648017,0,5,-3506.067373411877,-15.864558250732474,-3087.123076782405,-3105.994983479528
1.5,0.65,2.0,120.0,30.0,35.0,218,0,-147.59360282339196,-82.44114471420357,-522.2794824698226,-15.673264543560492,145.10189894674266,1,5,-622.8855956042362,-2.8572733743313585,-2904.6315280987683,-2875.6444197543588
1.5,0.65,2.0,120.0,30.0,35.0,218,2,-233.59360282339196,-164.44114471420357,-650.2794824698226,-59.67326454356049,49.101898946742665,1,5,-1058.8855956042362,-4.857273374331359,-2904.6315280987683,-2875.6444197543588
1.5,0.65,2.0,120.0,30.0,35.0,218,4,-319.59360282339196,-246.44114471420357,-778.2794824698226,-103.67326454356049,-46.898101053257335,0,5,-1494.8855956042362,-6.857273374331359,-2904.6315280987683,-2875.6444197543588
1.5,0.65,2.0,120.0,30.0,35.0,218,6,-405.59360282339196,-328.4411447142036,-906.2794824698226,-147.6732645435605,-142.89810105325734,0,5,-1930.8855956042362,-8.857273374331358,-2904.6315280987683,-2875.6444197543588
1.5,0.65,2.0,120.0,30.0,35.0,218,8,-491.59360282339196,-410.4411447142036,-1034.2794824698226,-191.6732645435605,-238.89810105325734,0,5,-2366.885595604236,-10.857273374331358,-2904.6315280987683,-2875.6444197543588
1.5,0.65,2.0,120.0,30.0,35.0,218,10,-577.593602823392,-492.4411447142036,-1162.2794824698226,-235.6732645435605,-334.89810105325734,0,5,-2802.885595604236,-12.857273374331358,-2904.6315280987683,-2875.6444197543588
1.5,0.65,2.0,120.0,30.0,35.0,218,12,-663.593602823392,-574.4411447142036,-1290.2794824698226,-279.6732645435605,-430.89810105325734,0,5,-3238.885595604236,-14.857273374331358,-2904.6315280987683,-2875.6444197543588
1.5,0.65,2.0,120.0,30.0,50.0,215,0,-154.3698585424088,-214.3248726677192,-504.6660301687425,-82.31204762727509,349.98954153102113,1,5,-605.683267475124,-2.8171314766284836,-2926.888733478356,-2860.43449684598
1.5,0.65,2.0,120.0,30.0,50.0,215,2,-238.3698585424088,-296.3248726677192,-628.6660301687425,-126.31204762727509,253.98954153102116,1,5,-1035.683267475124,-4.817131476628484,-2926.888733478356,-2860.43449684598
1.5,0.65,2.0,120.0,30.0,50.0,215,4,-322.3698585424088,-378.3248726677192,-752.6660301687425,-170.3120476272751,157.98954153102116,1,5,-1465.683267475124,-6.817131476628484,-2926.888733478356,-2860.43449684598
1.5,0.65,2.0,120.0,30.0,50.0,215,6,-406.3698585424088,-460.3248726677192,-876.6660301687425,-214.3120476272751,61.98954153102116,1,5,-1895.683267475124,-8.817131476628484,-2926.888733478356,-2860.43449684598
1.5,0.65,2.0,120.0,30.0,50.0,215,8,-490.3698585424088,-542.3248726677192,-1000.6660301687425,-258.3120476272751,-34.01045846897884,0,5,-2325.683267475124,-10.817131476628484,-2926.888733478356,-2860.43449684598
1.5,0.65,2.0,120.0,30.0,50.0,215,10,-574.3698585424088,-624.3248726677192,-1124.6660301687425,-302.3120476272751,-130.01045846897884,0,5,-2755.683267475124,-12.817131476628484,-2926.888733478356,-2860.43449684598
1.5,0.65,2.0,120.0,30.0,50.0,215,12,-658.3698585424088,-706.3248726677192,-1248.6660301687425,-346.3120476272751,-226.01045846897884,0,5,-3185.683267475124,-14.817131476628484,-2926.888733478356,-2860.43449684598
1.5,0.65,2.0,120.0,40.0,15.0,226,0,-247.29108942428115,-248.67842932409053,-54.10724390354437,-47.59019301760247,75.20635825319602,1,5,-522.4605974163228,-2.3117725549394814,-2888.333192878132,-2857.757662124893
1.5,0.65,2.0,120.0,40.0,15.0,226,2,-333.29108942428115,-330.67842932409053,-186.10724390354437,-91.59019301760247,-32.793641746803985,0,5,-974.4605974163228,-4.311772554939481,-2888.333192878132,-2857.757662124893
1.5,0.65,2.0,120.0,40.0,15.0,226,4,-419.29108942428115,-412.67842932409053,-318.1072439035444,-135.59019301760247,-140.79364174680398,0,5,-1426.4605974163228,-6.311772554939481,-2888.333192878132,-2857.757662124893
1.5,0.65,2.0,120.0,40.0,15.0,226,6,-505.29108942428115,-494.67842932409053,-450.1072439035444,-179.59019301760247,-248.79364174680398,0,5,-1878.4605974163228,-8.31177255493948,-2888.333192878132,-2857.757662124893
1.5,0.65,2.0,120.0,40.0,15.0,226,8,-591.2910894242812,-576.6784293240905,-582.1072439035444,-223.59019301760247,-356.793641746804,0,5,-2330.460597416323,-10.31177255493948,-2888.333192878132,-2857.757662124893
1.5,0.65,2.0,120.0,40.0,15.0,226,10,-677.2910894242812,-658.6784293240905,-714.1072439035444,-267.5901930176025,-464.793641746804,0,5,-2782.460597416323,-12.31177255493948,-2888.333192878132,-2857.757662124893
1.5,0.65,2.0,120.0,40.0,15.0,226,12,-763.2910894242812,-740.6784293240905,-846.1072439035444,-311.5901930176025,-572.793641746804,0,5,-3234.460597416323,-14.31177255493948,-2888.333192878132,-2857.757662124893
1.5,0.65,2.0,120.0,40.0,25.0,220,0,-262.57237206542925,-221.60304822787782,-722.02976403158,71.31231587530166,153.16556085361213,2,5,-981.7273075959733,-4.46239685270897,-3244.7525717432063,-3249.549472078256
1.5,0.65,2.0,120.0,40.0,25.0,220,2,-346.57237206542925,-303.6030482278778,-850.02976403158,27.312315875301664,51.165560853612135,2,5,-1421.7273075959733,-6.46239685270897,-3244.7525717432063,-3249.549472078256
1.5,0.65,2.0,120.0,40.0,25.0,220,4,-430.57237206542925,-385.6030482278778,-978.02976403158,-16.687684124698336,-50.834439146387865,0,5,-1861.7273075959733,-8.46239685270897,-3244.7525717432063,-3249.549472078256
1.5,0.65,2.0,120.0,40.0,25.0,220,6,-514.5723720654292,-467.6030482278778,-1106.02976403158,-60.687684124698336,-152.83443914638787,0,5,-2301.7273075959733,-10.46239685270897,-3244.7525717432063,-3249.549472078256
1.5,0.65,2.0,120.0,40.0,25.0,220,8,-598.5723720654292,-549.6030482278778,-1234.02976403158,-104.68768412469834,-254.83443914638787,0,5,-2741.7273075959733,-12.46239685270897,-3244.7525717432063,-3249.549472078256
1.5,0.65,2.0,120.0,40.0,25.0,220,10,-682.5723720654292,-631.6030482278778,-1362.02976403158,-148.68768412469834,-356.83443914638787,0,5,-3181.7273075959733,-14.46239685270897,-3244.7525717432063,-3249.549472078256
1.5,0.65,2.0,120.0,40.0,25.0,220,12,-766.5723720654292,-713.6030482278778,-1490.02976403158,-192.68768412469834,-458.83443914638787,0,5,-3621.7273075959733,-16.46239685270897,-3244.7525717432063,-3249.549472078256
1.5,0.65,2.0,120.0,40.0,35.0,216,0,-276.12158157997203,-183.19482175692906,-680.7581215912512,71.59761666375158,288.47648812632804,2,5,-780.0004201380725,-3.61111305619478,-3093.8838648719725,-3012.759244288195
1.5,0.65,2.0,120.0,40.0,35.0,216,2,-360.12158157997203,-263.19482175692906,-808.7581215912512,27.59761666375158,192.476488126328,2,5,-1212.0004201380725,-5.61111305619478,-3093.8838648719725,-3012.759244288195
1.5,0.65,2.0,120.0,40.0,35.0,216,4,-444.12158157997203,-343.19482175692906,-936.7581215912512,-16.40238333624842,96.47648812632801,1,5,-1644.0004201380725,-7.61111305619478,-3093.8838648719725,-3012.759244288195
1.5,0.65,2.0,120.0,40.0,35.0,216,6,-528.121581579972,-423.19482175692906,-1064.7581215912512,-60.40238333624842,0.4764881263280074,1,5,-2076.0004201380725,-9.61111305619478,-3093.8838648719725,-3012.759244288195
1.5,0.65,2.0,120.0,40.0,35.0,216,8,-612.121581579972,-503.19482175692906,-1192.7581215912512,-104.40238333624842,-95.52351187367199,0,5,-2508.0004201380725,-11.61111305619478,-3093.8838648719725,-3012.759244288195
1.5,0.65,2.0,120.0,40.0,35.0,216,10,-696.121581579972,-583.1948217569291,-1320.7581215912512,-148.40238333624842,-191.523511873672,0,5,-2940.0004201380725,-13.61111305619478,-3093.8838648719725,-3012.759244288195
1.5,0.65,2.0,120.0,40.0,35.0,216,12,-780.121581579972,-663.1948217569291,-1448.7581215912512,-192.40238333624842,-287.52351187367196,0,5,-3372.0004201380725,-15.61111305619478,-3093.8838648719725,-3012.759244288195
1.5,0.65,2.0,120.0,40.0,50.0,212,0,-220.3886203555454,-300.94392658144056,-571.9297749303184,4.958833580037009,685.9400352725756,2,5,-402.3634530146919,-1.8979408161070372,-2759.1117347087443,-2660.557170474808
1.5,0.65,2.0,120.0,40.0,50.0,212,2,-302.3886203555454,-380.94392658144056,-693.9297749303184,-39.04116641996299,589.9400352725756,1,5,-826.3634530146919,-3.8979408161070372,-2759.1117347087443,-2660.557170474808
1.5,0.65,2.0,120.0,40.0,50.0,212,4,-384.3886203555454,-460.94392658144056,-815.9297749303184,-83.04116641996299,493.94003527257564,1,5,-1250.363453014692,-5.897940816107037,-2759.1117347087443,-2660.557170474808
1.5,0.65,2.0,120.0,40.0,50.0,212,6,-466.3886203555454,-540.9439265814406,-937.9297749303184,-127.04116641996299,397.94003527257564,1,5,-1674.363453014692,-7.897940816107037,-2759.1117347087443,-2660.557170474808
1.5,0.65,2.0,120.0,40.0,50.0,212,8,-548.3886203555454,-620.9439265814406,-1059.9297749303184,-171.041166419963,301.94003527257564,1,5,-2098.363453014692,-9.897940816107038,-2759.1117347087443,-2660.557170474808
1.5,0.65,2.0,120.0,40.0,50.0,212,10,-630.3886203555454,-700.9439265814406,-1181.9297749303184,-215.041166419963,205.9400352725756,1,5,-2522.363453014692,-11.897940816107038,-2759.1117347087443,-2660.557170474808
1.5,0.65,2.0,120.0,40.0,50.0,212,12,-712.3886203555454,-780.9439265814406,-1303.9297749303184,-259.041166419963,109.94003527257561,1,5,-2946.363453014692,-13.897940816107038,-2759.1117347087443,-2660.557170474808
1.5,0.65,2.0,120.0,60.0,15.0,221,0,-224.18963565601587,-278.48420880028493,-197.44164782994653,46.790780059033494,302.107927465752,2,5,-351.2167847614619,-1.589216220640099,-2792.081656246254,-2705.137460464761
1.5,0.65,2.0,120.0,60.0,15.0,221,2,-308.18963565601587,-358.48420880028493,-325.44164782994653,2.7907800590334944,196.107927465752,2,5,-793.2167847614619,-3.589216220640099,-2792.081656246254,-2705.137460464761
1.5,0.65,2.0,120.0,60.0,15.0,221,4,-392.18963565601587,-438.48420880028493,-453.44164782994653,-41.209219940966506,90.107927465752,1,5,-1235.216784761462,-5.5892162206400995,-2792.081656246254,-2705.137460464761
1.5,0.65,2.0,120.0,60.0,15.0,221,6,-476.18963565601587,-518.4842088002849,-581.4416478299465,-85.2092199409665,-15.892072534248001,0,5,-1677.216784761462,-7.5892162206400995,-2792.081656246254,-2705.137460464761
1.5,0.65,2.0,120.0,60.0,15.0,221,8,-560.1896356560159,-598.4842088002849,-709.4416478299465,-129.2092199409665,-121.892072534248,0,5,-2119.216784761462,-9.589216220640099,-2792.081656246254,-2705.137460464761
1.5,0.65,2.0,120.0,60.0,15.0,221,10,-644.1896356560159,-678.4842088002849,-837.4416478299465,-173.2092199409665,-227.892072534248,0,5,-2561.216784761462,-11.589216220640099,-2792.081656246254,-2705.137460464761
1.5,0.65,2.0,120.0,60.0,15.0,221,12,-728.1896356560159,-758.4842088002849,-965.4416478299465,-217.2092199409665,-333.892072534248,0,5,-3003.216784761462,-13.589216220640099,-2792.081656246254,-2705.137460464761
1.5,0.65,2.0,120.0,60.0,25.0,215,0,-134.2977828796753,-207.53058288688362,-783.5930353719141,163.43285669612845,444.09958137130275,2,5,-517.888963071041,-2.408785874749028,-2834.130071750468,-2781.0053709681683
1.5,0.65,2.0,120.0,60.0,25.0,215,2,-216.2977828796753,-287.5305828868836,-907.5930353719141,119.43285669612844,344.09958137130275,2,5,-947.888963071041,-4.408785874749028,-2834.130071750468,-2781.0053709681683
1.5,0.65,2.0,120.0,60.0,25.0,215,4,-298.2977828796753,-367.5305828868836,-1031.593035371914,75.43285669612844,244.09958137130275,2,5,-1377.888963071041,-6.408785874749028,-2834.130071750468,-2781.0053709681683
1.5,0.65,2.0,120.0,60.0,25.0,215,6,-380.2977828796753,-447.5305828868836,-1155.593035371914,31.43285669612844,144.09958137130275,2,5,-1807.888963071041,-8.408785874749027,-2834.130071750468,-2781.0053709681683
1.5,0.65,2.0,120.0,60.0,25.0,215,8,-462.2977828796753,-527.5305828868836,-1279.593035371914,-12.56714330387156,44.09958137130276,1,5,-2237.888963071041,-10.408785874749027,-2834.130071750468,-2781.0053709681683
1.5,0.65,2.0,120.0,60.0,25.0,215,10,-544.2977828796753,-607.5305828868836,-1403.593035371914,-56.56714330387156,-55.90041862869724,0,5,-2667.888963071041,-12.408785874749027,-2834.130071750468,-2781.0053709681683
1.5,0.65,2.0,120.0,60.0,25.0,215,12,-626.2977828796753,-687.5305828868836,-1527.593035371914,-100.56714330387156,-155.90041862869725,0,5,-3097.888963071041,-14.408785874749027,-2834.130071750468,-2781.0053709681683
1.5,0.65,2.0,120.0,60.0,35.0,211,0,-18.31468705072575,-177.0617790275669,-644.606406030271,172.99455044239764,542.2937720033248,2,5,-124.69454966284138,-0.5909694296817127,-2492.862290510906,-2373.702034077831
1.5,0.65,2.0,120.0,60.0,35.0,211,2,-100.31468705072575,-255.0617790275669,-768.606406030271,128.99455044239764,448.2937720033248,2,5,-546.6945496628414,-2.5909694296817127,-2492.862290510906,-2373.702034077831
1.5,0.65,2.0,120.0,60.0,35.0,211,4,-182.31468705072575,-333.0617790275669,-892.606406030271,84.99455044239764,354.2937720033248,2,5,-968.6945496628414,-4.590969429681713,-2492.862290510906,-2373.702034077831
1.5,0.65,2.0,120.0,60.0,35.0,211,6,-264.31468705072575,-411.0617790275669,-1016.606406030271,40.994550442397646,260.2937720033248,2,5,-1390.6945496628414,-6.590969429681713,-2492.862290510906,-2373.702034077831
1.5,0.65,2.0,120.0,60.0,35.0,211,8,-346.31468705072575,-489.0617790275669,-1140.606406030271,-3.005449557602354,166.29377200332482,1,5,-1812.6945496628414,-8.590969429681712,-2492.862290510906,-2373.702034077831
1.5,0.65,2.0,120.0,60.0,35.0,211,10,-428.31468705072575,-567.0617790275669,-1264.606406030271,-47.005449557602354,72.2937720033248,1,5,-2234.6945496628414,-10.590969429681712,-2492.862290510906,-2373.702034077831
1.5,0.65,2.0,120.0,60.0,35.0,211,12,-510.31468705072575,-645.0617790275669,-1388.606406030271,-91.00544955760236,-21.706227996675196,0,5,-2656.6945496628414,-12.590969429681712,-2492.862290510906,-2373.702034077831
1.5,0.65,2.0,120.0,60.0,50.0,207,0,38.57996515428363,-75.8730210018253,-627.9031900235557,106.3557673586831,1009.6781297606411,3,5,450.8376512482271,2.177959667865831,-1977.4198546977411,-1805.0446466324047
1.5,0.65,2.0,120.0,60.0,50.0,207,2,-41.42003484571637,-153.8730210018253,-745.9031900235557,62.355767358683096,915.6781297606411,2,5,36.837651248227075,0.17795966786583128,-1977.4198546977411,-1805.0446466324047
1.5,0.65,2.0,120.0,60.0,50.0,207,4,-121.42003484571637,-231.8730210018253,-863.9031900235557,18.355767358683096,821.6781297606411,2,5,-377.1623487517729,-1.8220403321341687,-1977.4198546977411,-1805.0446466324047
1.5,0.65,2.0,120.0,60.0,50.0,207,6,-201.42003484571637,-309.8730210018253,-981.9031900235557,-25.644232641316904,727.6781297606411,1,5,-791.1623487517729,-3.822040332134169,-1977.4198546977411,-1805.0446466324047
1.5,0.65,2.0,120.0,60.0,50.0,207,8,-281.4200348457164,-387.8730210018253,-1099.9031900235557,-69.6442326413169,633.6781297606411,1,5,-1205.162348751773,-5.8220403321341685,-1977.4198546977411,-1805.0446466324047
1.5,0.65,2.0,120.0,60.0,50.0,207,10,-361.4200348457164,-465.8730210018253,-1217.9031900235557,-113.6442326413169,539.6781297606411,1,5,-1619.162348751773,-7.8220403321341685,-1977.4198546977411,-1805.0446466324047
1.5,0.65,2.0,120.0,60.0,50.0,207,12,-441.4200348457164,-543.8730210018252,-1335.9031900235557,-157.6442326413169,445.6781297606411,1,5,-2033.162348751773,-9.822040332134168,-1977.4198546977411,-1805.0446466324047
1.75,0.6,1.5,60.0,20.0,15.0,44,0,-87.73983445084735,-16.149746982922366,-51.639815609800195,20.566027106477,-16.402535815738887,1,5,-151.36590575283185,-3.4401342216552693,-625.8211106049026,-608.7506899259342
1.75,0.6,1.5,60.0,20.0,15.0,44,2,-103.73983445084735,-32.149746982922366,-79.6398156098002,10.566027106477001,-34.40253581573889,1,5,-239.36590575283185,-5.44013422165527,-625.8211106049026,-608.7506899259342
1.75,0.6,1.5,60.0,20.0,15.0,44,4,-119.73983445084735,-48.149746982922366,-107.6398156098002,0.5660271064770015,-52.40253581573889,1,5,-327.36590575283185,-7.44013422165527,-625.8211106049026,-608.7506899259342
1.75,0.6,1.5,60.0,20.0,15.0,44,6,-135.73983445084735,-64.14974698292237,-135.6398156098002,-9.433972893522999,-70.40253581573889,0,5,-415.36590575283185,-9.440134221655269,-625.8211106049026,-608.7506899259342
1.75,0.6,1.5,60.0,20.0,15.0,44,8,-151.73983445084735,-80.14974698292237,-163.6398156098002,-19.433972893523,-88.40253581573889,0,5,-503.36590575283185,-11.440134221655269,-625.8211106049026,-608.7506899259342
1.75,0.6,1.5,60.0,20.0,15.0,44,10,-167.73983445084735,-96.14974698292237,-191.6398156098002,-29.433972893523,-106.40253581573889,0,5,-591.3659057528318,-13.440134221655269,-625.8211106049026,-608.7506899259342
1.75,0.6,1.5,60.0,20.0,15.0,44,12,-183.73983445084735,-112.14974698292237,-219.6398156098002,-39.433972893523,-124.40253581573889,0,5,-679.3659057528318,-15.440134221655269,-625.8211106049026,-608.7506899259342
1.75,0.6,1.5,60.0,20.0,25.0,42,0,6.004905743710211,-10.775906901422033,-36.35318685179064,8.44941981413993,-49.24781044131066,2,5,-81.92257863667328,-1.950537586587459,-536.3777834887441,-519.3073628097757
1.75,0.6,1.5,60.0,20.0,25.0,42,2,-9.99509425628979,-26.775906901422033,-62.35318685179064,-1.5505801858600705,-65.24781044131066,0,5,-165.92257863667328,-3.9505375865874592,-536.3777834887441,-519.3073628097757
1.75,0.6,1.5,60.0,20.0,25.0,42,4,-25.99509425628979,-42.77590690142203,-88.35318685179064,-11.55058018586007,-81.24781044131066,0,5,-249.92257863667328,-5.950537586587459,-536.3777834887441,-519.3073628097757
1.75,0.6,1.5,60.0,20.0,25.0,42,6,-41.99509425628979,-58.77590690142203,-114.35318685179064,-21.55058018586007,-97.24781044131066,0,5,-333.9225786366733,-7.950537586587459,-536.3777834887441,-519.3073628097757
1.75,0.6,1.5,60.0,20.0,25.0,42,8,-57.99509425628979,-74.77590690142203,-140.35318685179064,-31.55058018586007,-113.24781044131066,0,5,-417.9225786366733,-9.950537586587458,-536.3777834887441,-519.3073628097757
1.75,0.6,1.5,60.0,20.0,25.0,42,10,-73.99509425628979,-90.77590690142203,-166.35318685179064,-41.55058018586007,-129.24781044131066,0,5,-501.9225786366733,-11.950537586587458,-536.3777834887441,-519.3073628097757
1.75,0.6,1.5,60.0,20.0,25.0,42,12,-89.99509425628979,-106.77590690142203,-192.35318685179064,-51.55058018586007,-145.24781044131066,0,5,-585.9225786366733,-13.950537586587458,-536.3777834887441,-519.3073628097757
1.75,0.6,1.5,60.0,20.0,35.0,42,0,-10.42913036374864,25.75991339146386,40.09139940436273,-34.6022757633406,-89.98806835692426,2,5,-69.1681616881869,-1.6468609925758786,-523.6233665402576,-507.2738231188148
1.75,0.6,1.5,60.0,20.0,35.0,42,2,-26.42913036374864,9.759913391463861,14.091399404362733,-44.6022757633406,-105.98806835692426,2,5,-153.1681616881869,-3.6468609925758786,-523.6233665402576,-507.2738231188148
1.75,0.6,1.5,60.0,20.0,35.0,42,4,-42.42913036374864,-6.240086608536139,-11.908600595637267,-54.6022757633406,-121.98806835692426,0,5,-237.1681616881869,-5.646860992575879,-523.6233665402576,-507.2738231188148
1.75,0.6,1.5,60.0,20.0,35.0,42,6,-58.42913036374864,-22.24008660853614,-37.90860059563727,-64.6022757633406,-137.98806835692426,0,5,-321.1681616881869,-7.646860992575879,-523.6233665402576,-507.2738231188148
1.75,0.6,1.5,60.0,20.0,35.0,42,8,-74.42913036374864,-38.24008660853614,-63.90860059563727,-74.6022757633406,-153.98806835692426,0,5,-405.1681616881869,-9.646860992575878,-523.6233665402576,-507.2738231188148
1.75,0.6,1.5,60.0,20.0,35.0,42,10,-90.42913036374864,-54.24008660853614,-89.90860059563727,-84.6022757633406,-169.98806835692426,0,5,-489.1681616881869,-11.646860992575878,-523.6233665402576,-507.2738231188148
1.75,0.6,1.5,60.0,20.0,35.0,42,12,-106.42913036374864,-70.24008660853613,-115.90860059563727,-94.6022757633406,-185.98806835692426,0,5,-573.168161688187,-13.64686099257588,-523.6233665402576,-507.2738231188148
1.75,0.6,1.5,60.0,20.0,50.0,42,0,-68.89437111055008,84.41637392116034,70.20151078542202,-36.658811059586824,-105.43296445645643,2,5,-56.36826192001104,-1.3421014742859771,-510.8234667720818,-522.7731006718195
1.75,0.6,1.5,60.0,20.0,50.0,42,2,-84.89437111055008,68.41637392116034,44.201510785422016,-46.658811059586824,-121.43296445645643,2,5,-140.36826192001104,-3.342101474285977,-510.8234667720818,-522.7731006718195
1.75,0.6,1.5,60.0,20.0,50.0,42,4,-100.89437111055008,52.41637392116034,18.201510785422016,-56.658811059586824,-137.43296445645643,2,5,-224.36826192001104,-5.342101474285977,-510.8234667720818,-522.7731006718195
1.75,0.6,1.5,60.0,20.0,50.0,42,6,-116.89437111055008,36.41637392116034,-7.798489214577984,-66.65881105958682,-153.43296445645643,1,5,-308.36826192001104,-7.342101474285977,-510.8234667720818,-522.7731006718195
1.75,0.6,1.5,60.0,20.0,50.0,42,8,-132.89437111055008,20.416373921160343,-33.798489214577984,-76.65881105958682,-169.43296445645643,1,5,-392.36826192001104,-9.342101474285977,-510.8234667720818,-522.7731006718195
1.75,0.6,1.5,60.0,20.0,50.0,42,10,-148.89437111055008,4.416373921160343,-59.798489214577984,-86.65881105958682,-185.43296445645643,1,5,-476.36826192001104,-11.342101474285977,-510.8234667720818,-522.7731006718195
1.75,0.6,1.5,60.0,20.0,50.0,42,12,-164.89437111055008,-11.583626078839657,-85.79848921457798,-96.65881105958682,-201.43296445645643,0,5,-560.368261920011,-13.342101474285977,-510.8234667720818,-522.7731006718195
1.75,0.6,1.5,60.0,30.0,15.0,44,0,-129.61000871585003,-41.80439160614284,-73.46077739359492,4.317868202574118,-24.196477921300882,1,5,-264.75378743431463,-6.01713153259806,-751.343471828812,-728.1193406740647
1.75,0.6,1.5,60.0,30.0,15.0,44,2,-145.61000871585003,-57.80439160614284,-101.46077739359492,-5.682131797425882,-42.19647792130088,0,5,-352.75378743431463,-8.017131532598059,-751.343471828812,-728.1193406740647
1.75,0.6,1.5,60.0,30.0,15.0,44,4,-161.61000871585003,-73.80439160614284,-129.46077739359492,-15.682131797425882,-60.19647792130088,0,5,-440.75378743431463,-10.017131532598059,-751.343471828812,-728.1193406740647
1.75,0.6,1.5,60.0,30.0,15.0,44,6,-177.61000871585003,-89.80439160614284,-157.46077739359492,-25.682131797425882,-78.19647792130088,0,5,-528.7537874343146,-12.017131532598059,-751.343471828812,-728.1193406740647
1.75,0.6,1.5,60.0,30.0,15.0,44,8,-193.61000871585003,-105.80439160614284,-185.46077739359492,-35.68213179742588,-96.19647792130088,0,5,-616.7537874343146,-14.017131532598059,-751.343471828812,-728.1193406740647
1.75,0.6,1.5,60.0,30.0,15.0,44,10,-209.61000871585003,-121.80439160614284,-213.46077739359492,-45.68213179742588,-114.19647792130088,0,5,-704.7537874343146,-16.01713153259806,-751.343471828812,-728.1193406740647
1.75,0.6,1.5,60.0,30.0,15.0,44,12,-225.61000871585003,-137.80439160614284,-241.46077739359492,-55.68213179742588,-132.19647792130087,0,5,-792.7537874343146,-18.01713153259806,-751.343471828812,-728.1193406740647
1.75,0.6,1.5,60.0,30.0,25.0,42,0,-29.172327489032924,-68.39618128684992,-52.763366375535355,47.648171018504,-7.964182808111076,1,5,-110.64788694102526,-2.6344734985958396,-577.2375713355226,-558.6686713733134
1.75,0.6,1.5,60.0,30.0,25.0,42,2,-45.172327489032924,-84.39618128684992,-78.76336637553536,37.648171018504,-23.964182808111076,1,5,-194.64788694102526,-4.63447349859584,-577.2375713355226,-558.6686713733134
1.75,0.6,1.5,60.0,30.0,25.0,42,4,-61.172327489032924,-100.39618128684992,-104.76336637553536,27.648171018504,-39.964182808111076,1,5,-278.64788694102526,-6.63447349859584,-577.2375713355226,-558.6686713733134
1.75,0.6,1.5,60.0,30.0,25.0,42,6,-77.17232748903292,-116.39618128684992,-130.76336637553536,17.648171018504,-55.964182808111076,1,5,-362.64788694102526,-8.63447349859584,-577.2375713355226,-558.6686713733134
1.75,0.6,1.5,60.0,30.0,25.0,42,8,-93.17232748903292,-132.39618128684992,-156.76336637553536,7.6481710185040015,-71.96418280811108,1,5,-446.64788694102526,-10.63447349859584,-577.2375713355226,-558.6686713733134
1.75,0.6,1.5,60.0,30.0,25.0,42,10,-109.17232748903292,-148.39618128684992,-182.76336637553536,-2.3518289814959985,-87.96418280811108,0,5,-530.6478869410253,-12.63447349859584,-577.2375713355226,-558.6686713733134
1.75,0.6,1.5,60.0,30.0,25.0,42,12,-125.17232748903292,-164.39618128684992,-208.76336637553536,-12.351828981495999,-103.96418280811108,0,5,-614.6478869410253,-14.63447349859584,-577.2375713355226,-558.6686713733134
1.75,0.6,1.5,60.0,30.0,35.0,42,0,-68.49905659158469,-20.77104607580094,91.02192245754563,4.596475441023486,-48.70444072372467,2,5,-42.3561454925412,-1.0084796545843144,-520.8230680937721,-492.2688829501504
1.75,0.6,1.5,60.0,30.0,35.0,42,2,-84.49905659158469,-36.77104607580094,65.02192245754563,-5.403524558976514,-64.70444072372467,1,5,-126.3561454925412,-3.008479654584314,-520.8230680937721,-492.2688829501504
1.75,0.6,1.5,60.0,30.0,35.0,42,4,-100.49905659158469,-52.77104607580094,39.02192245754563,-15.403524558976514,-80.70444072372467,1,5,-210.3561454925412,-5.008479654584314,-520.8230680937721,-492.2688829501504
1.75,0.6,1.5,60.0,30.0,35.0,42,6,-116.49905659158469,-68.77104607580094,13.021922457545628,-25.403524558976514,-96.70444072372467,1,5,-294.3561454925412,-7.008479654584314,-520.8230680937721,-492.2688829501504
1.75,0.6,1.5,60.0,30.0,35.0,42,8,-132.4990565915847,-84.77104607580094,-12.978077542454372,-35.403524558976514,-112.70444072372467,0,5,-378.3561454925412,-9.008479654584315,-520.8230680937721,-492.2688829501504
1.75,0.6,1.5,60.0,30.0,35.0,42,10,-148.4990565915847,-100.77104607580094,-38.97807754245437,-45.403524558976514,-128.70444072372467,0,5,-462.3561454925412,-11.008479654584315,-520.8230680937721,-492.2688829501504
1.75,0.6,1.5,60.0,30.0,35.0,42,12,-164.4990565915847,-116.77104607580094,-64.97807754245437,-55.403524558976514,-144.70444072372467,0,5,-546.3561454925411,-13.008479654584313,-520.8230680937721,-492.2688829501504
1.75,0.6,1.5,60.0,30.0,50.0,42,0,-144.25298102622156,31.43266527988952,132.4361579663268,2.539940144777262,-64.14933682325682,3,5,-41.99355445848488,-0.9998465347258305,-520.4604770597158,-518.8149999354255
1.75,0.6,1.5,60.0,30.0,50.0,42,2,-160.25298102622156,15.43266527988952,106.43615796632677,-7.460059855222738,-80.14933682325682,2,5,-125.99355445848488,-2.9998465347258305,-520.4604770597158,-518.8149999354255
1.75,0.6,1.5,60.0,30.0,50.0,42,4,-176.25298102622156,-0.5673347201104804,80.43615796632677,-17.460059855222738,-96.14933682325682,1,5,-209.99355445848488,-4.9998465347258305,-520.4604770597158,-518.8149999354255
1.75,0.6,1.5,60.0,30.0,50.0,42,6,-192.25298102622156,-16.56733472011048,54.436157966326775,-27.460059855222738,-112.14933682325682,1,5,-293.9935544584849,-6.9998465347258305,-520.4604770597158,-518.8149999354255
1.75,0.6,1.5,60.0,30.0,50.0,42,8,-208.25298102622156,-32.56733472011048,28.436157966326775,-37.46005985522274,-128.14933682325682,1,5,-377.9935544584849,-8.99984653472583,-520.4604770597158,-518.8149999354255
1.75,0.6,1.5,60.0,30.0,50.0,42,10,-224.25298102622156,-48.56733472011048,2.4361579663267747,-47.46005985522274,-144.14933682325682,1,5,-461.9935544584849,-10.99984653472583,-520.4604770597158,-518.8149999354255
1.75,0.6,1.5,60.0,30.0,50.0,42,12,-240.25298102622156,-64.56733472011048,-23.563842033673225,-57.46005985522274,-160.14933682325682,0,5,-545.9935544584848,-12.99984653472583,-520.4604770597158,-518.8149999354255
1.75,0.6,1.5,60.0,40.0,15.0,44,0,-113.26575469683672,-117.13317144676208,-172.1324103714548,39.06207416463383,-69.51706104981372,1,5,-432.98632340023346,-9.840598259096215,-927.4958122881663,-927.4958122881663
1.75,0.6,1.5,60.0,40.0,15.0,44,2,-129.26575469683672,-133.13317144676208,-200.1324103714548,29.062074164633827,-87.51706104981372,1,5,-520.9863234002335,-11.840598259096215,-927.4958122881663,-927.4958122881663
1.75,0.6,1.5,60.0,40.0,15.0,44,4,-145.26575469683672,-149.13317144676208,-228.1324103714548,19.062074164633827,-105.51706104981372,1,5,-608.9863234002335,-13.840598259096215,-927.4958122881663,-927.4958122881663
1.75,0.6,1.5,60.0,40.0,15.0,44,6,-161.26575469683672,-165.13317144676208,-256.1324103714548,9.062074164633827,-123.51706104981372,1,5,-696.9863234002335,-15.840598259096215,-927.4958122881663,-927.4958122881663
1.75,0.6,1.5,60.0,40.0,15.0,44,8,-177.26575469683672,-181.13317144676208,-284.1324103714548,-0.9379258353661726,-141.51706104981372,0,5,-784.9863234002335,-17.840598259096215,-927.4958122881663,-927.4958122881663
1.75,0.6,1.5,60.0,40.0,15.0,44,10,-193.26575469683672,-197.13317144676208,-312.1324103714548,-10.937925835366173,-159.51706104981372,0,5,-872.9863234002335,-19.840598259096215,-927.4958122881663,-927.4958122881663
1.75,0.6,1.5,60.0,40.0,15.0,44,12,-209.26575469683672,-213.13317144676208,-340.1324103714548,-20.937925835366173,-177.51706104981372,0,5,-960.9863234002335,-21.840598259096215,-927.4958122881663,-927.4958122881663
1.75,0.6,1.5,60.0,40.0,25.0,42,0,-108.1860308934136,-143.7249611274692,-159.90919640633103,82.39237698056371,-35.59950041972928,1,5,-365.02731186637936,-8.691126473009032,-839.5368007543124,-839.5368007543124
1.75,0.6,1.5,60.0,40.0,25.0,42,2,-124.1860308934136,-159.7249611274692,-185.90919640633103,72.39237698056371,-51.59950041972928,1,5,-449.02731186637936,-10.691126473009032,-839.5368007543124,-839.5368007543124
1.75,0.6,1.5,60.0,40.0,25.0,42,4,-140.1860308934136,-175.7249611274692,-211.90919640633103,62.39237698056371,-67.59950041972928,1,5,-533.0273118663794,-12.691126473009032,-839.5368007543124,-839.5368007543124
1.75,0.6,1.5,60.0,40.0,25.0,42,6,-156.1860308934136,-191.7249611274692,-237.90919640633103,52.39237698056371,-83.59950041972928,1,5,-617.0273118663794,-14.691126473009032,-839.5368007543124,-839.5368007543124
1.75,0.6,1.5,60.0,40.0,25.0,42,8,-172.1860308934136,-207.7249611274692,-263.90919640633103,42.39237698056371,-99.59950041972928,1,5,-701.0273118663794,-16.69112647300903,-839.5368007543124,-839.5368007543124
1.75,0.6,1.5,60.0,40.0,25.0,42,10,-188.1860308934136,-223.7249611274692,-289.90919640633103,32.39237698056371,-115.59950041972928,1,5,-785.0273118663794,-18.69112647300903,-839.5368007543124,-839.5368007543124
1.75,0.6,1.5,60.0,40.0,25.0,42,12,-204.1860308934136,-239.7249611274692,-315.90919640633103,22.39237698056371,-131.59950041972928,1,5,-869.0273118663794,-20.69112647300903,-839.5368007543124,-839.5368007543124
1.75,0.6,1.5,60.0,40.0,35.0,42,0,-160.37499688198176,-69.92879152869676,-19.89788661303595,39.340681403083195,-76.33975833534288,1,5,-287.20075195597417,-6.8381131418089085,-761.7102408439072,-761.7102408439072
1.75,0.6,1.5,60.0,40.0,35.0,42,2,-176.37499688198176,-85.92879152869676,-45.89788661303595,29.340681403083195,-92.33975833534288,1,5,-371.20075195597417,-8.83811314180891,-761.7102408439072,-761.7102408439072
1.75,0.6,1.5,60.0,40.0,35.0,42,4,-192.37499688198176,-101.92879152869676,-71.89788661303595,19.340681403083195,-108.33975833534288,1,5,-455.20075195597417,-10.83811314180891,-761.7102408439072,-761.7102408439072
1.75,0.6,1.5,60.0,40.0,35.0,42,6,-208.37499688198176,-117.92879152869676,-97.89788661303595,9.340681403083195,-124.33975833534288,1,5,-539.2007519559742,-12.83811314180891,-761.7102408439072,-761.7102408439072
1.75,0.6,1.5,60.0,40.0,35.0,42,8,-224.37499688198176,-133.92879152869676,-123.89788661303595,-0.6593185969168047,-140.33975833534288,0,5,-623.2007519559742,-14.83811314180891,-761.7102408439072,-761.7102408439072
1.75,0.6,1.5,60.0,40.0,35.0,42,10,-240.37499688198176,-149.92879152869676,-149.89788661303595,-10.659318596916805,-156.33975833534288,0,5,-707.2007519559742,-16.838113141808908,-761.7102408439072,-761.7102408439072
1.75,0.6,1.5,60.0,40.0,35.0,42,12,-256.37499688198176,-165.92879152869676,-175.89788661303595,-20.659318596916805,-172.33975833534288,0,5,-791.2007519559742,-18.838113141808908,-761.7102408439072,-761.7102408439072
1.75,0.6,1.5,60.0,40.0,50.0,42,0,-253.02266434952048,-17.725080173006276,153.250373658963,37.28414610683697,-91.78465443487502,2,5,-171.99787919160178,-4.095187599800043,-646.5073680795348,-646.5073680795348
1.75,0.6,1.5,60.0,40.0,50.0,42,2,-269.0226643495205,-33.725080173006276,127.25037365896301,27.28414610683697,-107.78465443487502,2,5,-255.99787919160178,-6.095187599800043,-646.5073680795348,-646.5073680795348
1.75,0.6,1.5,60.0,40.0,50.0,42,4,-285.0226643495205,-49.725080173006276,101.25037365896301,17.28414610683697,-123.78465443487502,2,5,-339.9978791916018,-8.095187599800042,-646.5073680795348,-646.5073680795348
1.75,0.6,1.5,60.0,40.0,50.0,42,6,-301.0226643495205,-65.72508017300628,75.25037365896301,7.284146106836973,-139.78465443487502,2,5,-423.9978791916018,-10.095187599800042,-646.5073680795348,-646.5073680795348
1.75,0.6,1.5,60.0,40.0,50.0,42,8,-317.0226643495205,-81.72508017300628,49.250373658963014,-2.715853893163027,-155.78465443487502,1,5,-507.9978791916018,-12.095187599800042,-646.5073680795348,-646.5073680795348
1.75,0.6,1.5,60.0,40.0,50.0,42,10,-333.0226643495205,-97.72508017300628,23.250373658963014,-12.715853893163027,-171.78465443487502,1,5,-591.9978791916018,-14.095187599800042,-646.5073680795348,-646.5073680795348
1.75,0.6,1.5,60.0,40.0,50.0,42,12,-349.0226643495205,-113.72508017300628,-2.7496263410369863,-22.71585389316303,-187.78465443487502,0,5,-675.9978791916018,-16.09518759980004,-646.5073680795348,-646.5073680795348
1.75,0.6,1.5,60.0,60.0,15.0,43,0,-158.1914553635319,-169.86819153268755,-215.99538951425745,65.53896878753955,-47.244975878439476,1,5,-525.7610435013768,-12.227001011659924,-1010.2705323893096,-1010.2705323893096
1.75,0.6,1.5,60.0,60.0,15.0,43,2,-172.1914553635319,-185.86819153268755,-243.99538951425745,55.538968787539545,-65.24497587843948,1,5,-611.7610435013768,-14.227001011659924,-1010.2705323893096,-1010.2705323893096
1.75,0.6,1.5,60.0,60.0,15.0,43,4,-186.1914553635319,-201.86819153268755,-271.99538951425745,45.538968787539545,-83.24497587843948,1,5,-697.7610435013768,-16.227001011659926,-1010.2705323893096,-1010.2705323893096
1.75,0.6,1.5,60.0,60.0,15.0,43,6,-200.1914553635319,-217.86819153268755,-299.99538951425745,35.538968787539545,-101.24497587843948,1,5,-783.7610435013768,-18.227001011659926,-1010.2705323893096,-1010.2705323893096
1.75,0.6,1.5,60.0,60.0,15.0,43,8,-214.1914553635319,-233.86819153268755,-327.99538951425745,25.538968787539545,-119.24497587843948,1,5,-869.7610435013768,-20.227001011659926,-1010.2705323893096,-1010.2705323893096
1.75,0.6,1.5,60.0,60.0,15.0,43,10,-228.1914553635319,-249.86819153268755,-355.99538951425745,15.538968787539543,-137.24497587843948,1,5,-955.7610435013768,-22.227001011659926,-1010.2705323893096,-1010.2705323893096
1.75,0.6,1.5,60.0,60.0,15.0,43,12,-242.1914553635319,-265.86819153268755,-383.99538951425745,5.5389687875395435,-155.24497587843948,1,5,-1041.7610435013767,-24.227001011659922,-1010.2705323893096,-1010.2705323893096
1.75,0.6,1.5,60.0,60.0,25.0,41,0,-156.35036873385357,-196.45998121339466,-226.20377304570684,85.15069667670988,-3.6349047527571514,1,5,-497.49833106900235,-12.134105635829325,-962.0078199569354,-962.0078199569354
1.75,0.6,1.5,60.0,60.0,25.0,41,2,-170.35036873385357,-212.45998121339466,-252.20377304570684,75.15069667670988,-19.63490475275715,1,5,-579.4983310690023,-14.134105635829325,-962.0078199569354,-962.0078199569354
1.75,0.6,1.5,60.0,60.0,25.0,41,4,-184.35036873385357,-228.45998121339466,-278.20377304570684,65.15069667670988,-35.63490475275715,1,5,-661.4983310690023,-16.134105635829325,-962.0078199569354,-962.0078199569354
1.75,0.6,1.5,60.0,60.0,25.0,41,6,-198.35036873385357,-244.45998121339466,-304.20377304570684,55.150696676709885,-51.63490475275715,1,5,-743.4983310690023,-18.134105635829325,-962.0078199569354,-962.0078199569354
1.75,0.6,1.5,60.0,60.0,25.0,41,8,-212.35036873385357,-260.45998121339466,-330.20377304570684,45.150696676709885,-67.63490475275715,1,5,-825.4983310690023,-20.134105635829325,-962.0078199569354,-962.0078199569354
1.75,0.6,1.5,60.0,60.0,25.0,41,10,-226.35036873385357,-276.45998121339466,-356.20377304570684,35.150696676709885,-83.63490475275715,1,5,-907.4983310690023,-22.134105635829325,-962.0078199569354,-962.0078199569354
1.75,0.6,1.5,60.0,60.0,25.0,41,12,-240.35036873385357,-292.45998121339466,-382.20377304570684,25.150696676709885,-99.63490475275715,1,5,-989.4983310690023,-24.134105635829325,-962.0078199569354,-962.0078199569354
1.75,0.6,1.5,60.0,60.0,35.0,41,0,-195.67709783640532,-131.28908630639188,-73.7990149194892,42.099001099229376,-44.37516266837076,1,5,-403.0413606314278,-9.830277088571409,-871.1732600560046,-871.1732600560046
1.75,0.6,1.5,60.0,60.0,35.0,41,2,-209.67709783640532,-147.28908630639188,-99.7990149194892,32.099001099229376,-60.37516266837076,1,5,-485.0413606314278,-11.830277088571409,-871.1732600560046,-871.1732600560046
1.75,0.6,1.5,60.0,60.0,35.0,41,4,-223.67709783640532,-163.28908630639188,-125.7990149194892,22.099001099229376,-76.37516266837076,1,5,-567.0413606314278,-13.830277088571409,-871.1732600560046,-871.1732600560046
1.75,0.6,1.5,60.0,60.0,35.0,41,6,-237.67709783640532,-179.28908630639188,-151.7990149194892,12.099001099229376,-92.37516266837076,1,5,-649.0413606314278,-15.830277088571409,-871.1732600560046,-871.1732600560046
1.75,0.6,1.5,60.0,60.0,35.0,41,8,-251.67709783640532,-195.28908630639188,-177.7990149194892,2.099001099229376,-108.37516266837076,1,5,-731.0413606314278,-17.83027708857141,-871.1732600560046,-871.1732600560046
1.75,0.6,1.5,60.0,60.0,35.0,41,10,-265.6770978364053,-211.28908630639188,-203.7990149194892,-7.900998900770624,-124.37516266837076,0,5,-813.0413606314278,-19.83027708857141,-871.1732600560046,-871.1732600560046
1.75,0.6,1.5,60.0,60.0,35.0,41,12,-279.6770978364053,-227.28908630639188,-229.7990149194892,-17.900998900770624,-140.37516266837076,0,5,-895.0413606314278,-21.83027708857141,-871.1732600560046,-871.1732600560046
1.75,0.6,1.5,60.0,60.0,50.0,41,0,-301.1775672781364,-53.795969090719524,106.62012585923642,40.04246580298315,-59.82005876790288,2,5,-268.1310034745393,-6.539780572549739,-760.971443646558,-738.4754489883424
1.75,0.6,1.5,60.0,60.0,50.0,41,2,-315.1775672781364,-69.79596909071952,80.62012585923642,30.042465802983152,-75.82005876790288,2,5,-350.1310034745393,-8.539780572549738,-760.971443646558,-738.4754489883424
1.75,0.6,1.5,60.0,60.0,50.0,41,4,-329.1775672781364,-85.79596909071952,54.620125859236424,20.042465802983152,-91.82005876790288,2,5,-432.1310034745393,-10.539780572549738,-760.971443646558,-738.4754489883424
1.75,0.6,1.5,60.0,60.0,50.0,41,6,-343.1775672781364,-101.79596909071952,28.620125859236424,10.042465802983152,-107.82005876790288,2,5,-514.1310034745393,-12.539780572549738,-760.971443646558,-738.4754489883424
1.75,0.6,1.5,60.0,60.0,50.0,41,8,-357.1775672781364,-117.79596909071952,2.620125859236424,0.042465802983151946,-123.82005876790288,2,5,-596.1310034745393,-14.539780572549738,-760.971443646558,-738.4754489883424
1.75,0.6,1.5,60.0,60.0,50.0,41,10,-371.1775672781364,-133.79596909071952,-23.379874140763576,-9.957534197016848,-139.82005876790288,0,5,-678.1310034745393,-16.539780572549738,-760.971443646558,-738.4754489883424
1.75,0.6,1.5,60.0,60.0,50.0,41,12,-385.1775672781364,-149.79596909071952,-49.379874140763576,-19.957534197016848,-155.82005876790288,0,5,-760.1310034745393,-18.539780572549738,-760.971443646558,-738.4754489883424
1.75,0.6,1.5,90.0,20.0,15.0,44,0,-87.73983445084735,-16.149746982922366,-51.639815609800195,20.566027106477,-16.402535815738887,1,5,-151.36590575283185,-3.4401342216552693,-625.8211106049026,-608.7506899259342
1.75,0.6,1.5,90.0,20.0,15.0,44,2,-103.73983445084735,-32.149746982922366,-79.6398156098002,10.566027106477001,-34.40253581573889,1,5,-239.36590575283185,-5.44013422165527,-625.8211106049026,-608.7506899259342
1.75,0.6,1.5,90.0,20.0,15.0,44,4,-119.73983445084735,-48.149746982922366,-107.6398156098002,0.5660271064770015,-52.40253581573889,1,5,-327.36590575283185,-7.44013422165527,-625.8211106049026,-608.7506899259342
1.75,0.6,1.5,90.0,20.0,15.0,44,6,-135.73983445084735,-64.14974698292237,-135.6398156098002,-9.433972893522999,-70.40253581573889,0,5,-415.36590575283185,-9.440134221655269,-625.8211106049026,-608.7506899259342
1.75,0.6,1.5,90.0,20.0,15.0,44,8,-151.73983445084735,-80.14974698292237,-163.6398156098002,-19.433972893523,-88.40253581573889,0,5,-503.36590575283185,-11.440134221655269,-625.8211106049026,-608.7506899259342
1.75,0.6,1.5,90.0,20.0,15.0,44,10,-167.73983445084735,-96.14974698292237,-191.6398156098002,-29.433972893523,-106.40253581573889,0,5,-591.3659057528318,-13.440134221655269,-625.8211106049026,-608.7506899259342
1.75,0.6,1.5,90.0,20.0,15.0,44,12,-183.73983445084735,-112.14974698292237,-219.6398156098002,-39.433972893523,-124.40253581573889,0,5,-679.3659057528318,-15.440134221655269,-625.8211106049026,-608.7506899259342
1.75,0.6,1.5,90.0,20.0,25.0,42,0,6.004905743710211,-10.603009878933861,-36.35318685179064,8.44941981413993,-49.24781044131066,2,5,-81.74968161418508,-1.9464209908139305,-536.2048864662559,-519.1344657872875
1.75,0.6,1.5,90.0,20.0,25.0,42,2,-9.99509425628979,-26.60300987893386,-62.35318685179064,-1.5505801858600705,-65.24781044131066,0,5,-165.74968161418508,-3.9464209908139303,-536.2048864662559,-519.1344657872875
1.75,0.6,1.5,90.0,20.0,25.0,42,4,-25.99509425628979,-42.60300987893386,-88.35318685179064,-11.55058018586007,-81.24781044131066,0,5,-249.74968161418508,-5.94642099081393,-536.2048864662559,-519.1344657872875
1.75,0.6,1.5,90.0,20.0,25.0,42,6,-41.99509425628979,-58.60300987893386,-114.35318685179064,-21.55058018586007,-97.24781044131066,0,5,-333.7496816141851,-7.94642099081393,-536.2048864662559,-519.1344657872875
1.75,0.6,1.5,90.0,20.0,25.0,42,8,-57.99509425628979,-74.60300987893386,-140.35318685179064,-31.55058018586007,-113.24781044131066,0,5,-417.7496816141851,-9.94642099081393,-536.2048864662559,-519.1344657872875
1.75,0.6,1.5,90.0,20.0,25.0,42,10,-73.99509425628979,-90.60300987893386,-166.35318685179064,-41.55058018586007,-129.24781044131066,0,5,-501.7496816141851,-11.94642099081393,-536.2048864662559,-519.1344657872875
1.75,0.6,1.5,90.0,20.0,25.0,42,12,-89.99509425628979,-106.60300987893386,-192.35318685179064,-51.55058018586007,-145.24781044131066,0,5,-585.7496816141851,-13.94642099081393,-536.2048864662559,-519.1344657872875
1.75,0.6,1.5,90.0,20.0,35.0,42,0,-10.42913036374864,25.932810413952055,53.900975040291314,-34.6022757633406,-89.98806835692426,2,5,-55.18568902977006,-1.3139449768992872,-510.99251245724577,-493.46424748288615
1.75,0.6,1.5,90.0,20.0,35.0,42,2,-26.42913036374864,9.932810413952055,27.900975040291314,-44.6022757633406,-105.98806835692426,2,5,-139.18568902977006,-3.313944976899287,-510.99251245724577,-493.46424748288615
1.75,0.6,1.5,90.0,20.0,35.0,42,4,-42.42913036374864,-6.067189586047945,1.9009750402913141,-54.6022757633406,-121.98806835692426,1,5,-223.18568902977006,-5.313944976899287,-510.99251245724577,-493.46424748288615
1.75,0.6,1.5,90.0,20.0,35.0,42,6,-58.42913036374864,-22.067189586047945,-24.099024959708686,-64.6022757633406,-137.98806835692426,0,5,-307.18568902977006,-7.313944976899287,-510.99251245724577,-493.46424748288615
1.75,0.6,1.5,90.0,20.0,35.0,42,8,-74.42913036374864,-38.067189586047945,-50.099024959708686,-74.6022757633406,-153.98806835692426,0,5,-391.18568902977006,-9.313944976899288,-510.99251245724577,-493.46424748288615
1.75,0.6,1.5,90.0,20.0,35.0,42,10,-90.42913036374864,-54.067189586047945,-76.09902495970869,-84.6022757633406,-169.98806835692426,0,5,-475.18568902977006,-11.313944976899288,-510.99251245724577,-493.46424748288615
1.75,0.6,1.5,90.0,20.0,35.0,42,12,-106.42913036374864,-70.06718958604795,-102.09902495970869,-94.6022757633406,-185.98806835692426,0,5,-559.1856890297701,-13.313944976899288,-510.99251245724577,-493.46424748288615
1.75,0.6,1.5,90.0,20.0,50.0,42,0,-68.89437111055008,84.58927094364853,158.51324222467096,-36.658811059586824,-119.94633935828955,2,5,17.60299163989299,0.41911884856888076,-471.9699644580652,-448.8018471119155
1.75,0.6,1.5,90.0,20.0,50.0,42,2,-84.89437111055008,68.58927094364853,132.51324222467096,-46.658811059586824,-135.94633935828955,2,5,-66.39700836010701,-1.5808811514311192,-471.9699644580652,-448.8018471119155
1.75,0.6,1.5,90.0,20.0,50.0,42,4,-100.89437111055008,52.589270943648536,106.51324222467096,-56.658811059586824,-151.94633935828955,2,5,-150.397008360107,-3.5808811514311194,-471.9699644580652,-448.8018471119155
1.75,0.6,1.5,90.0,20.0,50.0,42,6,-116.89437111055008,36.589270943648536,80.51324222467096,-66.65881105958682,-167.94633935828955,2,5,-234.397008360107,-5.580881151431119,-471.9699644580652,-448.8018471119155
1.75,0.6,1.5,90.0,20.0,50.0,42,8,-132.89437111055008,20.589270943648536,54.51324222467096,-76.65881105958682,-183.94633935828955,2,5,-318.397008360107,-7.580881151431119,-471.9699644580652,-448.8018471119155
1.75,0.6,1.5,90.0,20.0,50.0,42,10,-148.89437111055008,4.589270943648536,28.51324222467096,-86.65881105958682,-199.94633935828955,2,5,-402.397008360107,-9.58088115143112,-471.9699644580652,-448.8018471119155
1.75,0.6,1.5,90.0,20.0,50.0,42,12,-164.89437111055008,-11.410729056351464,2.513242224670961,-96.65881105958682,-215.94633935828955,1,5,-486.397008360107,-11.58088115143112,-471.9699644580652,-448.8018471119155
1.75,0.6,1.5,90.0,30.0,15.0,44,0,-129.61000871585003,-41.80439160614284,-50.7147247717113,4.317868202574118,-24.196477921300882,1,5,-242.00773481243095,-5.500175791191612,-728.5974192069283,-722.2812729777784
1.75,0.6,1.5,90.0,30.0,15.0,44,2,-145.61000871585003,-57.80439160614284,-78.7147247717113,-5.682131797425882,-42.19647792130088,0,5,-330.00773481243095,-7.500175791191612,-728.5974192069283,-722.2812729777784
1.75,0.6,1.5,90.0,30.0,15.0,44,4,-161.61000871585003,-73.80439160614284,-106.7147247717113,-15.682131797425882,-60.19647792130088,0,5,-418.00773481243095,-9.500175791191612,-728.5974192069283,-722.2812729777784
1.75,0.6,1.5,90.0,30.0,15.0,44,6,-177.61000871585003,-89.80439160614284,-134.7147247717113,-25.682131797425882,-78.19647792130088,0,5,-506.00773481243095,-11.500175791191612,-728.5974192069283,-722.2812729777784
1.75,0.6,1.5,90.0,30.0,15.0,44,8,-193.61000871585003,-105.80439160614284,-162.7147247717113,-35.68213179742588,-96.19647792130088,0,5,-594.007734812431,-13.500175791191612,-728.5974192069283,-722.2812729777784
1.75,0.6,1.5,90.0,30.0,15.0,44,10,-209.61000871585003,-121.80439160614284,-190.7147247717113,-45.68213179742588,-114.19647792130088,0,5,-682.007734812431,-15.500175791191612,-728.5974192069283,-722.2812729777784
1.75,0.6,1.5,90.0,30.0,15.0,44,12,-225.61000871585003,-137.80439160614284,-218.7147247717113,-55.68213179742588,-132.19647792130087,0,5,-770.007734812431,-17.500175791191612,-728.5974192069283,-722.2812729777784
1.75,0.6,1.5,90.0,30.0,25.0,42,0,-12.258380878303754,-68.22328426436172,-30.017313753651706,47.648171018504,-7.964182808111076,1,5,-70.81499068592427,-1.6860712068077208,-537.4046750804216,-531.0885288512717
1.75,0.6,1.5,90.0,30.0,25.0,42,2,-28.258380878303754,-84.22328426436172,-56.017313753651706,37.648171018504,-23.964182808111076,1,5,-154.81499068592427,-3.686071206807721,-537.4046750804216,-531.0885288512717
1.75,0.6,1.5,90.0,30.0,25.0,42,4,-44.258380878303754,-100.22328426436172,-82.0173137536517,27.648171018504,-39.964182808111076,1,5,-238.81499068592427,-5.68607120680772,-537.4046750804216,-531.0885288512717
1.75,0.6,1.5,90.0,30.0,25.0,42,6,-60.258380878303754,-116.22328426436172,-108.0173137536517,17.648171018504,-55.964182808111076,1,5,-322.8149906859243,-7.68607120680772,-537.4046750804216,-531.0885288512717
1.75,0.6,1.5,90.0,30.0,25.0,42,8,-76.25838087830375,-132.22328426436172,-134.0173137536517,7.6481710185040015,-71.96418280811108,1,5,-406.8149906859243,-9.686071206807721,-537.4046750804216,-531.0885288512717
1.75,0.6,1.5,90.0,30.0,25.0,42,10,-92.25838087830375,-148.22328426436172,-160.0173137536517,-2.3518289814959985,-87.96418280811108,0,5,-490.8149906859243,-11.686071206807721,-537.4046750804216,-531.0885288512717
1.75,0.6,1.5,90.0,30.0,25.0,42,12,-108.25838087830375,-164.22328426436172,-186.0173137536517,-12.351828981495999,-103.96418280811108,0,5,-574.8149906859243,-13.686071206807721,-537.4046750804216,-531.0885288512717
1.75,0.6,1.5,90.0,30.0,35.0,42,0,-51.58510998085555,-20.59814905331274,130.58778677918565,4.596475441023486,-48.70444072372467,2,5,14.296562462316217,0.3403943443408623,-466.1895411119667,-435.7890720177812
1.75,0.6,1.5,90.0,30.0,35.0,42,2,-67.58510998085555,-36.59814905331274,104.58778677918565,-5.403524558976514,-64.70444072372467,1,5,-69.70343753768378,-1.6596056556591376,-466.1895411119667,-435.7890720177812
1.75,0.6,1.5,90.0,30.0,35.0,42,4,-83.58510998085555,-52.59814905331274,78.58778677918565,-15.403524558976514,-80.70444072372467,1,5,-153.70343753768378,-3.6596056556591376,-466.1895411119667,-435.7890720177812
1.75,0.6,1.5,90.0,30.0,35.0,42,6,-99.58510998085555,-68.59814905331274,52.58778677918565,-25.403524558976514,-96.70444072372467,1,5,-237.70343753768378,-5.659605655659138,-466.1895411119667,-435.7890720177812
1.75,0.6,1.5,90.0,30.0,35.0,42,8,-115.58510998085555,-84.59814905331274,26.587786779185645,-35.403524558976514,-112.70444072372467,1,5,-321.7034375376838,-7.659605655659138,-466.1895411119667,-435.7890720177812
1.75,0.6,1.5,90.0,30.0,35.0,42,10,-131.58510998085555,-100.59814905331274,0.5877867791856453,-45.403524558976514,-128.70444072372467,1,5,-405.7034375376838,-9.659605655659139,-466.1895411119667,-435.7890720177812
1.75,0.6,1.5,90.0,30.0,35.0,42,12,-147.58510998085555,-116.59814905331274,-25.412213220814355,-55.403524558976514,-144.70444072372467,0,5,-489.7034375376838,-11.659605655659139,-466.1895411119667,-435.7890720177812
1.75,0.6,1.5,90.0,30.0,50.0,42,0,-127.33903441549239,50.965212181594794,246.50417809128714,2.539940144777262,-78.66271172508996,3,5,94.00758427707689,2.2382758161208782,-406.8694959486032,-424.9195637009644
1.75,0.6,1.5,90.0,30.0,50.0,42,2,-143.3390344154924,34.965212181594794,220.50417809128714,-7.460059855222738,-94.66271172508996,2,5,10.007584277076887,0.23827581612087828,-406.8694959486032,-424.9195637009644
1.75,0.6,1.5,90.0,30.0,50.0,42,4,-159.3390344154924,18.965212181594794,194.50417809128714,-17.460059855222738,-110.66271172508996,2,5,-73.99241572292311,-1.7617241838791218,-406.8694959486032,-424.9195637009644
1.75,0.6,1.5,90.0,30.0,50.0,42,6,-175.3390344154924,2.9652121815947936,168.50417809128714,-27.460059855222738,-126.66271172508996,2,5,-157.9924157229231,-3.7617241838791218,-406.8694959486032,-424.9195637009644
1.75,0.6,1.5,90.0,30.0,50.0,42,8,-191.3390344154924,-13.034787818405206,142.50417809128714,-37.46005985522274,-142.66271172508996,1,5,-241.9924157229231,-5.761724183879122,-406.8694959486032,-424.9195637009644
1.75,0.6,1.5,90.0,30.0,50.0,42,10,-207.3390344154924,-29.034787818405206,116.50417809128716,-47.46005985522274,-158.66271172508996,1,5,-325.9924157229231,-7.761724183879122,-406.8694959486032,-424.9195637009644
1.75,0.6,1.5,90.0,30.0,50.0,42,12,-223.3390344154924,-45.034787818405206,90.50417809128716,-57.46005985522274,-174.66271172508996,1,5,-409.9924157229231,-9.76172418387912,-406.8694959486032,-424.9195637009644
1.75,0.6,1.5,90.0,40.0,15.0,44,0,-113.26575469683672,-117.13317144676208,-149.38635774957118,39.06207416463383,-87.81827472083538,1,5,-428.5414844493714,-9.739579192031169,-923.0509733373044,-923.0509733373044
1.75,0.6,1.5,90.0,40.0,15.0,44,2,-129.26575469683672,-133.13317144676208,-177.38635774957118,29.062074164633827,-105.81827472083538,1,5,-516.5414844493714,-11.739579192031169,-923.0509733373044,-923.0509733373044
1.75,0.6,1.5,90.0,40.0,15.0,44,4,-145.26575469683672,-149.13317144676208,-205.38635774957118,19.062074164633827,-123.81827472083538,1,5,-604.5414844493714,-13.739579192031169,-923.0509733373044,-923.0509733373044
1.75,0.6,1.5,90.0,40.0,15.0,44,6,-161.26575469683672,-165.13317144676208,-233.38635774957118,9.062074164633827,-141.81827472083538,1,5,-692.5414844493714,-15.739579192031169,-923.0509733373044,-923.0509733373044
1.75,0.6,1.5,90.0,40.0,15.0,44,8,-177.26575469683672,-181.13317144676208,-261.3863577495712,-0.9379258353661726,-159.81827472083538,0,5,-780.5414844493714,-17.73957919203117,-923.0509733373044,-923.0509733373044
1.75,0.6,1.5,90.0,40.0,15.0,44,10,-193.26575469683672,-197.13317144676208,-289.3863577495712,-10.937925835366173,-177.81827472083538,0,5,-868.5414844493714,-19.73957919203117,-923.0509733373044,-923.0509733373044
1.75,0.6,1.5,90.0,40.0,15.0,44,12,-209.26575469683672,-213.13317144676208,-317.3863577495712,-20.937925835366173,-195.81827472083538,0,5,-956.5414844493714,-21.73957919203117,-923.0509733373044,-923.0509733373044
1.75,0.6,1.5,90.0,40.0,25.0,42,0,-47.294155427214434,-143.55206410498096,-137.16314378444736,82.39237698056371,14.412108271933164,2,5,-231.20487806414587,-5.50487804914633,-709.0246904014011,-711.1578821843513
1.75,0.6,1.5,90.0,40.0,25.0,42,2,-63.294155427214434,-159.55206410498096,-163.16314378444736,72.39237698056371,-1.587891728066836,1,5,-315.2048780641459,-7.50487804914633,-709.0246904014011,-711.1578821843513
1.75,0.6,1.5,90.0,40.0,25.0,42,4,-79.29415542721443,-175.55206410498096,-189.16314378444736,62.39237698056371,-17.587891728066836,1,5,-399.2048780641459,-9.504878049146331,-709.0246904014011,-711.1578821843513
1.75,0.6,1.5,90.0,40.0,25.0,42,6,-95.29415542721443,-191.55206410498096,-215.16314378444736,52.39237698056371,-33.587891728066836,1,5,-483.2048780641459,-11.504878049146331,-709.0246904014011,-711.1578821843513
1.75,0.6,1.5,90.0,40.0,25.0,42,8,-111.29415542721443,-207.55206410498096,-241.16314378444736,42.39237698056371,-49.587891728066836,1,5,-567.2048780641459,-13.504878049146331,-709.0246904014011,-711.1578821843513
1.75,0.6,1.5,90.0,40.0,25.0,42,10,-127.29415542721443,-223.55206410498096,-267.16314378444736,32.39237698056371,-65.58789172806684,1,5,-651.2048780641459,-15.504878049146331,-709.0246904014011,-711.1578821843513
1.75,0.6,1.5,90.0,40.0,25.0,42,12,-143.29415542721443,-239.55206410498096,-293.16314378444736,22.39237698056371,-81.58789172806684,1,5,-735.2048780641459,-17.50487804914633,-709.0246904014011,-711.1578821843513
1.75,0.6,1.5,90.0,40.0,35.0,42,0,-99.48312141578259,-69.75589450620856,19.667977708604056,39.340681403083195,-26.328149643680433,2,5,-136.55850645398425,-3.251393010809149,-628.8121868493694,-611.0679953419173
1.75,0.6,1.5,90.0,40.0,35.0,42,2,-115.48312141578259,-85.75589450620856,-6.332022291395944,29.340681403083195,-42.32814964368043,1,5,-220.55850645398425,-5.251393010809148,-628.8121868493694,-611.0679953419173
1.75,0.6,1.5,90.0,40.0,35.0,42,4,-131.4831214157826,-101.75589450620856,-32.332022291395944,19.340681403083195,-58.32814964368043,1,5,-304.55850645398425,-7.251393010809148,-628.8121868493694,-611.0679953419173
1.75,0.6,1.5,90.0,40.0,35.0,42,6,-147.4831214157826,-117.75589450620856,-58.332022291395944,9.340681403083195,-74.32814964368043,1,5,-388.55850645398425,-9.25139301080915,-628.8121868493694,-611.0679953419173
1.75,0.6,1.5,90.0,40.0,35.0,42,8,-163.4831214157826,-133.75589450620856,-84.33202229139594,-0.6593185969168047,-90.32814964368043,0,5,-472.55850645398425,-11.25139301080915,-628.8121868493694,-611.0679953419173
1.75,0.6,1.5,90.0,40.0,35.0,42,10,-179.4831214157826,-149.75589450620856,-110.33202229139594,-10.659318596916805,-106.32814964368043,0,5,-556.5585064539843,-13.25139301080915,-628.8121868493694,-611.0679953419173
1.75,0.6,1.5,90.0,40.0,35.0,42,12,-195.4831214157826,-165.75589450620856,-136.33202229139596,-20.659318596916805,-122.32814964368043,0,5,-640.5585064539843,-15.25139301080915,-628.8121868493694,-611.0679953419173
1.75,0.6,1.5,90.0,40.0,50.0,42,0,-192.13078888332132,15.942089857702882,316.68812183090887,37.28414610683697,-56.28642064504572,3,5,121.49714826708168,2.8927892444543257,-399.75008705292254,-423.9430627488178
1.75,0.6,1.5,90.0,40.0,50.0,42,2,-208.13078888332132,-0.05791014229711777,290.68812183090887,27.28414610683697,-72.28642064504572,2,5,37.497148267081684,0.8927892444543258,-399.75008705292254,-423.9430627488178
1.75,0.6,1.5,90.0,40.0,50.0,42,4,-224.13078888332132,-16.057910142297118,264.68812183090887,17.28414610683697,-88.28642064504572,2,5,-46.502851732918316,-1.1072107555456743,-399.75008705292254,-423.9430627488178
1.75,0.6,1.5,90.0,40.0,50.0,42,6,-240.13078888332132,-32.05791014229712,238.68812183090887,7.284146106836973,-104.28642064504572,2,5,-130.50285173291832,-3.1072107555456743,-399.75008705292254,-423.9430627488178
1.75,0.6,1.5,90.0,40.0,50.0,42,8,-256.1307888833213,-48.05791014229712,212.68812183090887,-2.715853893163027,-120.28642064504572,1,5,-214.50285173291832,-5.107210755545674,-399.75008705292254,-423.9430627488178
1.75,0.6,1.5,90.0,40.0,50.0,42,10,-272.1307888833213,-64.05791014229712,186.68812183090887,-12.715853893163027,-136.28642064504572,1,5,-298.5028517329183,-7.107210755545674,-399.75008705292254,-423.9430627488178
1.75,0.6,1.5,90.0,40.0,50.0,42,12,-288.1307888833213,-80.05791014229712,160.68812183090887,-22.71585389316303,-152.28642064504572,1,5,-382.5028517329183,-9.107210755545674,-399.75008705292254,-423.9430627488178
1.75,0.6,1.5,90.0,60.0,15.0,43,0,-158.1914553635319,-158.72185301806823,-222.3483465796583,65.53896878753955,-65.54618954946116,1,5,-539.26887572318,-12.541136644725118,-1023.7783646111128,-1023.7783646111128
1.75,0.6,1.5,90.0,60.0,15.0,43,2,-172.1914553635319,-174.72185301806823,-250.3483465796583,55.538968787539545,-83.54618954946116,1,5,-625.26887572318,-14.541136644725118,-1023.7783646111128,-1023.7783646111128
1.75,0.6,1.5,90.0,60.0,15.0,43,4,-186.1914553635319,-190.72185301806823,-278.3483465796583,45.538968787539545,-101.54618954946116,1,5,-711.26887572318,-16.541136644725118,-1023.7783646111128,-1023.7783646111128
1.75,0.6,1.5,90.0,60.0,15.0,43,6,-200.1914553635319,-206.72185301806823,-306.3483465796583,35.538968787539545,-119.54618954946116,1,5,-797.26887572318,-18.541136644725118,-1023.7783646111128,-1023.7783646111128
1.75,0.6,1.5,90.0,60.0,15.0,43,8,-214.1914553635319,-222.72185301806823,-334.3483465796583,25.538968787539545,-137.54618954946116,1,5,-883.26887572318,-20.541136644725118,-1023.7783646111128,-1023.7783646111128
1.75,0.6,1.5,90.0,60.0,15.0,43,10,-228.1914553635319,-238.72185301806823,-362.3483465796583,15.538968787539543,-155.54618954946116,1,5,-969.26887572318,-22.541136644725118,-1023.7783646111128,-1023.7783646111128
1.75,0.6,1.5,90.0,60.0,15.0,43,12,-242.1914553635319,-254.72185301806823,-390.3483465796583,5.5389687875395435,-173.54618954946116,1,5,-1055.26887572318,-24.541136644725114,-1023.7783646111128,-1023.7783646111128
1.75,0.6,1.5,90.0,60.0,25.0,41,0,-55.10379674391412,-185.14074567628722,-174.0754291697773,80.4633915787945,125.46071874856818,2,5,-208.39586126261588,-5.082825884454046,-748.7605860299258,-696.801310491951
1.75,0.6,1.5,90.0,60.0,25.0,41,2,-69.10379674391412,-201.14074567628722,-200.0754291697773,70.4633915787945,109.46071874856818,2,5,-290.3958612626159,-7.082825884454046,-748.7605860299258,-696.801310491951
1.75,0.6,1.5,90.0,60.0,25.0,41,4,-83.10379674391412,-217.14074567628722,-226.0754291697773,60.4633915787945,93.46071874856818,2,5,-372.3958612626159,-9.082825884454046,-748.7605860299258,-696.801310491951
1.75,0.6,1.5,90.0,60.0,25.0,41,6,-97.10379674391412,-233.14074567628722,-252.0754291697773,50.4633915787945,77.46071874856818,2,5,-454.3958612626159,-11.082825884454046,-748.7605860299258,-696.801310491951
1.75,0.6,1.5,90.0,60.0,25.0,41,8,-111.10379674391412,-249.14074567628722,-278.0754291697773,40.4633915787945,61.46071874856818,2,5,-536.3958612626159,-13.082825884454046,-748.7605860299258,-696.801310491951
1.75,0.6,1.5,90.0,60.0,25.0,41,10,-125.10379674391412,-265.1407456762872,-304.0754291697773,30.4633915787945,45.46071874856818,2,5,-618.3958612626159,-15.082825884454046,-748.7605860299258,-696.801310491951
1.75,0.6,1.5,90.0,60.0,25.0,41,12,-139.10379674391413,-281.1407456762872,-330.0754291697773,20.4633915787945,29.460718748568183,2,5,-700.3958612626159,-17.082825884454046,-748.7605860299258,-696.801310491951
1.75,0.6,1.5,90.0,60.0,35.0,41,0,-94.43052584646588,-119.96985076928439,2.9205678885412,37.41169600131399,84.72046083295459,3,5,-89.34765189294052,-2.1792110217790372,-629.7123766602504,-557.4795513175172
1.75,0.6,1.5,90.0,60.0,35.0,41,2,-108.43052584646588,-135.9698507692844,-23.0794321114588,27.41169600131399,68.72046083295459,2,5,-171.34765189294052,-4.179211021779037,-629.7123766602504,-557.4795513175172
1.75,0.6,1.5,90.0,60.0,35.0,41,4,-122.43052584646588,-151.9698507692844,-49.0794321114588,17.41169600131399,52.720460832954586,2,5,-253.34765189294052,-6.179211021779037,-629.7123766602504,-557.4795513175172
1.75,0.6,1.5,90.0,60.0,35.0,41,6,-136.43052584646588,-167.9698507692844,-75.0794321114588,7.411696001313992,36.720460832954586,2,5,-335.3476518929405,-8.179211021779038,-629.7123766602504,-557.4795513175172
1.75,0.6,1.5,90.0,60.0,35.0,41,8,-150.43052584646588,-183.9698507692844,-101.0794321114588,-2.5883039986860084,20.720460832954586,1,5,-417.3476518929405,-10.179211021779038,-629.7123766602504,-557.4795513175172
1.75,0.6,1.5,90.0,60.0,35.0,41,10,-164.43052584646588,-199.9698507692844,-127.0794321114588,-12.588303998686008,4.720460832954586,1,5,-499.3476518929405,-12.179211021779038,-629.7123766602504,-557.4795513175172
1.75,0.6,1.5,90.0,60.0,35.0,41,12,-178.43052584646588,-215.9698507692844,-153.0794321114588,-22.58830399868601,-11.279539167045414,0,5,-581.3476518929406,-14.179211021779038,-629.7123766602504,-557.4795513175172
1.75,0.6,1.5,90.0,60.0,50.0,41,0,-199.93099528819698,17.83658784990834,241.28108235766302,35.35516070506777,54.762189831589296,4,5,149.30402545603147,3.6415615964885726,-391.0606993112784,-342.87592595832734
1.75,0.6,1.5,90.0,60.0,50.0,41,2,-213.93099528819698,1.8365878499083408,215.28108235766302,25.355160705067767,38.762189831589296,4,5,67.30402545603147,1.6415615964885724,-391.0606993112784,-342.87592595832734
1.75,0.6,1.5,90.0,60.0,50.0,41,4,-227.93099528819698,-14.16341215009166,189.28108235766302,15.355160705067767,22.762189831589296,3,5,-14.695974543968532,-0.35843840351142764,-391.0606993112784,-342.87592595832734
1.75,0.6,1.5,90.0,60.0,50.0,41,6,-241.93099528819698,-30.16341215009166,163.28108235766302,5.355160705067767,6.762189831589296,3,5,-96.69597454396853,-2.3584384035114274,-391.0606993112784,-342.87592595832734
1.75,0.6,1.5,90.0,60.0,50.0,41,8,-255.93099528819698,-46.16341215009166,137.28108235766302,-4.644839294932233,-9.237810168410704,1,5,-178.69597454396853,-4.358438403511427,-391.0606993112784,-342.87592595832734
1.75,0.6,1.5,90.0,60.0,50.0,41,10,-269.930995288197,-62.16341215009166,111.28108235766304,-14.644839294932233,-25.237810168410704,1,5,-260.69597454396853,-6.358438403511427,-391.0606993112784,-342.87592595832734
1.75,0.6,1.5,90.0,60.0,50.0,41,12,-283.930995288197,-78.16341215009166,85.28108235766304,-24.644839294932233,-41.237810168410704,1,5,-342.69597454396853,-8.358438403511428,-391.0606993112784,-342.87592595832734
1.75,0.6,1.5,120.0,20.0,15.0,44,0,-87.73983445084735,-16.149746982922366,-51.639815609800195,20.566027106477,-16.402535815738887,1,5,-151.36590575283185,-3.4401342216552693,-625.8211106049026,-608.7506899259342
1.75,0.6,1.5,120.0,20.0,15.0,44,2,-103.73983445084735,-32.149746982922366,-79.6398156098002,10.566027106477001,-34.40253581573889,1,5,-239.36590575283185,-5.44013422165527,-625.8211106049026,-608.7506899259342
1.75,0.6,1.5,120.0,20.0,15.0,44,4,-119.73983445084735,-48.149746982922366,-107.6398156098002,0.5660271064770015,-52.40253581573889,1,5,-327.36590575283185,-7.44013422165527,-625.8211106049026,-608.7506899259342
1.75,0.6,1.5,120.0,20.0,15.0,44,6,-135.73983445084735,-64.14974698292237,-135.6398156098002,-9.433972893522999,-70.40253581573889,0,5,-415.36590575283185,-9.440134221655269,-625.8211106049026,-608.7506899259342
1.75,0.6,1.5,120.0,20.0,15.0,44,8,-151.73983445084735,-80.14974698292237,-163.6398156098002,-19.433972893523,-88.40253581573889,0,5,-503.36590575283185,-11.440134221655269,-625.8211106049026,-608.7506899259342
1.75,0.6,1.5,120.0,20.0,15.0,44,10,-167.73983445084735,-96.14974698292237,-191.6398156098002,-29.433972893523,-106.40253581573889,0,5,-591.3659057528318,-13.440134221655269,-625.8211106049026,-608.7506899259342
1.75,0.6,1.5,120.0,20.0,15.0,44,12,-183.73983445084735,-112.14974698292237,-219.6398156098002,-39.433972893523,-124.40253581573889,0,5,-679.3659057528318,-15.440134221655269,-625.8211106049026,-608.7506899259342
1.75,0.6,1.5,120.0,20.0,25.0,42,0,6.004905743710211,-9.673816285551254,-36.35318685179064,8.44941981413993,-49.24781044131066,2,5,-80.82048802080237,-1.924297333828628,-535.2756928728732,-518.2052721939048
1.75,0.6,1.5,120.0,20.0,25.0,42,2,-9.99509425628979,-25.673816285551254,-62.35318685179064,-1.5505801858600705,-65.24781044131066,0,5,-164.82048802080237,-3.924297333828628,-535.2756928728732,-518.2052721939048
1.75,0.6,1.5,120.0,20.0,25.0,42,4,-25.99509425628979,-41.673816285551254,-88.35318685179064,-11.55058018586007,-81.24781044131066,0,5,-248.82048802080237,-5.924297333828628,-535.2756928728732,-518.2052721939048
1.75,0.6,1.5,120.0,20.0,25.0,42,6,-41.99509425628979,-57.673816285551254,-114.35318685179064,-21.55058018586007,-97.24781044131066,0,5,-332.8204880208024,-7.924297333828628,-535.2756928728732,-518.2052721939048
1.75,0.6,1.5,120.0,20.0,25.0,42,8,-57.99509425628979,-73.67381628555125,-140.35318685179064,-31.55058018586007,-113.24781044131066,0,5,-416.8204880208024,-9.924297333828628,-535.2756928728732,-518.2052721939048
1.75,0.6,1.5,120.0,20.0,25.0,42,10,-73.99509425628979,-89.67381628555125,-166.35318685179064,-41.55058018586007,-129.24781044131066,0,5,-500.8204880208024,-11.924297333828628,-535.2756928728732,-518.2052721939048
1.75,0.6,1.5,120.0,20.0,25.0,42,12,-89.99509425628979,-105.67381628555125,-192.35318685179064,-51.55058018586007,-145.24781044131066,0,5,-584.8204880208024,-13.924297333828628,-535.2756928728732,-518.2052721939048
1.75,0.6,1.5,120.0,20.0,35.0,42,0,-10.42913036374864,26.86200400733467,53.900975040291314,-34.6022757633406,-89.98806835692426,2,5,-54.25649543638747,-1.2918213199139874,-510.0633188638632,-493.4642474828862
1.75,0.6,1.5,120.0,20.0,35.0,42,2,-26.42913036374864,10.862004007334669,27.900975040291314,-44.6022757633406,-105.98806835692426,2,5,-138.25649543638747,-3.2918213199139874,-510.0633188638632,-493.4642474828862
1.75,0.6,1.5,120.0,20.0,35.0,42,4,-42.42913036374864,-5.137995992665331,1.9009750402913141,-54.6022757633406,-121.98806835692426,1,5,-222.25649543638747,-5.291821319913987,-510.0633188638632,-493.4642474828862
1.75,0.6,1.5,120.0,20.0,35.0,42,6,-58.42913036374864,-21.13799599266533,-24.099024959708686,-64.6022757633406,-137.98806835692426,0,5,-306.25649543638747,-7.291821319913987,-510.0633188638632,-493.4642474828862
1.75,0.6,1.5,120.0,20.0,35.0,42,8,-74.42913036374864,-37.13799599266533,-50.099024959708686,-74.6022757633406,-153.98806835692426,0,5,-390.25649543638747,-9.291821319913987,-510.0633188638632,-493.4642474828862
1.75,0.6,1.5,120.0,20.0,35.0,42,10,-90.42913036374864,-53.13799599266533,-76.09902495970869,-84.6022757633406,-169.98806835692426,0,5,-474.25649543638747,-11.291821319913987,-510.0633188638632,-493.4642474828862
1.75,0.6,1.5,120.0,20.0,35.0,42,12,-106.42913036374864,-69.13799599266534,-102.09902495970869,-94.6022757633406,-185.98806835692426,0,5,-558.2564954363875,-13.291821319913987,-510.0633188638632,-493.4642474828862
1.75,0.6,1.5,120.0,20.0,50.0,42,0,-68.89437111055008,85.51846453703115,158.51324222467096,-36.658811059586824,-115.01771896841308,2,5,23.46080562315217,0.5585906100750516,-466.112150474806,-442.9440331286563
1.75,0.6,1.5,120.0,20.0,50.0,42,2,-84.89437111055008,69.51846453703115,132.51324222467096,-46.658811059586824,-131.01771896841308,2,5,-60.53919437684783,-1.4414093899249483,-466.112150474806,-442.9440331286563
1.75,0.6,1.5,120.0,20.0,50.0,42,4,-100.89437111055008,53.51846453703115,106.51324222467096,-56.658811059586824,-147.01771896841308,2,5,-144.53919437684783,-3.4414093899249485,-466.112150474806,-442.9440331286563
1.75,0.6,1.5,120.0,20.0,50.0,42,6,-116.89437111055008,37.51846453703115,80.51324222467096,-66.65881105958682,-163.01771896841308,2,5,-228.53919437684783,-5.4414093899249485,-466.112150474806,-442.9440331286563
1.75,0.6,1.5,120.0,20.0,50.0,42,8,-132.89437111055008,21.51846453703115,54.51324222467096,-76.65881105958682,-179.01771896841308,2,5,-312.53919437684783,-7.4414093899249485,-466.112150474806,-442.9440331286563
1.75,0.6,1.5,120.0,20.0,50.0,42,10,-148.89437111055008,5.51846453703115,28.51324222467096,-86.65881105958682,-195.01771896841308,2,5,-396.53919437684783,-9.441409389924948,-466.112150474806,-442.9440331286563
1.75,0.6,1.5,120.0,20.0,50.0,42,12,-164.89437111055008,-10.48153546296885,2.513242224670961,-96.65881105958682,-211.01771896841308,1,5,-480.53919437684783,-11.441409389924948,-466.112150474806,-442.9440331286563
1.75,0.6,1.5,120.0,30.0,15.0,44,0,-129.61000871585003,-41.80439160614284,-50.7147247717113,4.317868202574118,-24.196477921300882,1,5,-242.00773481243095,-5.500175791191612,-728.5974192069283,-722.2812729777784
1.75,0.6,1.5,120.0,30.0,15.0,44,2,-145.61000871585003,-57.80439160614284,-78.7147247717113,-5.682131797425882,-42.19647792130088,0,5,-330.00773481243095,-7.500175791191612,-728.5974192069283,-722.2812729777784
1.75,0.6,1.5,120.0,30.0,15.0,44,4,-161.61000871585003,-73.80439160614284,-106.7147247717113,-15.682131797425882,-60.19647792130088,0,5,-418.00773481243095,-9.500175791191612,-728.5974192069283,-722.2812729777784
1.75,0.6,1.5,120.0,30.0,15.0,44,6,-177.61000871585003,-89.80439160614284,-134.7147247717113,-25.682131797425882,-78.19647792130088,0,5,-506.00773481243095,-11.500175791191612,-728.5974192069283,-722.2812729777784
1.75,0.6,1.5,120.0,30.0,15.0,44,8,-193.61000871585003,-105.80439160614284,-162.7147247717113,-35.68213179742588,-96.19647792130088,0,5,-594.007734812431,-13.500175791191612,-728.5974192069283,-722.2812729777784
1.75,0.6,1.5,120.0,30.0,15.0,44,10,-209.61000871585003,-121.80439160614284,-190.7147247717113,-45.68213179742588,-114.19647792130088,0,5,-682.007734812431,-15.500175791191612,-728.5974192069283,-722.2812729777784
1.75,0.6,1.5,120.0,30.0,15.0,44,12,-225.61000871585003,-137.80439160614284,-218.7147247717113,-55.68213179742588,-132.19647792130087,0,5,-770.007734812431,-17.500175791191612,-728.5974192069283,-722.2812729777784
1.75,0.6,1.5,120.0,30.0,25.0,42,0,-12.258380878303754,-67.29409067097913,-30.017313753651706,47.648171018504,-7.964182808111076,1,5,-69.88579709254168,-1.663947549822421,-536.475481487039,-530.1593352578891
1.75,0.6,1.5,120.0,30.0,25.0,42,2,-28.258380878303754,-83.29409067097913,-56.017313753651706,37.648171018504,-23.964182808111076,1,5,-153.88579709254168,-3.6639475498224208,-536.475481487039,-530.1593352578891
1.75,0.6,1.5,120.0,30.0,25.0,42,4,-44.258380878303754,-99.29409067097913,-82.0173137536517,27.648171018504,-39.964182808111076,1,5,-237.88579709254168,-5.663947549822421,-536.475481487039,-530.1593352578891
1.75,0.6,1.5,120.0,30.0,25.0,42,6,-60.258380878303754,-115.29409067097913,-108.0173137536517,17.648171018504,-55.964182808111076,1,5,-321.8857970925417,-7.663947549822421,-536.475481487039,-530.1593352578891
1.75,0.6,1.5,120.0,30.0,25.0,42,8,-76.25838087830375,-131.29409067097913,-134.0173137536517,7.6481710185040015,-71.96418280811108,1,5,-405.8857970925417,-9.66394754982242,-536.475481487039,-530.1593352578891
1.75,0.6,1.5,120.0,30.0,25.0,42,10,-92.25838087830375,-147.29409067097913,-160.0173137536517,-2.3518289814959985,-87.96418280811108,0,5,-489.8857970925417,-11.66394754982242,-536.475481487039,-530.1593352578891
1.75,0.6,1.5,120.0,30.0,25.0,42,12,-108.25838087830375,-163.29409067097913,-186.0173137536517,-12.351828981495999,-103.96418280811108,0,5,-573.8857970925417,-13.66394754982242,-536.475481487039,-530.1593352578891
1.75,0.6,1.5,120.0,30.0,35.0,42,0,-51.58510998085555,-19.668955459930118,118.16855825114715,4.596475441023486,-48.70444072372467,2,5,2.8065275276603074,0.06682208399191208,-475.6603950735706,-448.2083005458198
1.75,0.6,1.5,120.0,30.0,35.0,42,2,-67.58510998085555,-35.66895545993012,92.16855825114715,-5.403524558976514,-64.70444072372467,1,5,-81.19347247233969,-1.933177916008088,-475.6603950735706,-448.2083005458198
1.75,0.6,1.5,120.0,30.0,35.0,42,4,-83.58510998085555,-51.66895545993012,66.16855825114715,-15.403524558976514,-80.70444072372467,1,5,-165.1934724723397,-3.9331779160080877,-475.6603950735706,-448.2083005458198
1.75,0.6,1.5,120.0,30.0,35.0,42,6,-99.58510998085555,-67.66895545993012,40.16855825114715,-25.403524558976514,-96.70444072372467,1,5,-249.1934724723397,-5.933177916008088,-475.6603950735706,-448.2083005458198
1.75,0.6,1.5,120.0,30.0,35.0,42,8,-115.58510998085555,-83.66895545993012,14.168558251147148,-35.403524558976514,-112.70444072372467,1,5,-333.1934724723397,-7.933177916008088,-475.6603950735706,-448.2083005458198
1.75,0.6,1.5,120.0,30.0,35.0,42,10,-131.58510998085555,-99.66895545993012,-11.831441748852852,-45.403524558976514,-128.70444072372467,0,5,-417.1934724723397,-9.933177916008088,-475.6603950735706,-448.2083005458198
1.75,0.6,1.5,120.0,30.0,35.0,42,12,-147.58510998085555,-115.66895545993012,-37.83144174885285,-55.403524558976514,-144.70444072372467,0,5,-501.1934724723397,-11.933177916008088,-475.6603950735706,-448.2083005458198
1.75,0.6,1.5,120.0,30.0,50.0,42,0,-127.33903441549239,51.8944057749774,234.0849495632487,2.539940144777262,-73.73409133521346,3,5,87.4461697322975,2.0820516602927976,-413.43091049338256,-431.48097824574376
1.75,0.6,1.5,120.0,30.0,50.0,42,2,-143.3390344154924,35.8944057749774,208.0849495632487,-7.460059855222738,-89.73409133521346,2,5,3.4461697322975056,0.08205166029279776,-413.43091049338256,-431.48097824574376
1.75,0.6,1.5,120.0,30.0,50.0,42,4,-159.3390344154924,19.8944057749774,182.0849495632487,-17.460059855222738,-105.73409133521346,2,5,-80.5538302677025,-1.9179483397072024,-413.43091049338256,-431.48097824574376
1.75,0.6,1.5,120.0,30.0,50.0,42,6,-175.3390344154924,3.8944057749774004,156.0849495632487,-27.460059855222738,-121.73409133521346,2,5,-164.5538302677025,-3.9179483397072024,-413.43091049338256,-431.48097824574376
1.75,0.6,1.5,120.0,30.0,50.0,42,8,-191.3390344154924,-12.1055942250226,130.0849495632487,-37.46005985522274,-137.73409133521346,1,5,-248.5538302677025,-5.917948339707202,-413.43091049338256,-431.48097824574376
1.75,0.6,1.5,120.0,30.0,50.0,42,10,-207.3390344154924,-28.1055942250226,104.08494956324868,-47.46005985522274,-153.73409133521346,1,5,-332.5538302677025,-7.917948339707202,-413.43091049338256,-431.48097824574376
1.75,0.6,1.5,120.0,30.0,50.0,42,12,-223.3390344154924,-44.1055942250226,78.08494956324868,-57.46005985522274,-169.73409133521346,1,5,-416.5538302677025,-9.917948339707202,-413.43091049338256,-431.48097824574376
1.75,0.6,1.5,120.0,40.0,15.0,44,0,-113.26575469683672,-117.13317144676208,-149.38635774957118,39.06207416463383,-56.282855057446966,1,5,-397.0060647859831,-9.022865108772343,-891.5155536739161,-891.5155536739161
1.75,0.6,1.5,120.0,40.0,15.0,44,2,-129.26575469683672,-133.13317144676208,-177.38635774957118,29.062074164633827,-74.28285505744697,1,5,-485.0060647859831,-11.022865108772343,-891.5155536739161,-891.5155536739161
1.75,0.6,1.5,120.0,40.0,15.0,44,4,-145.26575469683672,-149.13317144676208,-205.38635774957118,19.062074164633827,-92.28285505744697,1,5,-573.0060647859831,-13.022865108772343,-891.5155536739161,-891.5155536739161
1.75,0.6,1.5,120.0,40.0,15.0,44,6,-161.26575469683672,-165.13317144676208,-233.38635774957118,9.062074164633827,-110.28285505744697,1,5,-661.0060647859831,-15.022865108772343,-891.5155536739161,-891.5155536739161
1.75,0.6,1.5,120.0,40.0,15.0,44,8,-177.26575469683672,-181.13317144676208,-261.3863577495712,-0.9379258353661726,-128.28285505744697,0,5,-749.0060647859831,-17.022865108772343,-891.5155536739161,-891.5155536739161
1.75,0.6,1.5,120.0,40.0,15.0,44,10,-193.26575469683672,-197.13317144676208,-289.3863577495712,-10.937925835366173,-146.28285505744697,0,5,-837.0060647859831,-19.022865108772343,-891.5155536739161,-891.5155536739161
1.75,0.6,1.5,120.0,40.0,15.0,44,12,-209.26575469683672,-213.13317144676208,-317.3863577495712,-20.937925835366173,-164.28285505744697,0,5,-925.0060647859831,-21.022865108772343,-891.5155536739161,-891.5155536739161
1.75,0.6,1.5,120.0,40.0,25.0,42,0,-47.294155427214434,-142.6228705115984,-137.16314378444736,82.39237698056371,45.947527935321574,2,5,-198.74026480737507,-4.7319110668422635,-701.5563944284105,-678.6932689275804
1.75,0.6,1.5,120.0,40.0,25.0,42,2,-63.294155427214434,-158.6228705115984,-163.16314378444736,72.39237698056371,29.947527935321574,2,5,-282.74026480737507,-6.7319110668422635,-701.5563944284105,-678.6932689275804
1.75,0.6,1.5,120.0,40.0,25.0,42,4,-79.29415542721443,-174.6228705115984,-189.16314378444736,62.39237698056371,13.947527935321574,2,5,-366.74026480737507,-8.731911066842263,-701.5563944284105,-678.6932689275804
1.75,0.6,1.5,120.0,40.0,25.0,42,6,-95.29415542721443,-190.6228705115984,-215.16314378444736,52.39237698056371,-2.052472064678426,1,5,-450.74026480737507,-10.731911066842263,-701.5563944284105,-678.6932689275804
1.75,0.6,1.5,120.0,40.0,25.0,42,8,-111.29415542721443,-206.6228705115984,-241.16314378444736,42.39237698056371,-18.052472064678426,1,5,-534.7402648073751,-12.731911066842263,-701.5563944284105,-678.6932689275804
1.75,0.6,1.5,120.0,40.0,25.0,42,10,-127.29415542721443,-222.6228705115984,-267.16314378444736,32.39237698056371,-34.052472064678426,1,5,-618.7402648073751,-14.731911066842263,-701.5563944284105,-678.6932689275804
1.75,0.6,1.5,120.0,40.0,25.0,42,12,-143.29415542721443,-238.6228705115984,-293.16314378444736,22.39237698056371,-50.052472064678426,1,5,-702.7402648073751,-16.731911066842265,-701.5563944284105,-678.6932689275804
1.75,0.6,1.5,120.0,40.0,35.0,42,0,-99.48312141578259,-68.82670091282591,7.248749180565554,39.340681403083195,5.207270019707977,3,5,-116.51312172525184,-2.7741219458393296,-619.3292513462873,-591.0226106131848
1.75,0.6,1.5,120.0,40.0,35.0,42,2,-115.48312141578259,-84.82670091282591,-18.751250819434446,29.340681403083195,-10.792729980292023,1,5,-200.51312172525184,-4.77412194583933,-619.3292513462873,-591.0226106131848
1.75,0.6,1.5,120.0,40.0,35.0,42,4,-131.4831214157826,-100.82670091282591,-44.751250819434446,19.340681403083195,-26.792729980292023,1,5,-284.51312172525184,-6.77412194583933,-619.3292513462873,-591.0226106131848
1.75,0.6,1.5,120.0,40.0,35.0,42,6,-147.4831214157826,-116.82670091282591,-70.75125081943445,9.340681403083195,-42.79272998029202,1,5,-368.51312172525184,-8.77412194583933,-619.3292513462873,-591.0226106131848
1.75,0.6,1.5,120.0,40.0,35.0,42,8,-163.4831214157826,-132.8267009128259,-96.75125081943445,-0.6593185969168047,-58.79272998029202,0,5,-452.51312172525184,-10.77412194583933,-619.3292513462873,-591.0226106131848
1.75,0.6,1.5,120.0,40.0,35.0,42,10,-179.4831214157826,-148.8267009128259,-122.75125081943445,-10.659318596916805,-74.79272998029202,0,5,-536.5131217252518,-12.77412194583933,-619.3292513462873,-591.0226106131848
1.75,0.6,1.5,120.0,40.0,35.0,42,12,-195.4831214157826,-164.8267009128259,-148.75125081943446,-20.659318596916805,-90.79272998029202,0,5,-620.5131217252518,-14.77412194583933,-619.3292513462873,-591.0226106131848
1.75,0.6,1.5,120.0,40.0,50.0,42,0,-192.13078888332132,16.871283451085503,304.26889330287037,37.28414610683697,-19.8223805917808,3,5,146.47115338569074,3.4874084139450177,-374.7760819343135,-398.9690576302088
1.75,0.6,1.5,120.0,40.0,50.0,42,2,-208.13078888332132,0.8712834510855032,278.26889330287037,27.28414610683697,-35.8223805917808,3,5,62.47115338569074,1.4874084139450177,-374.7760819343135,-398.9690576302088
1.75,0.6,1.5,120.0,40.0,50.0,42,4,-224.13078888332132,-15.128716548914497,252.26889330287037,17.28414610683697,-51.8223805917808,2,5,-21.52884661430926,-0.5125915860549823,-374.7760819343135,-398.9690576302088
1.75,0.6,1.5,120.0,40.0,50.0,42,6,-240.13078888332132,-31.128716548914497,226.26889330287037,7.284146106836973,-67.8223805917808,2,5,-105.52884661430926,-2.5125915860549823,-374.7760819343135,-398.9690576302088
1.75,0.6,1.5,120.0,40.0,50.0,42,8,-256.1307888833213,-47.1287165489145,200.26889330287037,-2.715853893163027,-83.8223805917808,1,5,-189.52884661430926,-4.512591586054983,-374.7760819343135,-398.9690576302088
1.75,0.6,1.5,120.0,40.0,50.0,42,10,-272.1307888833213,-63.1287165489145,174.26889330287037,-12.715853893163027,-99.8223805917808,1,5,-273.52884661430926,-6.512591586054983,-374.7760819343135,-398.9690576302088
1.75,0.6,1.5,120.0,40.0,50.0,42,12,-288.1307888833213,-79.1287165489145,148.26889330287037,-22.71585389316303,-115.8223805917808,1,5,-357.52884661430926,-8.512591586054983,-374.7760819343135,-398.9690576302088
1.75,0.6,1.5,120.0,60.0,15.0,43,0,-158.1914553635319,-158.72185301806823,-220.3179177351542,65.53896878753955,-105.49990507024788,1,5,-577.1921623994626,-13.42307354417355,-1061.7016512873956,-1061.7016512873956
1.75,0.6,1.5,120.0,60.0,15.0,43,2,-172.1914553635319,-174.72185301806823,-248.3179177351542,55.538968787539545,-123.49990507024788,1,5,-663.1921623994626,-15.42307354417355,-1061.7016512873956,-1061.7016512873956
1.75,0.6,1.5,120.0,60.0,15.0,43,4,-186.1914553635319,-190.72185301806823,-276.3179177351542,45.538968787539545,-141.49990507024788,1,5,-749.1921623994626,-17.42307354417355,-1061.7016512873956,-1061.7016512873956
1.75,0.6,1.5,120.0,60.0,15.0,43,6,-200.1914553635319,-206.72185301806823,-304.3179177351542,35.538968787539545,-159.49990507024788,1,5,-835.1921623994626,-19.42307354417355,-1061.7016512873956,-1061.7016512873956
1.75,0.6,1.5,120.0,60.0,15.0,43,8,-214.1914553635319,-222.72185301806823,-332.3179177351542,25.538968787539545,-177.49990507024788,1,5,-921.1921623994626,-21.42307354417355,-1061.7016512873956,-1061.7016512873956
1.75,0.6,1.5,120.0,60.0,15.0,43,10,-228.1914553635319,-238.72185301806823,-360.3179177351542,15.538968787539543,-195.49990507024788,1,5,-1007.1921623994626,-23.42307354417355,-1061.7016512873956,-1061.7016512873956
1.75,0.6,1.5,120.0,60.0,15.0,43,12,-242.1914553635319,-254.72185301806823,-388.3179177351542,5.5389687875395435,-213.49990507024788,1,5,-1093.1921623994626,-25.42307354417355,-1061.7016512873956,-1061.7016512873956
1.75,0.6,1.5,120.0,60.0,25.0,41,0,-39.1224449180759,-184.21155208290452,-172.0450003252733,81.75119915895596,98.50553740213982,2,5,-215.122260765158,-5.2468844089062925,-739.2781214519919,-719.5090618203313
1.75,0.6,1.5,120.0,60.0,25.0,41,2,-53.1224449180759,-200.21155208290452,-198.0450003252733,71.75119915895596,82.50553740213982,2,5,-297.122260765158,-7.2468844089062925,-739.2781214519919,-719.5090618203313
1.75,0.6,1.5,120.0,60.0,25.0,41,4,-67.1224449180759,-216.21155208290452,-224.0450003252733,61.751199158955956,66.50553740213982,2,5,-379.122260765158,-9.246884408906292,-739.2781214519919,-719.5090618203313
1.75,0.6,1.5,120.0,60.0,25.0,41,6,-81.1224449180759,-232.21155208290452,-250.0450003252733,51.751199158955956,50.50553740213982,2,5,-461.122260765158,-11.246884408906292,-739.2781214519919,-719.5090618203313
1.75,0.6,1.5,120.0,60.0,25.0,41,8,-95.1224449180759,-248.21155208290452,-276.0450003252733,41.751199158955956,34.50553740213982,2,5,-543.122260765158,-13.246884408906292,-739.2781214519919,-719.5090618203313
1.75,0.6,1.5,120.0,60.0,25.0,41,10,-109.1224449180759,-264.2115520829045,-302.0450003252733,31.75119915895596,18.505537402139822,2,5,-625.122260765158,-15.246884408906292,-739.2781214519919,-719.5090618203313
1.75,0.6,1.5,120.0,60.0,25.0,41,12,-123.1224449180759,-280.2115520829045,-328.0450003252733,21.75119915895596,2.5055374021398222,2,5,-707.122260765158,-17.246884408906293,-739.2781214519919,-719.5090618203313
1.75,0.6,1.5,120.0,60.0,35.0,41,0,-78.44917402062765,-119.04065717590171,-7.3580473937195165,38.69950358147545,57.765279486526225,2,5,-108.38309552224723,-2.6434901346889568,-632.5389562090811,-576.514994946824
1.75,0.6,1.5,120.0,60.0,35.0,41,2,-92.44917402062765,-135.0406571759017,-33.35804739371952,28.699503581475447,41.765279486526225,2,5,-190.38309552224723,-4.643490134688957,-632.5389562090811,-576.514994946824
1.75,0.6,1.5,120.0,60.0,35.0,41,4,-106.44917402062765,-151.0406571759017,-59.35804739371952,18.699503581475447,25.76527948652623,2,5,-272.38309552224723,-6.643490134688957,-632.5389562090811,-576.514994946824
1.75,0.6,1.5,120.0,60.0,35.0,41,6,-120.44917402062765,-167.0406571759017,-85.35804739371952,8.699503581475447,9.765279486526229,2,5,-354.38309552224723,-8.643490134688957,-632.5389562090811,-576.514994946824
1.75,0.6,1.5,120.0,60.0,35.0,41,8,-134.44917402062765,-183.0406571759017,-111.35804739371952,-1.3004964185245527,-6.234720513473771,0,5,-436.38309552224723,-10.643490134688957,-632.5389562090811,-576.514994946824
1.75,0.6,1.5,120.0,60.0,35.0,41,10,-148.44917402062765,-199.0406571759017,-137.35804739371952,-11.300496418524553,-22.23472051347377,0,5,-518.3830955222472,-12.643490134688957,-632.5389562090811,-576.514994946824
1.75,0.6,1.5,120.0,60.0,35.0,41,12,-162.44917402062765,-215.0406571759017,-163.35804739371952,-21.300496418524553,-38.234720513473775,0,5,-600.3830955222472,-14.643490134688957,-632.5389562090811,-576.514994946824
1.75,0.6,1.5,120.0,60.0,50.0,41,0,-183.94964346235872,28.509894731638354,317.2921830750696,36.64296828522922,32.735628875037435,4,5,231.23103150461583,5.639781256210142,-356.1962332365288,-287.8110469117063
1.75,0.6,1.5,120.0,60.0,50.0,41,2,-197.94964346235872,12.509894731638354,291.2921830750696,26.642968285229223,16.735628875037435,4,5,149.23103150461583,3.639781256210142,-356.1962332365288,-287.8110469117063
1.75,0.6,1.5,120.0,60.0,50.0,41,4,-211.94964346235872,-3.4901052683616456,265.2921830750696,16.642968285229223,0.7356288750374347,3,5,67.23103150461583,1.6397812562101421,-356.1962332365288,-287.8110469117063
1.75,0.6,1.5,120.0,60.0,50.0,41,6,-225.94964346235872,-19.490105268361646,239.29218307506957,6.642968285229223,-15.264371124962565,2,5,-14.768968495384172,-0.36021874378985785,-356.1962332365288,-287.8110469117063
1.75,0.6,1.5,120.0,60.0,50.0,41,8,-239.94964346235872,-35.490105268361646,213.29218307506957,-3.357031714770777,-31.264371124962565,1,5,-96.76896849538417,-2.360218743789858,-356.1962332365288,-287.8110469117063
1.75,0.6,1.5,120.0,60.0,50.0,41,10,-253.94964346235872,-51.490105268361646,187.29218307506957,-13.357031714770777,-47.264371124962565,1,5,-178.76896849538417,-4.360218743789858,-356.1962332365288,-287.8110469117063
1.75,0.6,1.5,120.0,60.0,50.0,41,12,-267.9496434623587,-67.49010526836165,161.29218307506957,-23.357031714770777,-63.264371124962565,1,5,-260.7689684953842,-6.360218743789858,-356.1962332365288,-287.8110469117063
1.75,0.6,2.0,60.0,20.0,15.0,97,0,31.79608809198936,19.380251091048166,-29.121936181890533,136.2853297820035,-0.0301075400633124,3,5,158.3096252430871,1.6320579921967744,-851.8269014391263,-910.6360155735844
1.75,0.6,2.0,60.0,20.0,15.0,97,2,-8.203911908010639,-20.619748908951834,-83.12193618189053,116.2853297820035,-40.03010754006331,1,5,-35.69037475691289,-0.36794200780322567,-851.8269014391263,-910.6360155735844
1.75,0.6,2.0,60.0,20.0,15.0,97,4,-48.20391190801064,-60.619748908951834,-137.12193618189053,96.2853297820035,-80.03010754006331,1,5,-229.6903747569129,-2.367942007803226,-851.8269014391263,-910.6360155735844
1.75,0.6,2.0,60.0,20.0,15.0,97,6,-88.20391190801064,-100.61974890895183,-191.12193618189053,76.2853297820035,-120.03010754006331,1,5,-423.6903747569129,-4.367942007803226,-851.8269014391263,-910.6360155735844
1.75,0.6,2.0,60.0,20.0,15.0,97,8,-128.20391190801064,-140.61974890895183,-245.12193618189053,56.2853297820035,-160.0301075400633,1,5,-617.6903747569129,-6.367942007803226,-851.8269014391263,-910.6360155735844
1.75,0.6,2.0,60.0,20.0,15.0,97,10,-168.20391190801064,-180.61974890895183,-299.12193618189053,36.2853297820035,-200.0301075400633,1,5,-811.6903747569129,-8.367942007803226,-851.8269014391263,-910.6360155735844
1.75,0.6,2.0,60.0,20.0,15.0,97,12,-208.20391190801064,-220.61974890895183,-353.12193618189053,16.2853297820035,-240.0301075400633,1,5,-1005.6903747569129,-10.367942007803226,-851.8269014391263,-910.6360155735844
1.75,0.6,2.0,60.0,20.0,25.0,95,0,163.5144653561429,0.7821128158558679,-7.276144223244671,159.70066734244932,-77.67087587605698,3,5,239.05022541514666,2.5163181622647017,-757.2094159210826,-791.0186552417595
1.75,0.6,2.0,60.0,20.0,25.0,95,2,123.51446535614289,-39.21788718414413,-59.27614422324467,139.70066734244932,-115.67087587605698,2,5,49.050225415146656,0.5163181622647016,-757.2094159210826,-791.0186552417595
1.75,0.6,2.0,60.0,20.0,25.0,95,4,83.51446535614289,-79.21788718414413,-111.27614422324467,119.70066734244932,-153.67087587605698,2,5,-140.94977458485334,-1.4836818377352983,-757.2094159210826,-791.0186552417595
1.75,0.6,2.0,60.0,20.0,25.0,95,6,43.5144653561429,-119.21788718414413,-163.27614422324467,99.70066734244932,-191.67087587605698,2,5,-330.94977458485334,-3.4836818377352983,-757.2094159210826,-791.0186552417595
1.75,0.6,2.0,60.0,20.0,25.0,95,8,3.5144653561428996,-159.21788718414413,-215.27614422324467,79.70066734244932,-229.67087587605698,2,5,-520.9497745848533,-5.483681837735299,-757.2094159210826,-791.0186552417595
1.75,0.6,2.0,60.0,20.0,25.0,95,10,-36.4855346438571,-199.21788718414413,-267.27614422324467,59.70066734244932,-267.670875876057,1,5,-710.9497745848533,-7.483681837735299,-757.2094159210826,-791.0186552417595
1.75,0.6,2.0,60.0,20.0,25.0,95,12,-76.48553464385711,-239.21788718414413,-319.27614422324467,39.70066734244932,-305.670875876057,1,5,-900.9497745848533,-9.483681837735299,-757.2094159210826,-791.0186552417595
1.75,0.6,2.0,60.0,20.0,35.0,95,0,161.09109106368186,66.14129790366866,20.0782651783357,116.64897176496882,-131.55837887263084,4,5,232.4012470380244,2.4463289161897306,-763.8583942982049,-768.4901406810238
1.75,0.6,2.0,60.0,20.0,35.0,95,2,121.09109106368186,26.141297903668658,-31.9217348216643,96.64897176496882,-169.55837887263084,3,5,42.401247038024394,0.4463289161897305,-763.8583942982049,-768.4901406810238
1.75,0.6,2.0,60.0,20.0,35.0,95,4,81.09109106368186,-13.858702096331342,-83.9217348216643,76.64897176496882,-207.55837887263084,2,5,-147.5987529619756,-1.5536710838102696,-763.8583942982049,-768.4901406810238
1.75,0.6,2.0,60.0,20.0,35.0,95,6,41.09109106368186,-53.85870209633134,-135.9217348216643,56.64897176496881,-245.55837887263084,2,5,-337.5987529619756,-3.5536710838102694,-763.8583942982049,-768.4901406810238
1.75,0.6,2.0,60.0,20.0,35.0,95,8,1.0910910636818585,-93.85870209633134,-187.9217348216643,36.64897176496881,-283.55837887263084,2,5,-527.5987529619756,-5.553671083810269,-763.8583942982049,-768.4901406810238
1.75,0.6,2.0,60.0,20.0,35.0,95,10,-38.90890893631814,-133.85870209633134,-239.9217348216643,16.648971764968813,-321.55837887263084,1,5,-717.5987529619756,-7.553671083810269,-763.8583942982049,-768.4901406810238
1.75,0.6,2.0,60.0,20.0,35.0,95,12,-78.90890893631814,-173.85870209633134,-291.9217348216643,-3.351028235031187,-359.55837887263084,0,5,-907.5987529619756,-9.55367108381027,-763.8583942982049,-768.4901406810238
1.75,0.6,2.0,60.0,20.0,50.0,95,0,168.3086216122655,122.2086143506533,28.325730134194686,114.59243646872258,-238.79738195484498,4,5,194.63802061099125,2.0488212695893817,-801.621620725238,-810.1872507074293
1.75,0.6,2.0,60.0,20.0,50.0,95,2,128.3086216122655,82.2086143506533,-23.674269865805314,94.59243646872258,-276.797381954845,3,5,4.638020610991248,0.04882126958938156,-801.621620725238,-810.1872507074293
1.75,0.6,2.0,60.0,20.0,50.0,95,4,88.30862161226551,42.208614350653306,-75.67426986580531,74.59243646872258,-314.797381954845,3,5,-185.36197938900875,-1.9511787304106185,-801.621620725238,-810.1872507074293
1.75,0.6,2.0,60.0,20.0,50.0,95,6,48.30862161226551,2.2086143506533062,-127.67426986580531,54.59243646872259,-352.797381954845,3,5,-375.36197938900875,-3.9511787304106183,-801.621620725238,-810.1872507074293
1.75,0.6,2.0,60.0,20.0,50.0,95,8,8.308621612265512,-37.791385649346694,-179.67426986580531,34.59243646872259,-390.797381954845,2,5,-565.3619793890088,-5.951178730410619,-801.621620725238,-810.1872507074293
1.75,0.6,2.0,60.0,20.0,50.0,95,10,-31.69137838773449,-77.7913856493467,-231.67426986580531,14.592436468722587,-428.797381954845,1,5,-755.3619793890088,-7.951178730410619,-801.621620725238,-810.1872507074293
1.75,0.6,2.0,60.0,20.0,50.0,95,12,-71.69137838773449,-117.7913856493467,-283.6742698658053,-5.407563531277413,-466.797381954845,0,5,-945.3619793890088,-9.951178730410618,-801.621620725238,-810.1872507074293
1.75,0.6,2.0,60.0,30.0,15.0,97,0,39.608956453587325,8.669573480804644,-46.636949581403485,90.98190518869526,-91.68875015651571,3,5,0.9347353851679827,0.009636447269773018,-1032.6321614515766,-1036.633316389482
1.75,0.6,2.0,60.0,30.0,15.0,97,2,-0.3910435464126749,-31.330426519195356,-100.63694958140348,70.98190518869526,-131.6887501565157,1,5,-193.06526461483202,-1.990363552730227,-1032.6321614515766,-1036.633316389482
1.75,0.6,2.0,60.0,30.0,15.0,97,4,-40.391043546412675,-71.33042651919536,-154.63694958140348,50.98190518869526,-171.6887501565157,1,5,-387.065264614832,-3.990363552730227,-1032.6321614515766,-1036.633316389482
1.75,0.6,2.0,60.0,30.0,15.0,97,6,-80.39104354641267,-111.33042651919536,-208.63694958140348,30.981905188695258,-211.6887501565157,1,5,-581.065264614832,-5.990363552730227,-1032.6321614515766,-1036.633316389482
1.75,0.6,2.0,60.0,30.0,15.0,97,8,-120.39104354641267,-151.33042651919536,-262.6369495814035,10.98190518869526,-251.6887501565157,1,5,-775.065264614832,-7.990363552730227,-1032.6321614515766,-1036.633316389482
1.75,0.6,2.0,60.0,30.0,15.0,97,10,-160.39104354641267,-191.33042651919536,-316.6369495814035,-9.01809481130474,-291.6887501565157,0,5,-969.065264614832,-9.990363552730226,-1032.6321614515766,-1036.633316389482
1.75,0.6,2.0,60.0,30.0,15.0,97,12,-200.39104354641267,-231.33042651919536,-370.6369495814035,-29.018094811304742,-331.6887501565157,0,5,-1163.065264614832,-11.990363552730226,-1032.6321614515766,-1036.633316389482
1.75,0.6,2.0,60.0,30.0,25.0,95,0,178.0202747500004,-41.89419455659504,-85.5646413781563,154.1287445376019,-99.4314539699177,2,5,105.2587293829331,1.1079866250835062,-913.533901563674,-881.4681309047699
1.75,0.6,2.0,60.0,30.0,25.0,95,2,138.0202747500004,-81.89419455659504,-137.5646413781563,134.1287445376019,-137.4314539699177,2,5,-84.7412706170669,-0.8920133749164937,-913.533901563674,-881.4681309047699
1.75,0.6,2.0,60.0,30.0,25.0,95,4,98.0202747500004,-121.89419455659504,-189.5646413781563,114.12874453760189,-175.4314539699177,2,5,-274.7412706170669,-2.892013374916494,-913.533901563674,-881.4681309047699
1.75,0.6,2.0,60.0,30.0,25.0,95,6,58.0202747500004,-161.89419455659504,-241.5646413781563,94.12874453760189,-213.4314539699177,2,5,-464.7412706170669,-4.892013374916494,-913.533901563674,-881.4681309047699
1.75,0.6,2.0,60.0,30.0,25.0,95,8,18.0202747500004,-201.89419455659504,-293.5646413781563,74.12874453760189,-251.4314539699177,2,5,-654.7412706170669,-6.892013374916494,-913.533901563674,-881.4681309047699
1.75,0.6,2.0,60.0,30.0,25.0,95,10,-21.9797252499996,-241.89419455659504,-345.5646413781563,54.12874453760189,-289.4314539699177,1,5,-844.7412706170669,-8.892013374916493,-913.533901563674,-881.4681309047699
1.75,0.6,2.0,60.0,30.0,25.0,95,12,-61.9797252499996,-281.89419455659504,-397.5646413781563,34.12874453760189,-327.4314539699177,1,5,-1034.741270617067,-10.892013374916493,-913.533901563674,-881.4681309047699
1.75,0.6,2.0,60.0,30.0,35.0,95,0,152.70420746244645,53.86256635966052,2.6581307727947774,111.07704896012137,-166.7381337478168,4,5,153.5638198072062,1.616461261128486,-865.2288111394008,-891.8896565321545
1.75,0.6,2.0,60.0,30.0,35.0,95,2,112.70420746244643,13.86256635966052,-49.34186922720522,91.07704896012137,-204.7381337478168,3,5,-36.43618019279381,-0.3835387388715138,-865.2288111394008,-891.8896565321545
1.75,0.6,2.0,60.0,30.0,35.0,95,4,72.70420746244643,-26.13743364033948,-101.34186922720522,71.07704896012137,-242.7381337478168,2,5,-226.4361801927938,-2.383538738871514,-865.2288111394008,-891.8896565321545
1.75,0.6,2.0,60.0,30.0,35.0,95,6,32.70420746244643,-66.13743364033948,-153.34186922720522,51.07704896012137,-280.7381337478168,2,5,-416.4361801927938,-4.383538738871514,-865.2288111394008,-891.8896565321545
1.75,0.6,2.0,60.0,30.0,35.0,95,8,-7.295792537553567,-106.13743364033948,-205.34186922720522,31.077048960121367,-318.7381337478168,1,5,-606.4361801927938,-6.383538738871514,-865.2288111394008,-891.8896565321545
1.75,0.6,2.0,60.0,30.0,35.0,95,10,-47.29579253755357,-146.13743364033948,-257.3418692272052,11.077048960121369,-356.7381337478168,1,5,-796.4361801927938,-8.383538738871513,-865.2288111394008,-891.8896565321545
1.75,0.6,2.0,60.0,30.0,35.0,95,12,-87.29579253755357,-186.13743364033948,-309.3418692272052,-8.922951039878631,-394.7381337478168,0,5,-986.4361801927938,-10.383538738871513,-865.2288111394008,-891.8896565321545
1.75,0.6,2.0,60.0,30.0,50.0,95,0,152.7251650698274,103.47713363263912,10.508226205309313,163.76548312820103,-227.12772574688393,4,5,203.34828228909294,2.1405082346220308,-815.4443486575141,-842.1051940502678
1.75,0.6,2.0,60.0,30.0,50.0,95,2,112.7251650698274,63.477133632639124,-41.49177379469069,143.76548312820103,-265.1277257468839,3,5,13.348282289092936,0.1405082346220309,-815.4443486575141,-842.1051940502678
1.75,0.6,2.0,60.0,30.0,50.0,95,4,72.7251650698274,23.477133632639124,-93.49177379469069,123.76548312820103,-303.1277257468839,3,5,-176.65171771090706,-1.859491765377969,-815.4443486575141,-842.1051940502678
1.75,0.6,2.0,60.0,30.0,50.0,95,6,32.7251650698274,-16.522866367360876,-145.4917737946907,103.76548312820103,-341.1277257468839,2,5,-366.65171771090706,-3.8594917653779692,-815.4443486575141,-842.1051940502678
1.75,0.6,2.0,60.0,30.0,50.0,95,8,-7.274834930172602,-56.522866367360876,-197.4917737946907,83.76548312820103,-379.1277257468839,1,5,-556.6517177109071,-5.859491765377969,-815.4443486575141,-842.1051940502678
1.75,0.6,2.0,60.0,30.0,50.0,95,10,-47.2748349301726,-96.52286636736088,-249.4917737946907,63.76548312820102,-417.1277257468839,1,5,-746.6517177109071,-7.859491765377969,-815.4443486575141,-842.1051940502678
1.75,0.6,2.0,60.0,30.0,50.0,95,12,-87.2748349301726,-136.52286636736088,-301.4917737946907,43.76548312820102,-455.1277257468839,1,5,-936.6517177109071,-9.85949176537797,-815.4443486575141,-842.1051940502678
1.75,0.6,2.0,60.0,40.0,15.0,97,0,-9.97573458054049,-19.189041466718407,-154.8685471975237,151.5505183208624,-82.67259750286121,1,5,-115.1554024267814,-1.1871690971833133,-1173.7125496875242,-1144.8744932590653
1.75,0.6,2.0,60.0,40.0,15.0,97,2,-49.97573458054049,-59.18904146671841,-208.8685471975237,131.5505183208624,-122.67259750286121,1,5,-309.1554024267814,-3.1871690971833133,-1173.7125496875242,-1144.8744932590653
1.75,0.6,2.0,60.0,40.0,15.0,97,4,-89.97573458054049,-99.18904146671841,-262.8685471975237,111.55051832086241,-162.6725975028612,1,5,-503.1554024267814,-5.187169097183314,-1173.7125496875242,-1144.8744932590653
1.75,0.6,2.0,60.0,40.0,15.0,97,6,-129.9757345805405,-139.1890414667184,-316.8685471975237,91.55051832086241,-202.6725975028612,1,5,-697.1554024267814,-7.187169097183314,-1173.7125496875242,-1144.8744932590653
1.75,0.6,2.0,60.0,40.0,15.0,97,8,-169.9757345805405,-179.1890414667184,-370.8685471975237,71.55051832086241,-242.6725975028612,1,5,-891.1554024267814,-9.187169097183313,-1173.7125496875242,-1144.8744932590653
1.75,0.6,2.0,60.0,40.0,15.0,97,10,-209.9757345805405,-219.1890414667184,-424.8685471975237,51.5505183208624,-282.6725975028612,1,5,-1085.1554024267814,-11.187169097183313,-1173.7125496875242,-1144.8744932590653
1.75,0.6,2.0,60.0,40.0,15.0,97,12,-249.9757345805405,-259.18904146671844,-478.8685471975237,31.550518320862402,-322.6725975028612,1,5,-1279.1554024267814,-13.187169097183313,-1173.7125496875242,-1144.8744932590653
1.75,0.6,2.0,60.0,40.0,25.0,95,0,55.048514235803395,-69.75280950411798,-202.27043604721229,195.8026635169814,-72.73003579936864,2,5,-93.90210359791377,-0.9884431957675133,-1132.4592508586566,-1098.4115924858468
1.75,0.6,2.0,60.0,40.0,25.0,95,2,15.048514235803395,-109.75280950411798,-254.27043604721229,175.8026635169814,-110.73003579936864,2,5,-283.90210359791377,-2.9884431957675135,-1132.4592508586566,-1098.4115924858468
1.75,0.6,2.0,60.0,40.0,25.0,95,4,-24.951485764196605,-149.75280950411798,-306.2704360472123,155.8026635169814,-148.73003579936864,1,5,-473.90210359791377,-4.9884431957675135,-1132.4592508586566,-1098.4115924858468
1.75,0.6,2.0,60.0,40.0,25.0,95,6,-64.9514857641966,-189.75280950411798,-358.2704360472123,135.8026635169814,-186.73003579936864,1,5,-663.9021035979138,-6.9884431957675135,-1132.4592508586566,-1098.4115924858468
1.75,0.6,2.0,60.0,40.0,25.0,95,8,-104.9514857641966,-229.75280950411798,-410.2704360472123,115.8026635169814,-224.73003579936864,1,5,-853.9021035979138,-8.988443195767513,-1132.4592508586566,-1098.4115924858468
1.75,0.6,2.0,60.0,40.0,25.0,95,10,-144.9514857641966,-269.752809504118,-462.2704360472123,95.8026635169814,-262.73003579936864,1,5,-1043.9021035979138,-10.988443195767513,-1132.4592508586566,-1098.4115924858468
1.75,0.6,2.0,60.0,40.0,25.0,95,12,-184.9514857641966,-309.752809504118,-514.2704360472123,75.8026635169814,-300.73003579936864,1,5,-1233.9021035979138,-12.988443195767513,-1132.4592508586566,-1098.4115924858468
1.75,0.6,2.0,60.0,40.0,35.0,95,0,4.624799742104614,52.17498579986099,-117.82164293604711,152.7509679395009,-140.03671557726767,3,5,-48.307605031848425,-0.5085011055984044,-1086.8647522925912,-1153.602942112216
1.75,0.6,2.0,60.0,40.0,35.0,95,2,-35.375200257895386,12.174985799860991,-169.8216429360471,132.7509679395009,-178.03671557726767,2,5,-238.30760503184842,-2.5085011055984046,-1086.8647522925912,-1153.602942112216
1.75,0.6,2.0,60.0,40.0,35.0,95,4,-75.37520025789539,-27.82501420013901,-221.8216429360471,112.7509679395009,-216.03671557726767,1,5,-428.3076050318484,-4.508501105598405,-1086.8647522925912,-1153.602942112216
1.75,0.6,2.0,60.0,40.0,35.0,95,6,-115.37520025789539,-67.82501420013901,-273.8216429360471,92.7509679395009,-254.03671557726767,1,5,-618.3076050318484,-6.508501105598405,-1086.8647522925912,-1153.602942112216
1.75,0.6,2.0,60.0,40.0,35.0,95,8,-155.3752002578954,-107.82501420013901,-325.8216429360471,72.7509679395009,-292.03671557726767,1,5,-808.3076050318484,-8.508501105598404,-1086.8647522925912,-1153.602942112216
1.75,0.6,2.0,60.0,40.0,35.0,95,10,-195.3752002578954,-147.825014200139,-377.8216429360471,52.7509679395009,-330.03671557726767,1,5,-998.3076050318484,-10.508501105598404,-1086.8647522925912,-1153.602942112216
1.75,0.6,2.0,60.0,40.0,35.0,95,12,-235.3752002578954,-187.825014200139,-429.8216429360471,32.7509679395009,-368.03671557726767,1,5,-1188.3076050318484,-12.508501105598404,-1086.8647522925912,-1153.602942112216
1.75,0.6,2.0,60.0,40.0,50.0,95,0,79.8838000942442,101.7895530728396,21.7624772596852,205.43940210758058,-200.4263075763348,4,5,208.4489249580148,2.194199210084366,-830.108222302728,-896.8464121223527
1.75,0.6,2.0,60.0,40.0,50.0,95,2,39.883800094244194,61.789553072839595,-30.2375227403148,185.43940210758058,-238.4263075763348,3,5,18.4489249580148,0.1941992100843663,-830.108222302728,-896.8464121223527
1.75,0.6,2.0,60.0,40.0,50.0,95,4,-0.1161999057558063,21.789553072839595,-82.2375227403148,165.43940210758058,-276.4263075763348,2,5,-171.5510750419852,-1.8058007899156336,-830.108222302728,-896.8464121223527
1.75,0.6,2.0,60.0,40.0,50.0,95,6,-40.116199905755806,-18.210446927160405,-134.2375227403148,145.43940210758058,-314.4263075763348,1,5,-361.5510750419852,-3.805800789915634,-830.108222302728,-896.8464121223527
1.75,0.6,2.0,60.0,40.0,50.0,95,8,-80.1161999057558,-58.210446927160405,-186.2375227403148,125.43940210758058,-352.4263075763348,1,5,-551.5510750419852,-5.805800789915634,-830.108222302728,-896.8464121223527
1.75,0.6,2.0,60.0,40.0,50.0,95,10,-120.1161999057558,-98.2104469271604,-238.2375227403148,105.43940210758058,-390.4263075763348,1,5,-741.5510750419852,-7.805800789915634,-830.108222302728,-896.8464121223527
1.75,0.6,2.0,60.0,40.0,50.0,95,12,-160.11619990575582,-138.2104469271604,-290.23752274031483,85.43940210758058,-428.4263075763348,1,5,-931.5510750419852,-9.805800789915633,-830.108222302728,-896.8464121223527
1.75,0.6,2.0,60.0,60.0,15.0,95,0,-128.55638016691927,-95.28792797114227,-281.1941730156499,245.93861686421502,-73.0658480383492,1,5,-332.16571232784554,-3.496481182398374,-1435.542566041982,-1336.6752012157783
1.75,0.6,2.0,60.0,60.0,15.0,95,2,-166.55638016691927,-135.28792797114227,-333.1941730156499,225.93861686421502,-113.0658480383492,1,5,-522.1657123278455,-5.496481182398374,-1435.542566041982,-1336.6752012157783
1.75,0.6,2.0,60.0,60.0,15.0,95,4,-204.55638016691927,-175.28792797114227,-385.1941730156499,205.93861686421502,-153.0658480383492,1,5,-712.1657123278455,-7.496481182398374,-1435.542566041982,-1336.6752012157783
1.75,0.6,2.0,60.0,60.0,15.0,95,6,-242.55638016691927,-215.28792797114227,-437.1941730156499,185.93861686421502,-193.0658480383492,1,5,-902.1657123278455,-9.496481182398375,-1435.542566041982,-1336.6752012157783
1.75,0.6,2.0,60.0,60.0,15.0,95,8,-280.55638016691927,-255.28792797114227,-489.1941730156499,165.93861686421502,-233.0658480383492,1,5,-1092.1657123278455,-11.496481182398375,-1435.542566041982,-1336.6752012157783
1.75,0.6,2.0,60.0,60.0,15.0,95,10,-318.55638016691927,-295.28792797114227,-541.1941730156499,145.93861686421502,-273.0658480383492,1,5,-1282.1657123278455,-13.496481182398375,-1435.542566041982,-1336.6752012157783
1.75,0.6,2.0,60.0,60.0,15.0,95,12,-356.55638016691927,-335.28792797114227,-593.1941730156499,125.93861686421502,-313.0658480383492,1,5,-1472.1657123278455,-15.496481182398375,-1435.542566041982,-1336.6752012157783
1.75,0.6,2.0,60.0,60.0,25.0,93,0,1.6531316274048038,-150.00719630871163,-336.50827378992017,266.47218713357455,-53.43077583925876,2,5,-271.82092717691125,-2.9228056685689383,-1355.1977808910474,-1256.3304160648445
1.75,0.6,2.0,60.0,60.0,25.0,93,2,-36.346868372595196,-190.00719630871163,-386.50827378992017,246.47218713357455,-91.43077583925876,1,5,-457.82092717691125,-4.922805668568938,-1355.1977808910474,-1256.3304160648445
1.75,0.6,2.0,60.0,60.0,25.0,93,4,-74.3468683725952,-230.00719630871163,-436.50827378992017,226.47218713357455,-129.43077583925876,1,5,-643.8209271769113,-6.922805668568938,-1355.1977808910474,-1256.3304160648445
1.75,0.6,2.0,60.0,60.0,25.0,93,6,-112.3468683725952,-270.0071963087116,-486.50827378992017,206.47218713357455,-167.43077583925876,1,5,-829.8209271769113,-8.922805668568937,-1355.1977808910474,-1256.3304160648445
1.75,0.6,2.0,60.0,60.0,25.0,93,8,-150.3468683725952,-310.0071963087116,-536.5082737899202,186.47218713357455,-205.43077583925876,1,5,-1015.8209271769113,-10.922805668568937,-1355.1977808910474,-1256.3304160648445
1.75,0.6,2.0,60.0,60.0,25.0,93,10,-188.3468683725952,-350.0071963087116,-586.5082737899202,166.47218713357455,-243.43077583925876,1,5,-1201.8209271769113,-12.922805668568937,-1355.1977808910474,-1256.3304160648445
1.75,0.6,2.0,60.0,60.0,25.0,93,12,-226.3468683725952,-390.0071963087116,-636.5082737899202,146.47218713357455,-281.4307758392588,1,5,-1387.8209271769113,-14.922805668568937,-1355.1977808910474,-1256.3304160648445
1.75,0.6,2.0,60.0,60.0,35.0,93,0,66.8054131607686,-40.48045178501968,-245.47658025972254,223.42049155609402,-120.73745561715776,2,5,-116.4685829450375,-1.252350354247715,-1199.8454366591736,-1209.8337320491753
1.75,0.6,2.0,60.0,60.0,35.0,93,2,28.805413160768595,-80.48045178501968,-295.47658025972254,203.42049155609402,-158.73745561715776,2,5,-302.4685829450375,-3.252350354247715,-1199.8454366591736,-1209.8337320491753
1.75,0.6,2.0,60.0,60.0,35.0,93,4,-9.194586839231405,-120.48045178501968,-345.47658025972254,183.42049155609402,-196.73745561715776,1,5,-488.4685829450375,-5.2523503542477155,-1199.8454366591736,-1209.8337320491753
1.75,0.6,2.0,60.0,60.0,35.0,93,6,-47.194586839231405,-160.48045178501968,-395.47658025972254,163.42049155609402,-234.73745561715776,1,5,-674.4685829450375,-7.2523503542477155,-1199.8454366591736,-1209.8337320491753
1.75,0.6,2.0,60.0,60.0,35.0,93,8,-85.1945868392314,-200.48045178501968,-445.47658025972254,143.42049155609402,-272.73745561715776,1,5,-860.4685829450375,-9.252350354247715,-1199.8454366591736,-1209.8337320491753
1.75,0.6,2.0,60.0,60.0,35.0,93,10,-123.1945868392314,-240.48045178501968,-495.47658025972254,123.42049155609402,-310.73745561715776,1,5,-1046.4685829450375,-11.252350354247715,-1199.8454366591736,-1209.8337320491753
1.75,0.6,2.0,60.0,60.0,35.0,93,12,-161.19458683923142,-280.4804517850197,-545.4765802597226,103.42049155609402,-348.73745561715776,1,5,-1232.4685829450375,-13.252350354247715,-1199.8454366591736,-1209.8337320491753
1.75,0.6,2.0,60.0,60.0,50.0,93,0,107.83889227310968,34.42352134794089,-83.76168595675972,276.1089257241737,-181.1270476162249,3,5,153.4826057722396,1.650350599701501,-929.8942479418968,-939.8825433318982
1.75,0.6,2.0,60.0,60.0,50.0,93,2,69.83889227310968,-5.576478652059109,-133.76168595675972,256.1089257241737,-219.1270476162249,2,5,-32.517394227760406,-0.349649400298499,-929.8942479418968,-939.8825433318982
1.75,0.6,2.0,60.0,60.0,50.0,93,4,31.83889227310968,-45.57647865205911,-183.76168595675972,236.1089257241737,-257.1270476162249,2,5,-218.5173942277604,-2.349649400298499,-929.8942479418968,-939.8825433318982
1.75,0.6,2.0,60.0,60.0,50.0,93,6,-6.161107726890322,-85.57647865205911,-233.76168595675972,216.1089257241737,-295.1270476162249,1,5,-404.5173942277604,-4.349649400298499,-929.8942479418968,-939.8825433318982
1.75,0.6,2.0,60.0,60.0,50.0,93,8,-44.16110772689032,-125.57647865205911,-283.7616859567597,196.1089257241737,-333.1270476162249,1,5,-590.5173942277604,-6.349649400298499,-929.8942479418968,-939.8825433318982
1.75,0.6,2.0,60.0,60.0,50.0,93,10,-82.16110772689032,-165.5764786520591,-333.7616859567597,176.1089257241737,-371.1270476162249,1,5,-776.5173942277604,-8.3496494002985,-929.8942479418968,-939.8825433318982
1.75,0.6,2.0,60.0,60.0,50.0,93,12,-120.16110772689032,-205.5764786520591,-383.7616859567597,156.1089257241737,-409.1270476162249,1,5,-962.5173942277604,-10.3496494002985,-929.8942479418968,-939.8825433318982
1.75,0.6,2.0,90.0,20.0,15.0,97,0,31.79608809198936,19.380251091048166,-29.121936181890533,136.2853297820035,-0.0301075400633124,3,5,158.3096252430871,1.6320579921967744,-851.8269014391263,-910.6360155735844
1.75,0.6,2.0,90.0,20.0,15.0,97,2,-8.203911908010639,-20.619748908951834,-83.12193618189053,116.2853297820035,-40.03010754006331,1,5,-35.69037475691289,-0.36794200780322567,-851.8269014391263,-910.6360155735844
1.75,0.6,2.0,90.0,20.0,15.0,97,4,-48.20391190801064,-60.619748908951834,-137.12193618189053,96.2853297820035,-80.03010754006331,1,5,-229.6903747569129,-2.367942007803226,-851.8269014391263,-910.6360155735844
1.75,0.6,2.0,90.0,20.0,15.0,97,6,-88.20391190801064,-100.61974890895183,-191.12193618189053,76.2853297820035,-120.03010754006331,1,5,-423.6903747569129,-4.367942007803226,-851.8269014391263,-910.6360155735844
1.75,0.6,2.0,90.0,20.0,15.0,97,8,-128.20391190801064,-140.61974890895183,-245.12193618189053,56.2853297820035,-160.0301075400633,1,5,-617.6903747569129,-6.367942007803226,-851.8269014391263,-910.6360155735844
1.75,0.6,2.0,90.0,20.0,15.0,97,10,-168.20391190801064,-180.61974890895183,-299.12193618189053,36.2853297820035,-200.0301075400633,1,5,-811.6903747569129,-8.367942007803226,-851.8269014391263,-910.6360155735844
1.75,0.6,2.0,90.0,20.0,15.0,97,12,-208.20391190801064,-220.61974890895183,-353.12193618189053,16.2853297820035,-240.0301075400633,1,5,-1005.6903747569129,-10.367942007803226,-851.8269014391263,-910.6360155735844
1.75,0.6,2.0,90.0,20.0,25.0,95,0,163.5144653561429,0.95500983834404,-7.276144223244671,159.70066734244932,-77.67087587605698,3,5,239.22312243763486,2.518138130922472,-757.0365188985944,-790.8457582192714
1.75,0.6,2.0,90.0,20.0,25.0,95,2,123.51446535614289,-39.04499016165596,-59.27614422324467,139.70066734244932,-115.67087587605698,2,5,49.223122437634856,0.5181381309224722,-757.0365188985944,-790.8457582192714
1.75,0.6,2.0,90.0,20.0,25.0,95,4,83.51446535614289,-79.04499016165596,-111.27614422324467,119.70066734244932,-153.67087587605698,2,5,-140.77687756236514,-1.4818618690775278,-757.0365188985944,-790.8457582192714
1.75,0.6,2.0,90.0,20.0,25.0,95,6,43.5144653561429,-119.04499016165596,-163.27614422324467,99.70066734244932,-191.67087587605698,2,5,-330.77687756236514,-3.481861869077528,-757.0365188985944,-790.8457582192714
1.75,0.6,2.0,90.0,20.0,25.0,95,8,3.5144653561428996,-159.04499016165596,-215.27614422324467,79.70066734244932,-229.67087587605698,2,5,-520.7768775623651,-5.481861869077528,-757.0365188985944,-790.8457582192714
1.75,0.6,2.0,90.0,20.0,25.0,95,10,-36.4855346438571,-199.04499016165596,-267.27614422324467,59.70066734244932,-267.670875876057,1,5,-710.7768775623651,-7.481861869077528,-757.0365188985944,-790.8457582192714
1.75,0.6,2.0,90.0,20.0,25.0,95,12,-76.48553464385711,-239.04499016165596,-319.27614422324467,39.70066734244932,-305.670875876057,1,5,-900.7768775623651,-9.481861869077528,-757.0365188985944,-790.8457582192714
1.75,0.6,2.0,90.0,20.0,35.0,95,0,161.09109106368186,88.39520681855964,29.076348635466502,116.64897176496882,-146.13334287040863,4,5,249.07827541226823,2.621876583287034,-747.181365923961,-751.81311230678
1.75,0.6,2.0,90.0,20.0,35.0,95,2,121.09109106368186,48.39520681855964,-22.923651364533498,96.64897176496882,-184.13334287040863,3,5,59.078275412268226,0.621876583287034,-747.181365923961,-751.81311230678
1.75,0.6,2.0,90.0,20.0,35.0,95,4,81.09109106368186,8.395206818559643,-74.9236513645335,76.64897176496882,-222.13334287040863,3,5,-130.92172458773177,-1.3781234167129661,-747.181365923961,-751.81311230678
1.75,0.6,2.0,90.0,20.0,35.0,95,6,41.09109106368186,-31.604793181440357,-126.9236513645335,56.64897176496881,-260.1333428704086,2,5,-320.9217245877318,-3.378123416712966,-747.181365923961,-751.81311230678
1.75,0.6,2.0,90.0,20.0,35.0,95,8,1.0910910636818585,-71.60479318144036,-178.9236513645335,36.64897176496881,-298.1333428704086,2,5,-510.9217245877318,-5.378123416712966,-747.181365923961,-751.81311230678
1.75,0.6,2.0,90.0,20.0,35.0,95,10,-38.90890893631814,-111.60479318144036,-230.9236513645335,16.648971764968813,-336.1333428704086,1,5,-700.9217245877318,-7.378123416712966,-747.181365923961,-751.81311230678
1.75,0.6,2.0,90.0,20.0,35.0,95,12,-78.90890893631814,-151.60479318144036,-282.9236513645335,-3.351028235031187,-374.1333428704086,0,5,-890.9217245877318,-9.378123416712967,-747.181365923961,-751.81311230678
1.75,0.6,2.0,90.0,20.0,50.0,95,0,168.3086216122655,154.23269335362724,119.40392199333215,114.59243646872258,-282.3552263514154,4,5,274.1824470765322,2.8861310218582337,-722.0771942596971,-730.6428242418883
1.75,0.6,2.0,90.0,20.0,50.0,95,2,128.3086216122655,114.23269335362724,67.40392199333215,94.59243646872258,-320.3552263514154,4,5,84.18244707653218,0.8861310218582336,-722.0771942596971,-730.6428242418883
1.75,0.6,2.0,90.0,20.0,50.0,95,4,88.30862161226551,74.23269335362724,15.403921993332148,74.59243646872258,-358.3552263514154,4,5,-105.81755292346782,-1.1138689781417666,-722.0771942596971,-730.6428242418883
1.75,0.6,2.0,90.0,20.0,50.0,95,6,48.30862161226551,34.23269335362724,-36.59607800666785,54.59243646872259,-396.3552263514154,3,5,-295.8175529234678,-3.1138689781417663,-722.0771942596971,-730.6428242418883
1.75,0.6,2.0,90.0,20.0,50.0,95,8,8.308621612265512,-5.767306646372759,-88.59607800666785,34.59243646872259,-434.3552263514154,2,5,-485.8175529234678,-5.113868978141767,-722.0771942596971,-730.6428242418883
1.75,0.6,2.0,90.0,20.0,50.0,95,10,-31.69137838773449,-45.76730664637276,-140.59607800666785,14.592436468722587,-472.3552263514154,1,5,-675.8175529234678,-7.113868978141767,-722.0771942596971,-730.6428242418883
1.75,0.6,2.0,90.0,20.0,50.0,95,12,-71.69137838773449,-85.76730664637276,-192.59607800666785,-5.407563531277413,-510.3552263514154,0,5,-865.8175529234678,-9.113868978141767,-722.0771942596971,-730.6428242418883
1.75,0.6,2.0,90.0,30.0,15.0,97,0,39.608956453587325,8.669573480804644,-22.866772990779737,90.98190518869526,-53.533319122249196,3,5,62.860343010058386,0.648044773299571,-970.7065538266864,-974.7077087645916
1.75,0.6,2.0,90.0,30.0,15.0,97,2,-0.3910435464126749,-31.330426519195356,-76.86677299077974,70.98190518869526,-93.5333191222492,1,5,-131.1396569899416,-1.3519552267004291,-970.7065538266864,-974.7077087645916
1.75,0.6,2.0,90.0,30.0,15.0,97,4,-40.391043546412675,-71.33042651919536,-130.86677299077974,50.98190518869526,-133.5333191222492,1,5,-325.1396569899416,-3.351955226700429,-970.7065538266864,-974.7077087645916
1.75,0.6,2.0,90.0,30.0,15.0,97,6,-80.39104354641267,-111.33042651919536,-184.86677299077974,30.981905188695258,-173.5333191222492,1,5,-519.1396569899416,-5.351955226700429,-970.7065538266864,-974.7077087645916
1.75,0.6,2.0,90.0,30.0,15.0,97,8,-120.39104354641267,-151.33042651919536,-238.86677299077974,10.98190518869526,-213.5333191222492,1,5,-713.1396569899416,-7.351955226700429,-970.7065538266864,-974.7077087645916
1.75,0.6,2.0,90.0,30.0,15.0,97,10,-160.39104354641267,-191.33042651919536,-292.86677299077974,-9.01809481130474,-253.5333191222492,0,5,-907.1396569899416,-9.35195522670043,-970.7065538266864,-974.7077087645916
1.75,0.6,2.0,90.0,30.0,15.0,97,12,-200.39104354641267,-231.33042651919536,-346.86677299077974,-29.018094811304742,-293.53331912224917,0,5,-1101.1396569899416,-11.35195522670043,-970.7065538266864,-974.7077087645916
1.75,0.6,2.0,90.0,30.0,25.0,95,0,194.93422136072954,-41.72129753410684,-61.79446478753249,154.1287445376019,-43.530038120920324,2,5,202.01716545577165,2.126496478481807,-833.6894121015646,-784.7096948319313
1.75,0.6,2.0,90.0,30.0,25.0,95,2,154.93422136072954,-81.72129753410684,-113.79446478753249,134.1287445376019,-81.53003812092032,2,5,12.017165455771647,0.1264964784818068,-833.6894121015646,-784.7096948319313
1.75,0.6,2.0,90.0,30.0,25.0,95,4,114.93422136072954,-121.72129753410684,-165.7944647875325,114.12874453760189,-119.53003812092032,2,5,-177.98283454422835,-1.8735035215181932,-833.6894121015646,-784.7096948319313
1.75,0.6,2.0,90.0,30.0,25.0,95,6,74.93422136072954,-161.72129753410684,-217.7944647875325,94.12874453760189,-157.53003812092032,2,5,-367.98283454422835,-3.873503521518193,-833.6894121015646,-784.7096948319313
1.75,0.6,2.0,90.0,30.0,25.0,95,8,34.93422136072953,-201.72129753410684,-269.7944647875325,74.12874453760189,-195.53003812092032,2,5,-557.9828345442284,-5.873503521518193,-833.6894121015646,-784.7096948319313
1.75,0.6,2.0,90.0,30.0,25.0,95,10,-5.065778639270469,-241.72129753410684,-321.7944647875325,54.12874453760189,-233.53003812092032,1,5,-747.9828345442284,-7.873503521518193,-833.6894121015646,-784.7096948319313
1.75,0.6,2.0,90.0,30.0,25.0,95,12,-45.06577863927047,-281.72129753410684,-373.7944647875325,34.12874453760189,-271.5300381209203,1,5,-937.9828345442284,-9.873503521518193,-833.6894121015646,-784.7096948319313
1.75,0.6,2.0,90.0,30.0,35.0,95,0,169.61815407317556,39.53252422127946,35.42639082054933,111.07704896012137,-125.4116818965972,4,5,230.24243617852846,2.423604591352931,-805.4641413788077,-800.6360761630544
1.75,0.6,2.0,90.0,30.0,35.0,95,2,129.61815407317556,-0.4674757787205408,-16.57360917945067,91.07704896012137,-163.4116818965972,2,5,40.242436178528465,0.4236045913529312,-805.4641413788077,-800.6360761630544
1.75,0.6,2.0,90.0,30.0,35.0,95,4,89.61815407317556,-40.46747577872054,-68.57360917945067,71.07704896012137,-201.4116818965972,2,5,-149.75756382147154,-1.5763954086470688,-805.4641413788077,-800.6360761630544
1.75,0.6,2.0,90.0,30.0,35.0,95,6,49.61815407317556,-80.46747577872054,-120.57360917945067,51.07704896012137,-239.4116818965972,2,5,-339.75756382147154,-3.576395408647069,-805.4641413788077,-800.6360761630544
1.75,0.6,2.0,90.0,30.0,35.0,95,8,9.61815407317556,-120.46747577872054,-172.57360917945067,31.077048960121367,-277.4116818965972,2,5,-529.7575638214715,-5.576395408647069,-805.4641413788077,-800.6360761630544
1.75,0.6,2.0,90.0,30.0,35.0,95,10,-30.38184592682444,-160.46747577872054,-224.57360917945067,11.077048960121369,-315.4116818965972,1,5,-719.7575638214715,-7.576395408647069,-805.4641413788077,-800.6360761630544
1.75,0.6,2.0,90.0,30.0,35.0,95,12,-70.38184592682444,-200.46747577872054,-276.57360917945067,-8.922951039878631,-353.4116818965972,0,5,-909.7575638214715,-9.576395408647068,-805.4641413788077,-800.6360761630544
1.75,0.6,2.0,90.0,30.0,50.0,95,0,169.63911168055654,118.27691146155814,125.35659465507064,116.94845552110635,-182.74711947293878,4,5,347.47395384535275,3.6576205667931867,-688.2326237119835,-767.8320816715888
1.75,0.6,2.0,90.0,30.0,50.0,95,2,129.63911168055654,78.27691146155814,73.35659465507064,96.94845552110635,-220.74711947293878,4,5,157.47395384535275,1.657620566793187,-688.2326237119835,-767.8320816715888
1.75,0.6,2.0,90.0,30.0,50.0,95,4,89.63911168055654,38.27691146155814,21.356594655070637,76.94845552110635,-258.7471194729388,4,5,-32.52604615464725,-0.34237943320681313,-688.2326237119835,-767.8320816715888
1.75,0.6,2.0,90.0,30.0,50.0,95,6,49.63911168055654,-1.723088538441857,-30.643405344929363,56.94845552110635,-296.7471194729388,2,5,-222.52604615464725,-2.3423794332068133,-688.2326237119835,-767.8320816715888
1.75,0.6,2.0,90.0,30.0,50.0,95,8,9.639111680556539,-41.72308853844186,-82.64340534492936,36.94845552110635,-334.7471194729388,2,5,-412.52604615464725,-4.342379433206813,-688.2326237119835,-767.8320816715888
1.75,0.6,2.0,90.0,30.0,50.0,95,10,-30.36088831944346,-81.72308853844186,-134.64340534492936,16.948455521106347,-372.7471194729388,1,5,-602.5260461546472,-6.342379433206813,-688.2326237119835,-767.8320816715888
1.75,0.6,2.0,90.0,30.0,50.0,95,12,-70.36088831944346,-121.72308853844186,-186.64340534492936,-3.0515444788936534,-410.7471194729388,0,5,-792.5260461546472,-8.342379433206814,-688.2326237119835,-767.8320816715888
1.75,0.6,2.0,90.0,40.0,15.0,97,0,-2.6607863734405726,-19.189041466718407,-100.3878331235382,151.5505183208624,-62.81838013961641,1,5,-33.50552278245118,-0.3454177606438266,-1099.3776182502938,-1063.224613614735
1.75,0.6,2.0,90.0,40.0,15.0,97,2,-42.66078637344057,-59.18904146671841,-154.3878331235382,131.5505183208624,-102.81838013961641,1,5,-227.50552278245118,-2.3454177606438265,-1099.3776182502938,-1063.224613614735
1.75,0.6,2.0,90.0,40.0,15.0,97,4,-82.66078637344057,-99.18904146671841,-208.3878331235382,111.55051832086241,-142.8183801396164,1,5,-421.5055227824512,-4.3454177606438265,-1099.3776182502938,-1063.224613614735
1.75,0.6,2.0,90.0,40.0,15.0,97,6,-122.66078637344057,-139.1890414667184,-262.3878331235382,91.55051832086241,-182.8183801396164,1,5,-615.5055227824512,-6.3454177606438265,-1099.3776182502938,-1063.224613614735
1.75,0.6,2.0,90.0,40.0,15.0,97,8,-162.66078637344057,-179.1890414667184,-316.3878331235382,71.55051832086241,-222.8183801396164,1,5,-809.5055227824512,-8.345417760643826,-1099.3776182502938,-1063.224613614735
1.75,0.6,2.0,90.0,40.0,15.0,97,10,-202.66078637344057,-219.1890414667184,-370.3878331235382,51.5505183208624,-262.8183801396164,1,5,-1003.5055227824512,-10.345417760643826,-1099.3776182502938,-1063.224613614735
1.75,0.6,2.0,90.0,40.0,15.0,97,12,-242.66078637344057,-259.18904146671844,-424.3878331235382,31.550518320862402,-302.8183801396164,1,5,-1197.5055227824512,-12.345417760643826,-1099.3776182502938,-1063.224613614735
1.75,0.6,2.0,90.0,40.0,25.0,95,0,123.25533790910244,-69.57991248162978,-147.7897219732269,187.77110396020447,35.34447508958331,3,5,129.0012825040336,1.3579082368845643,-950.1090272290428,-875.5082063838994
1.75,0.6,2.0,90.0,40.0,25.0,95,2,83.25533790910244,-109.57991248162978,-199.7897219732269,167.77110396020447,-2.6555249104166876,2,5,-60.99871749596639,-0.6420917631154357,-950.1090272290428,-875.5082063838994
1.75,0.6,2.0,90.0,40.0,25.0,95,4,43.25533790910244,-149.57991248162978,-251.7897219732269,147.77110396020447,-40.65552491041669,2,5,-250.9987174959664,-2.6420917631154355,-950.1090272290428,-875.5082063838994
1.75,0.6,2.0,90.0,40.0,25.0,95,6,3.255337909102437,-189.57991248162978,-303.7897219732269,127.77110396020448,-78.65552491041669,2,5,-440.9987174959664,-4.6420917631154355,-950.1090272290428,-875.5082063838994
1.75,0.6,2.0,90.0,40.0,25.0,95,8,-36.74466209089756,-229.57991248162978,-355.7897219732269,107.77110396020448,-116.65552491041669,1,5,-630.9987174959664,-6.6420917631154355,-950.1090272290428,-875.5082063838994
1.75,0.6,2.0,90.0,40.0,25.0,95,10,-76.74466209089756,-269.5799124816298,-407.7897219732269,87.77110396020448,-154.6555249104167,1,5,-820.9987174959664,-8.642091763115436,-950.1090272290428,-875.5082063838994
1.75,0.6,2.0,90.0,40.0,25.0,95,12,-116.74466209089756,-309.5799124816298,-459.7897219732269,67.77110396020448,-192.6555249104167,1,5,-1010.9987174959664,-10.642091763115436,-950.1090272290428,-875.5082063838994
1.75,0.6,2.0,90.0,40.0,35.0,94,0,72.83162341540368,-16.310404196743207,-54.34284540493087,144.71940838272397,-46.53716868609351,2,5,100.36061351036005,1.0676661011740431,-968.7496962227164,-980.3597595722296
1.75,0.6,2.0,90.0,40.0,35.0,94,2,32.83162341540368,-54.31040419674321,-106.34284540493087,124.71940838272397,-84.53716868609351,2,5,-87.63938648963995,-0.9323338988259569,-968.7496962227164,-980.3597595722296
1.75,0.6,2.0,90.0,40.0,35.0,94,4,-7.1683765845963165,-92.3104041967432,-158.34284540493087,104.71940838272397,-122.53716868609351,1,5,-275.63938648963995,-2.932333898825957,-968.7496962227164,-980.3597595722296
1.75,0.6,2.0,90.0,40.0,35.0,94,6,-47.16837658459632,-130.3104041967432,-210.34284540493087,84.71940838272397,-160.5371686860935,1,5,-463.63938648963995,-4.932333898825957,-968.7496962227164,-980.3597595722296
1.75,0.6,2.0,90.0,40.0,35.0,94,8,-87.16837658459632,-168.3104041967432,-262.34284540493087,64.71940838272397,-198.5371686860935,1,5,-651.63938648964,-6.932333898825957,-968.7496962227164,-980.3597595722296
1.75,0.6,2.0,90.0,40.0,35.0,94,10,-127.16837658459632,-206.3104041967432,-314.34284540493087,44.71940838272398,-236.5371686860935,1,5,-839.63938648964,-8.932333898825958,-968.7496962227164,-980.3597595722296
1.75,0.6,2.0,90.0,40.0,35.0,94,12,-167.16837658459633,-244.3104041967432,-366.34284540493087,24.719408382723977,-274.53716868609354,1,5,-1027.63938648964,-10.932333898825958,-968.7496962227164,-980.3597595722296
1.75,0.6,2.0,90.0,40.0,50.0,94,0,148.09062376754324,76.5686061725394,216.6911112397937,150.59081494370895,-88.55719492062752,4,5,503.3839612029578,5.355148523435721,-565.7263485301188,-705.8406413746143
1.75,0.6,2.0,90.0,40.0,50.0,94,2,108.09062376754324,38.568606172539404,164.6911112397937,130.59081494370895,-126.55719492062752,4,5,315.3839612029578,3.3551485234357212,-565.7263485301188,-705.8406413746143
1.75,0.6,2.0,90.0,40.0,50.0,94,4,68.09062376754324,0.568606172539404,112.69111123979371,110.59081494370896,-164.55719492062752,4,5,127.38396120295778,1.355148523435721,-565.7263485301188,-705.8406413746143
1.75,0.6,2.0,90.0,40.0,50.0,94,6,28.090623767543235,-37.431393827460596,60.69111123979371,90.59081494370896,-202.55719492062752,3,5,-60.61603879704222,-0.644851476564279,-565.7263485301188,-705.8406413746143
1.75,0.6,2.0,90.0,40.0,50.0,94,8,-11.909376232456765,-75.4313938274606,8.691111239793713,70.59081494370896,-240.55719492062752,2,5,-248.61603879704222,-2.6448514765642788,-565.7263485301188,-705.8406413746143
1.75,0.6,2.0,90.0,40.0,50.0,94,10,-51.909376232456765,-113.4313938274606,-43.30888876020629,50.59081494370896,-278.5571949206275,1,5,-436.6160387970422,-4.644851476564279,-565.7263485301188,-705.8406413746143
1.75,0.6,2.0,90.0,40.0,50.0,94,12,-91.90937623245676,-151.4313938274606,-95.30888876020629,30.590814943708963,-316.5571949206275,1,5,-624.6160387970422,-6.644851476564279,-565.7263485301188,-705.8406413746143
1.75,0.6,2.0,90.0,60.0,15.0,95,0,-99.2618705051978,-55.587259793682506,-222.5856135479434,245.93861686421502,-1.3742344037428893,1,5,-132.87036138635153,-1.3986353830142266,-1259.91137578158,-1190.9760989300405
1.75,0.6,2.0,90.0,60.0,15.0,95,2,-137.2618705051978,-95.5872597936825,-274.5856135479434,225.93861686421502,-41.37423440374289,1,5,-322.87036138635153,-3.3986353830142266,-1259.91137578158,-1190.9760989300405
1.75,0.6,2.0,90.0,60.0,15.0,95,4,-175.2618705051978,-135.5872597936825,-326.5856135479434,205.93861686421502,-81.37423440374289,1,5,-512.8703613863515,-5.398635383014227,-1259.91137578158,-1190.9760989300405
1.75,0.6,2.0,90.0,60.0,15.0,95,6,-213.2618705051978,-175.5872597936825,-378.5856135479434,185.93861686421502,-121.37423440374289,1,5,-702.8703613863515,-7.398635383014227,-1259.91137578158,-1190.9760989300405
1.75,0.6,2.0,90.0,60.0,15.0,95,8,-251.2618705051978,-215.5872597936825,-430.5856135479434,165.93861686421502,-161.3742344037429,1,5,-892.8703613863515,-9.398635383014227,-1259.91137578158,-1190.9760989300405
1.75,0.6,2.0,90.0,60.0,15.0,95,10,-289.2618705051978,-255.5872597936825,-482.5856135479434,145.93861686421502,-201.3742344037429,1,5,-1082.8703613863515,-11.398635383014227,-1259.91137578158,-1190.9760989300405
1.75,0.6,2.0,90.0,60.0,15.0,95,12,-327.2618705051978,-295.5872597936825,-534.5856135479435,125.93861686421502,-241.3742344037429,1,5,-1272.8703613863515,-13.398635383014227,-1259.91137578158,-1190.9760989300405
1.75,0.6,2.0,90.0,60.0,25.0,93,0,151.76071752453998,-110.13363110876367,-219.41841338088346,253.7533224788822,185.56514613071755,3,5,261.52714164449276,2.8121198026289544,-846.2945720938108,-763.5925284296978
1.75,0.6,2.0,90.0,60.0,25.0,93,2,113.76071752453998,-150.13363110876367,-269.41841338088346,233.7533224788822,147.56514613071755,3,5,75.52714164449276,0.8121198026289543,-846.2945720938108,-763.5925284296978
1.75,0.6,2.0,90.0,60.0,25.0,93,4,75.76071752453998,-190.13363110876367,-319.41841338088346,213.7533224788822,109.56514613071757,3,5,-110.47285835550724,-1.1878801973710456,-846.2945720938108,-763.5925284296978
1.75,0.6,2.0,90.0,60.0,25.0,93,6,37.76071752453998,-230.13363110876367,-369.41841338088346,193.7533224788822,71.56514613071757,3,5,-296.47285835550724,-3.1878801973710456,-846.2945720938108,-763.5925284296978
1.75,0.6,2.0,90.0,60.0,25.0,93,8,-0.23928247546002268,-270.13363110876367,-419.41841338088346,173.7533224788822,33.565146130717565,2,5,-482.47285835550724,-5.1878801973710456,-846.2945720938108,-763.5925284296978
1.75,0.6,2.0,90.0,60.0,25.0,93,10,-38.23928247546002,-310.13363110876367,-469.41841338088346,153.7533224788822,-4.434853869282438,1,5,-668.4728583555072,-7.1878801973710456,-846.2945720938108,-763.5925284296978
1.75,0.6,2.0,90.0,60.0,25.0,93,12,-76.23928247546002,-350.13363110876367,-519.4184133808835,133.7533224788822,-42.434853869282435,1,5,-854.4728583555072,-9.187880197371046,-846.2945720938108,-763.5925284296978
1.75,0.6,2.0,90.0,60.0,35.0,92,0,217.2868834948379,-75.27224765566825,-111.6172091612105,210.7016269014017,103.68350235504064,3,5,344.78255593440144,3.7476364775478417,-755.4150923640157,-777.678992631222
1.75,0.6,2.0,90.0,60.0,35.0,92,2,179.2868834948379,-113.27224765566825,-161.6172091612105,190.7016269014017,65.68350235504064,3,5,160.78255593440144,1.7476364775478417,-755.4150923640157,-777.678992631222
1.75,0.6,2.0,90.0,60.0,35.0,92,4,141.2868834948379,-151.27224765566825,-211.6172091612105,170.7016269014017,27.683502355040645,3,5,-23.217444065598556,-0.2523635224521582,-755.4150923640157,-777.678992631222
1.75,0.6,2.0,90.0,60.0,35.0,92,6,103.2868834948379,-189.27224765566825,-261.6172091612105,150.7016269014017,-10.316497644959355,2,5,-207.21744406559856,-2.2523635224521583,-755.4150923640157,-777.678992631222
1.75,0.6,2.0,90.0,60.0,35.0,92,8,65.2868834948379,-227.27224765566825,-311.6172091612105,130.7016269014017,-48.316497644959355,2,5,-391.21744406559856,-4.252363522452158,-755.4150923640157,-777.678992631222
1.75,0.6,2.0,90.0,60.0,35.0,92,10,27.286883494837888,-265.27224765566825,-361.6172091612105,110.70162690140172,-86.31649764495936,2,5,-575.2174440655986,-6.252363522452158,-755.4150923640157,-777.678992631222
1.75,0.6,2.0,90.0,60.0,35.0,92,12,-10.713116505162112,-303.27224765566825,-411.6172091612105,90.70162690140172,-124.31649764495936,1,5,-759.2174440655986,-8.252363522452159,-755.4150923640157,-777.678992631222
1.75,0.6,2.0,90.0,60.0,50.0,92,0,261.6589925204888,57.394151268677376,161.54594589436817,216.57303346238666,62.04549994351706,5,5,759.2176230894381,8.252365468363458,-340.98002520897904,-429.460364366192
1.75,0.6,2.0,90.0,60.0,50.0,92,2,223.65899252048882,19.394151268677376,111.54594589436819,196.57303346238666,24.045499943517058,5,5,575.2176230894381,6.2523654683634575,-340.98002520897904,-429.460364366192
1.75,0.6,2.0,90.0,60.0,50.0,92,4,185.65899252048882,-18.605848731322624,61.54594589436819,176.57303346238666,-13.954500056482942,3,5,391.2176230894381,4.2523654683634575,-340.98002520897904,-429.460364366192
1.75,0.6,2.0,90.0,60.0,50.0,92,6,147.65899252048882,-56.605848731322624,11.545945894368188,156.57303346238666,-51.95450005648294,3,5,207.2176230894381,2.2523654683634575,-340.98002520897904,-429.460364366192
1.75,0.6,2.0,90.0,60.0,50.0,92,8,109.65899252048882,-94.60584873132262,-38.45405410563181,136.57303346238666,-89.95450005648294,2,5,23.217623089438092,0.2523654683634575,-340.98002520897904,-429.460364366192
1.75,0.6,2.0,90.0,60.0,50.0,92,10,71.65899252048882,-132.60584873132262,-88.45405410563181,116.57303346238668,-127.95450005648294,2,5,-160.7823769105619,-1.7476345316365425,-340.98002520897904,-429.460364366192
1.75,0.6,2.0,90.0,60.0,50.0,92,12,33.65899252048882,-170.60584873132262,-138.45405410563183,96.57303346238668,-165.95450005648294,2,5,-344.7823769105619,-3.747634531636542,-340.98002520897904,-429.460364366192
1.75,0.6,2.0,120.0,20.0,15.0,97,0,31.79608809198936,19.380251091048166,-29.121936181890533,136.2853297820035,-0.0301075400633124,3,5,158.3096252430871,1.6320579921967744,-851.8269014391263,-910.6360155735844
1.75,0.6,2.0,120.0,20.0,15.0,97,2,-8.203911908010639,-20.619748908951834,-83.12193618189053,116.2853297820035,-40.03010754006331,1,5,-35.69037475691289,-0.36794200780322567,-851.8269014391263,-910.6360155735844
1.75,0.6,2.0,120.0,20.0,15.0,97,4,-48.20391190801064,-60.619748908951834,-137.12193618189053,96.2853297820035,-80.03010754006331,1,5,-229.6903747569129,-2.367942007803226,-851.8269014391263,-910.6360155735844
1.75,0.6,2.0,120.0,20.0,15.0,97,6,-88.20391190801064,-100.61974890895183,-191.12193618189053,76.2853297820035,-120.03010754006331,1,5,-423.6903747569129,-4.367942007803226,-851.8269014391263,-910.6360155735844
1.75,0.6,2.0,120.0,20.0,15.0,97,8,-128.20391190801064,-140.61974890895183,-245.12193618189053,56.2853297820035,-160.0301075400633,1,5,-617.6903747569129,-6.367942007803226,-851.8269014391263,-910.6360155735844
1.75,0.6,2.0,120.0,20.0,15.0,97,10,-168.20391190801064,-180.61974890895183,-299.12193618189053,36.2853297820035,-200.0301075400633,1,5,-811.6903747569129,-8.367942007803226,-851.8269014391263,-910.6360155735844
1.75,0.6,2.0,120.0,20.0,15.0,97,12,-208.20391190801064,-220.61974890895183,-353.12193618189053,16.2853297820035,-240.0301075400633,1,5,-1005.6903747569129,-10.367942007803226,-851.8269014391263,-910.6360155735844
1.75,0.6,2.0,120.0,20.0,25.0,95,0,163.5144653561429,1.8842034317266894,-7.276144223244671,159.70066734244932,-77.67087587605698,3,5,240.15231603101756,2.5279191161159744,-756.1073253052117,-789.9165646258887
1.75,0.6,2.0,120.0,20.0,25.0,95,2,123.51446535614289,-38.11579656827331,-59.27614422324467,139.70066734244932,-115.67087587605698,2,5,50.15231603101756,0.5279191161159743,-756.1073253052117,-789.9165646258887
1.75,0.6,2.0,120.0,20.0,25.0,95,4,83.51446535614289,-78.11579656827331,-111.27614422324467,119.70066734244932,-153.67087587605698,2,5,-139.84768396898244,-1.4720808838840256,-756.1073253052117,-789.9165646258887
1.75,0.6,2.0,120.0,20.0,25.0,95,6,43.5144653561429,-118.11579656827331,-163.27614422324467,99.70066734244932,-191.67087587605698,2,5,-329.84768396898244,-3.4720808838840256,-756.1073253052117,-789.9165646258887
1.75,0.6,2.0,120.0,20.0,25.0,95,8,3.5144653561428996,-158.1157965682733,-215.27614422324467,79.70066734244932,-229.67087587605698,2,5,-519.8476839689824,-5.472080883884026,-756.1073253052117,-789.9165646258887
1.75,0.6,2.0,120.0,20.0,25.0,95,10,-36.4855346438571,-198.1157965682733,-267.27614422324467,59.70066734244932,-267.670875876057,1,5,-709.8476839689824,-7.472080883884026,-756.1073253052117,-789.9165646258887
1.75,0.6,2.0,120.0,20.0,25.0,95,12,-76.48553464385711,-238.1157965682733,-319.27614422324467,39.70066734244932,-305.670875876057,1,5,-899.8476839689824,-9.472080883884026,-756.1073253052117,-789.9165646258887
1.75,0.6,2.0,120.0,20.0,35.0,95,0,161.09109106368186,89.32440041194228,21.44011473683753,116.64897176496882,-137.46919513302652,4,5,251.0353828444039,2.64247771415162,-745.2242584918254,-749.8560048746443
1.75,0.6,2.0,120.0,20.0,35.0,95,2,121.09109106368186,49.32440041194228,-30.55988526316247,96.64897176496882,-175.46919513302652,3,5,61.0353828444039,0.64247771415162,-745.2242584918254,-749.8560048746443
1.75,0.6,2.0,120.0,20.0,35.0,95,4,81.09109106368186,9.324400411942278,-82.55988526316247,76.64897176496882,-213.46919513302652,3,5,-128.9646171555961,-1.35752228584838,-745.2242584918254,-749.8560048746443
1.75,0.6,2.0,120.0,20.0,35.0,95,6,41.09109106368186,-30.67559958805772,-134.55988526316247,56.64897176496881,-251.46919513302652,2,5,-318.9646171555961,-3.35752228584838,-745.2242584918254,-749.8560048746443
1.75,0.6,2.0,120.0,20.0,35.0,95,8,1.0910910636818585,-70.67559958805772,-186.55988526316247,36.64897176496881,-289.4691951330265,2,5,-508.9646171555961,-5.35752228584838,-745.2242584918254,-749.8560048746443
1.75,0.6,2.0,120.0,20.0,35.0,95,10,-38.90890893631814,-110.67559958805772,-238.55988526316247,16.648971764968813,-327.4691951330265,1,5,-698.9646171555961,-7.35752228584838,-745.2242584918254,-749.8560048746443
1.75,0.6,2.0,120.0,20.0,35.0,95,12,-78.90890893631814,-150.6755995880577,-290.55988526316247,-3.351028235031187,-365.4691951330265,0,5,-888.9646171555961,-9.35752228584838,-745.2242584918254,-749.8560048746443
1.75,0.6,2.0,120.0,20.0,50.0,95,0,168.3086216122655,114.59060551186525,102.56985673042149,114.59243646872258,-268.7624582241568,4,5,231.29906209911826,2.434726969464403,-764.960579237111,-773.5262092193022
1.75,0.6,2.0,120.0,20.0,50.0,95,2,128.3086216122655,74.59060551186525,50.56985673042149,94.59243646872258,-306.7624582241568,4,5,41.29906209911826,0.43472696946440276,-764.960579237111,-773.5262092193022
1.75,0.6,2.0,120.0,20.0,50.0,95,4,88.30862161226551,34.59060551186525,-1.4301432695785081,74.59243646872258,-344.7624582241568,3,5,-148.70093790088174,-1.5652730305355973,-764.960579237111,-773.5262092193022
1.75,0.6,2.0,120.0,20.0,50.0,95,6,48.30862161226551,-5.409394488134751,-53.43014326957851,54.59243646872259,-382.7624582241568,2,5,-338.70093790088174,-3.565273030535597,-764.960579237111,-773.5262092193022
1.75,0.6,2.0,120.0,20.0,50.0,95,8,8.308621612265512,-45.40939448813475,-105.43014326957851,34.59243646872259,-420.7624582241568,2,5,-528.7009379008817,-5.5652730305355975,-764.960579237111,-773.5262092193022
1.75,0.6,2.0,120.0,20.0,50.0,95,10,-31.69137838773449,-85.40939448813475,-157.4301432695785,14.592436468722587,-458.7624582241568,1,5,-718.7009379008817,-7.5652730305355975,-764.960579237111,-773.5262092193022
1.75,0.6,2.0,120.0,20.0,50.0,95,12,-71.69137838773449,-125.40939448813475,-209.4301432695785,-5.407563531277413,-496.7624582241568,0,5,-908.7009379008817,-9.565273030535597,-764.960579237111,-773.5262092193022
1.75,0.6,2.0,120.0,30.0,15.0,97,0,39.608956453587325,8.669573480804644,-22.866772990779737,90.98190518869526,-53.533319122249196,3,5,62.860343010058386,0.648044773299571,-970.7065538266864,-974.7077087645916
1.75,0.6,2.0,120.0,30.0,15.0,97,2,-0.3910435464126749,-31.330426519195356,-76.86677299077974,70.98190518869526,-93.5333191222492,1,5,-131.1396569899416,-1.3519552267004291,-970.7065538266864,-974.7077087645916
1.75,0.6,2.0,120.0,30.0,15.0,97,4,-40.391043546412675,-71.33042651919536,-130.86677299077974,50.98190518869526,-133.5333191222492,1,5,-325.1396569899416,-3.351955226700429,-970.7065538266864,-974.7077087645916
1.75,0.6,2.0,120.0,30.0,15.0,97,6,-80.39104354641267,-111.33042651919536,-184.86677299077974,30.981905188695258,-173.5333191222492,1,5,-519.1396569899416,-5.351955226700429,-970.7065538266864,-974.7077087645916
1.75,0.6,2.0,120.0,30.0,15.0,97,8,-120.39104354641267,-151.33042651919536,-238.86677299077974,10.98190518869526,-213.5333191222492,1,5,-713.1396569899416,-7.351955226700429,-970.7065538266864,-974.7077087645916
1.75,0.6,2.0,120.0,30.0,15.0,97,10,-160.39104354641267,-191.33042651919536,-292.86677299077974,-9.01809481130474,-253.5333191222492,0,5,-907.1396569899416,-9.35195522670043,-970.7065538266864,-974.7077087645916
1.75,0.6,2.0,120.0,30.0,15.0,97,12,-200.39104354641267,-231.33042651919536,-346.86677299077974,-29.018094811304742,-293.53331912224917,0,5,-1101.1396569899416,-11.35195522670043,-970.7065538266864,-974.7077087645916
1.75,0.6,2.0,120.0,30.0,25.0,95,0,194.93422136072954,-40.792103940724246,-61.79446478753249,154.1287445376019,-43.530038120920324,2,5,202.94635904915424,2.1362774636753077,-832.7602185081819,-783.7805012385487
1.75,0.6,2.0,120.0,30.0,25.0,95,2,154.93422136072954,-80.79210394072425,-113.79446478753249,134.1287445376019,-81.53003812092032,2,5,12.946359049154239,0.13627746367530777,-832.7602185081819,-783.7805012385487
1.75,0.6,2.0,120.0,30.0,25.0,95,4,114.93422136072954,-120.79210394072425,-165.7944647875325,114.12874453760189,-119.53003812092032,2,5,-177.05364095084576,-1.8637225363246923,-832.7602185081819,-783.7805012385487
1.75,0.6,2.0,120.0,30.0,25.0,95,6,74.93422136072954,-160.79210394072425,-217.7944647875325,94.12874453760189,-157.53003812092032,2,5,-367.05364095084576,-3.8637225363246923,-832.7602185081819,-783.7805012385487
1.75,0.6,2.0,120.0,30.0,25.0,95,8,34.93422136072953,-200.79210394072425,-269.7944647875325,74.12874453760189,-195.53003812092032,2,5,-557.0536409508458,-5.863722536324692,-832.7602185081819,-783.7805012385487
1.75,0.6,2.0,120.0,30.0,25.0,95,10,-5.065778639270469,-240.79210394072425,-321.7944647875325,54.12874453760189,-233.53003812092032,1,5,-747.0536409508458,-7.863722536324692,-832.7602185081819,-783.7805012385487
1.75,0.6,2.0,120.0,30.0,25.0,95,12,-45.06577863927047,-280.79210394072425,-373.7944647875325,34.12874453760189,-271.5300381209203,1,5,-937.0536409508458,-9.863722536324692,-832.7602185081819,-783.7805012385487
1.75,0.6,2.0,120.0,30.0,35.0,95,0,169.61815407317556,40.46171781466211,27.790156921920357,111.07704896012137,-116.74753415921515,4,5,232.19954361066425,2.4442057222175184,-803.507033946672,-807.3431164683008
1.75,0.6,2.0,120.0,30.0,35.0,95,2,129.61815407317556,0.4617178146621086,-24.209843078079643,91.07704896012137,-154.74753415921515,3,5,42.19954361066425,0.4442057222175184,-803.507033946672,-807.3431164683008
1.75,0.6,2.0,120.0,30.0,35.0,95,4,89.61815407317556,-39.53828218533789,-76.20984307807964,71.07704896012137,-192.74753415921515,2,5,-147.80045638933575,-1.5557942777824816,-803.507033946672,-807.3431164683008
1.75,0.6,2.0,120.0,30.0,35.0,95,6,49.61815407317556,-79.53828218533789,-128.20984307807964,51.07704896012137,-230.74753415921515,2,5,-337.80045638933575,-3.5557942777824816,-803.507033946672,-807.3431164683008
1.75,0.6,2.0,120.0,30.0,35.0,95,8,9.61815407317556,-119.53828218533789,-180.20984307807964,31.077048960121367,-268.74753415921515,2,5,-527.8004563893357,-5.555794277782481,-803.507033946672,-807.3431164683008
1.75,0.6,2.0,120.0,30.0,35.0,95,10,-30.38184592682444,-159.5382821853379,-232.20984307807964,11.077048960121369,-306.74753415921515,1,5,-717.8004563893357,-7.555794277782481,-803.507033946672,-807.3431164683008
1.75,0.6,2.0,120.0,30.0,35.0,95,12,-70.38184592682444,-199.5382821853379,-284.20984307807964,-8.922951039878631,-344.74753415921515,0,5,-907.8004563893357,-9.555794277782482,-803.507033946672,-807.3431164683008
1.75,0.6,2.0,120.0,30.0,50.0,95,0,169.63911168055654,78.63482361979617,108.52252939215995,153.88185001012113,-169.15435134568014,4,5,341.5239633569536,3.5949890879679325,-694.1826142003827,-773.7820721599879
1.75,0.6,2.0,120.0,30.0,50.0,95,2,129.63911168055654,38.634823619796165,56.52252939215995,133.88185001012113,-207.15435134568014,4,5,151.52396335695357,1.5949890879679323,-694.1826142003827,-773.7820721599879
1.75,0.6,2.0,120.0,30.0,50.0,95,4,89.63911168055654,-1.3651763802038346,4.522529392159953,113.88185001012113,-245.15435134568014,3,5,-38.47603664304643,-0.4050109120320677,-694.1826142003827,-773.7820721599879
1.75,0.6,2.0,120.0,30.0,50.0,95,6,49.63911168055654,-41.365176380203835,-47.47747060784005,93.88185001012113,-283.15435134568014,2,5,-228.47603664304643,-2.4050109120320675,-694.1826142003827,-773.7820721599879
1.75,0.6,2.0,120.0,30.0,50.0,95,8,9.639111680556539,-81.36517638020383,-99.47747060784005,73.88185001012113,-321.15435134568014,2,5,-418.4760366430464,-4.4050109120320675,-694.1826142003827,-773.7820721599879
1.75,0.6,2.0,120.0,30.0,50.0,95,10,-30.36088831944346,-121.36517638020383,-151.47747060784005,53.88185001012112,-359.15435134568014,1,5,-608.4760366430464,-6.4050109120320675,-694.1826142003827,-773.7820721599879
1.75,0.6,2.0,120.0,30.0,50.0,95,12,-70.36088831944346,-161.36517638020382,-203.47747060784005,33.88185001012112,-397.15435134568014,1,5,-798.4760366430464,-8.405010912032068,-694.1826142003827,-773.7820721599879
1.75,0.6,2.0,120.0,40.0,15.0,97,0,-2.6607863734405726,-19.189041466718407,-100.3878331235382,151.5505183208624,-31.282960476228,1,5,-1.9701031190628555,-0.020310341433637687,-1067.8421985869056,-1031.6891939513466
1.75,0.6,2.0,120.0,40.0,15.0,97,2,-42.66078637344057,-59.18904146671841,-154.3878331235382,131.5505183208624,-71.282960476228,1,5,-195.97010311906286,-2.0203103414336376,-1067.8421985869056,-1031.6891939513466
1.75,0.6,2.0,120.0,40.0,15.0,97,4,-82.66078637344057,-99.18904146671841,-208.3878331235382,111.55051832086241,-111.282960476228,1,5,-389.97010311906286,-4.020310341433638,-1067.8421985869056,-1031.6891939513466
1.75,0.6,2.0,120.0,40.0,15.0,97,6,-122.66078637344057,-139.1890414667184,-262.3878331235382,91.55051832086241,-151.282960476228,1,5,-583.9701031190629,-6.020310341433638,-1067.8421985869056,-1031.6891939513466
1.75,0.6,2.0,120.0,40.0,15.0,97,8,-162.66078637344057,-179.1890414667184,-316.3878331235382,71.55051832086241,-191.282960476228,1,5,-777.9701031190629,-8.020310341433637,-1067.8421985869056,-1031.6891939513466
1.75,0.6,2.0,120.0,40.0,15.0,97,10,-202.66078637344057,-219.1890414667184,-370.3878331235382,51.5505183208624,-231.282960476228,1,5,-971.9701031190629,-10.020310341433637,-1067.8421985869056,-1031.6891939513466
1.75,0.6,2.0,120.0,40.0,15.0,97,12,-242.66078637344057,-259.18904146671844,-424.3878331235382,31.550518320862402,-271.282960476228,1,5,-1165.970103119063,-12.020310341433639,-1067.8421985869056,-1031.6891939513466
1.75,0.6,2.0,120.0,40.0,25.0,95,0,123.25533790910244,-68.65071888824718,-147.7897219732269,200.76877070667587,74.56764267918165,3,5,182.15131043348595,1.9173822150893258,-896.9589992995906,-822.358178454447
1.75,0.6,2.0,120.0,40.0,25.0,95,2,83.25533790910244,-108.65071888824718,-199.7897219732269,180.76877070667587,36.567642679181645,3,5,-7.848689566514054,-0.08261778491067424,-896.9589992995906,-822.358178454447
1.75,0.6,2.0,120.0,40.0,25.0,95,4,43.25533790910244,-148.65071888824718,-251.7897219732269,160.76877070667587,-1.4323573208183547,2,5,-197.84868956651405,-2.082617784910674,-896.9589992995906,-822.358178454447
1.75,0.6,2.0,120.0,40.0,25.0,95,6,3.255337909102437,-188.65071888824718,-303.7897219732269,140.76877070667587,-39.432357320818355,2,5,-387.84868956651405,-4.082617784910674,-896.9589992995906,-822.358178454447
1.75,0.6,2.0,120.0,40.0,25.0,95,8,-36.74466209089756,-228.65071888824718,-355.7897219732269,120.76877070667588,-77.43235732081835,1,5,-577.848689566514,-6.082617784910674,-896.9589992995906,-822.358178454447
1.75,0.6,2.0,120.0,40.0,25.0,95,10,-76.74466209089756,-268.6507188882472,-407.7897219732269,100.76877070667588,-115.43235732081835,1,5,-767.848689566514,-8.082617784910674,-896.9589992995906,-822.358178454447
1.75,0.6,2.0,120.0,40.0,25.0,95,12,-116.74466209089756,-308.6507188882472,-459.7897219732269,80.76877070667588,-153.43235732081837,1,5,-957.848689566514,-10.082617784910674,-896.9589992995906,-822.358178454447
1.75,0.6,2.0,120.0,40.0,35.0,94,0,72.83162341540368,-9.269660787419866,-61.97907930355984,157.71707512919536,1.350146640886834,3,5,160.6501050945061,1.70904367121815,-908.4602046385704,-928.7344157254656
1.75,0.6,2.0,120.0,40.0,35.0,94,2,32.83162341540368,-47.269660787419866,-113.97907930355984,137.71707512919536,-36.649853359113166,2,5,-27.349894905493898,-0.29095632878184996,-908.4602046385704,-928.7344157254656
1.75,0.6,2.0,120.0,40.0,35.0,94,4,-7.1683765845963165,-85.26966078741987,-165.97907930355984,117.71707512919536,-74.64985335911317,1,5,-215.3498949054939,-2.29095632878185,-908.4602046385704,-928.7344157254656
1.75,0.6,2.0,120.0,40.0,35.0,94,6,-47.16837658459632,-123.26966078741987,-217.97907930355984,97.71707512919536,-112.64985335911317,1,5,-403.3498949054939,-4.29095632878185,-908.4602046385704,-928.7344157254656
1.75,0.6,2.0,120.0,40.0,35.0,94,8,-87.16837658459632,-161.26966078741987,-269.97907930355984,77.71707512919536,-150.64985335911317,1,5,-591.3498949054939,-6.29095632878185,-908.4602046385704,-928.7344157254656
1.75,0.6,2.0,120.0,40.0,35.0,94,10,-127.16837658459632,-199.26966078741987,-321.97907930355984,57.71707512919537,-188.64985335911317,1,5,-779.3498949054939,-8.29095632878185,-908.4602046385704,-928.7344157254656
1.75,0.6,2.0,120.0,40.0,35.0,94,12,-167.16837658459633,-237.26966078741987,-373.97907930355984,37.71707512919537,-226.64985335911317,1,5,-967.3498949054939,-10.29095632878185,-908.4602046385704,-928.7344157254656
1.75,0.6,2.0,120.0,40.0,50.0,94,0,148.09062376754324,43.03806814671813,199.857045976883,200.52187617919515,-35.74125920377051,4,5,555.7663548665689,5.912408030495414,-513.3439548665076,-653.4582477110032
1.75,0.6,2.0,120.0,40.0,50.0,94,2,108.09062376754324,5.038068146718132,147.857045976883,180.52187617919515,-73.74125920377051,4,5,367.766354866569,3.9124080304954147,-513.3439548665076,-653.4582477110032
1.75,0.6,2.0,120.0,40.0,50.0,94,4,68.09062376754324,-32.96193185328187,95.85704597688301,160.52187617919515,-111.74125920377051,3,5,179.76635486656897,1.9124080304954145,-513.3439548665076,-653.4582477110032
1.75,0.6,2.0,120.0,40.0,50.0,94,6,28.090623767543235,-70.96193185328187,43.857045976883015,140.52187617919515,-149.7412592037705,3,5,-8.233645133431025,-0.08759196950458538,-513.3439548665076,-653.4582477110032
1.75,0.6,2.0,120.0,40.0,50.0,94,8,-11.909376232456765,-108.96193185328187,-8.142954023116985,120.52187617919516,-187.7412592037705,1,5,-196.23364513343103,-2.0875919695045853,-513.3439548665076,-653.4582477110032
1.75,0.6,2.0,120.0,40.0,50.0,94,10,-51.909376232456765,-146.96193185328187,-60.142954023116985,100.52187617919516,-225.7412592037705,1,5,-384.233645133431,-4.087591969504586,-513.3439548665076,-653.4582477110032
1.75,0.6,2.0,120.0,40.0,50.0,94,12,-91.90937623245676,-184.96193185328187,-112.14295402311699,80.52187617919516,-263.7412592037705,1,5,-572.2336451334311,-6.087591969504586,-513.3439548665076,-653.4582477110032
1.75,0.6,2.0,120.0,60.0,15.0,95,0,-99.00390524606564,-54.53721949944995,-220.5877574497162,245.93861686421502,-5.6631235262163955,1,5,-133.85338885723309,-1.4089830406024535,-1261.1523685115935,-1191.9591264009218
1.75,0.6,2.0,120.0,60.0,15.0,95,2,-137.00390524606564,-94.53721949944995,-272.5877574497162,225.93861686421502,-45.663123526216395,1,5,-323.8533888572331,-3.4089830406024535,-1261.1523685115935,-1191.9591264009218
1.75,0.6,2.0,120.0,60.0,15.0,95,4,-175.00390524606564,-134.53721949944995,-324.5877574497162,205.93861686421502,-85.6631235262164,1,5,-513.8533888572331,-5.408983040602454,-1261.1523685115935,-1191.9591264009218
1.75,0.6,2.0,120.0,60.0,15.0,95,6,-213.00390524606564,-174.53721949944995,-376.5877574497162,185.93861686421502,-125.6631235262164,1,5,-703.8533888572331,-7.408983040602454,-1261.1523685115935,-1191.9591264009218
1.75,0.6,2.0,120.0,60.0,15.0,95,8,-251.00390524606564,-214.53721949944995,-428.5877574497162,165.93861686421502,-165.6631235262164,1,5,-893.8533888572331,-9.408983040602454,-1261.1523685115935,-1191.9591264009218
1.75,0.6,2.0,120.0,60.0,15.0,95,10,-289.00390524606564,-254.53721949944995,-480.5877574497162,145.93861686421502,-205.6631235262164,1,5,-1083.853388857233,-11.408983040602454,-1261.1523685115935,-1191.9591264009218
1.75,0.6,2.0,120.0,60.0,15.0,95,12,-327.00390524606564,-294.53721949945,-532.5877574497163,125.93861686421502,-245.6631235262164,1,5,-1273.853388857233,-13.408983040602454,-1261.1523685115935,-1191.9591264009218
1.75,0.6,2.0,120.0,60.0,25.0,93,0,168.0000346095104,-108.15439722114849,-217.42055728265626,268.03879680551506,174.03223671750334,3,5,284.49611362872406,3.0590979960077855,-822.8028660256366,-740.6235564454665
1.75,0.6,2.0,120.0,60.0,25.0,93,2,130.0000346095104,-148.15439722114849,-267.42055728265626,248.03879680551506,136.03223671750334,3,5,98.49611362872406,1.0590979960077855,-822.8028660256366,-740.6235564454665
1.75,0.6,2.0,120.0,60.0,25.0,93,4,92.00003460951041,-188.15439722114849,-317.42055728265626,228.03879680551506,98.03223671750332,3,5,-87.50388637127594,-0.9409020039922144,-822.8028660256366,-740.6235564454665
1.75,0.6,2.0,120.0,60.0,25.0,93,6,54.0000346095104,-228.15439722114849,-367.42055728265626,208.03879680551506,60.032236717503324,3,5,-273.50388637127594,-2.9409020039922145,-822.8028660256366,-740.6235564454665
1.75,0.6,2.0,120.0,60.0,25.0,93,8,16.0000346095104,-268.1543972211485,-417.42055728265626,188.03879680551506,22.032236717503324,3,5,-459.50388637127594,-4.940902003992214,-822.8028660256366,-740.6235564454665
1.75,0.6,2.0,120.0,60.0,25.0,93,10,-21.9999653904896,-308.1543972211485,-467.42055728265626,168.03879680551506,-15.967763282496676,1,5,-645.5038863712759,-6.940902003992214,-822.8028660256366,-740.6235564454665
1.75,0.6,2.0,120.0,60.0,25.0,93,12,-59.9999653904896,-348.1543972211485,-517.4205572826563,148.03879680551506,-53.967763282496676,1,5,-831.5038863712759,-8.940902003992214,-822.8028660256366,-740.6235564454665
1.75,0.6,2.0,120.0,60.0,35.0,92,0,190.97573936385942,-67.18146395211238,-117.1454025603386,224.98710122803456,100.81474067920851,3,5,332.45071475865166,3.613594725637518,-764.848264895709,-798.6749815443538
1.75,0.6,2.0,120.0,60.0,35.0,92,2,152.97573936385942,-105.18146395211238,-167.1454025603386,204.98710122803456,62.81474067920851,3,5,148.45071475865166,1.613594725637518,-764.848264895709,-798.6749815443538
1.75,0.6,2.0,120.0,60.0,35.0,92,4,114.97573936385942,-143.18146395211238,-217.1454025603386,184.98710122803456,24.814740679208512,3,5,-35.54928524134834,-0.386405274362482,-764.848264895709,-798.6749815443538
1.75,0.6,2.0,120.0,60.0,35.0,92,6,76.97573936385942,-181.18146395211238,-267.1454025603386,164.98710122803456,-13.185259320791488,2,5,-219.54928524134834,-2.386405274362482,-764.848264895709,-798.6749815443538
1.75,0.6,2.0,120.0,60.0,35.0,92,8,38.97573936385942,-219.18146395211238,-317.1454025603386,144.98710122803456,-51.18525932079149,2,5,-403.54928524134834,-4.386405274362482,-764.848264895709,-798.6749815443538
1.75,0.6,2.0,120.0,60.0,35.0,92,10,0.975739363859418,-257.1814639521124,-367.1454025603386,124.98710122803456,-89.18525932079149,2,5,-587.5492852413483,-6.386405274362482,-764.848264895709,-798.6749815443538
1.75,0.6,2.0,120.0,60.0,35.0,92,12,-37.02426063614058,-295.1814639521124,-417.1454025603386,104.98710122803456,-127.18525932079149,1,5,-771.5492852413483,-8.386405274362483,-764.848264895709,-798.6749815443538
1.75,0.6,2.0,120.0,60.0,50.0,92,0,274.7364335917549,34.657766825436084,222.655054738219,267.79190227803434,69.6112426859818,5,5,869.4524001194261,9.450569566515501,-227.84657953493456,-359.99073173798445
1.75,0.6,2.0,120.0,60.0,50.0,92,2,236.73643359175492,-3.3422331745639156,172.655054738219,247.79190227803434,31.611242685981793,4,5,685.4524001194261,7.450569566515501,-227.84657953493456,-359.99073173798445
1.75,0.6,2.0,120.0,60.0,50.0,92,4,198.73643359175492,-41.342233174563916,122.65505473821902,227.79190227803434,-6.388757314018207,3,5,501.4524001194261,5.450569566515501,-227.84657953493456,-359.99073173798445
1.75,0.6,2.0,120.0,60.0,50.0,92,6,160.73643359175492,-79.34223317456392,72.65505473821902,207.79190227803434,-44.38875731401821,3,5,317.4524001194261,3.450569566515501,-227.84657953493456,-359.99073173798445
1.75,0.6,2.0,120.0,60.0,50.0,92,8,122.73643359175492,-117.34223317456392,22.65505473821902,187.79190227803434,-82.3887573140182,3,5,133.4524001194261,1.4505695665155012,-227.84657953493456,-359.99073173798445
1.75,0.6,2.0,120.0,60.0,50.0,92,10,84.73643359175492,-155.34223317456392,-27.34494526178098,167.79190227803434,-120.3887573140182,2,5,-50.5475998805739,-0.5494304334844989,-227.84657953493456,-359.99073173798445
1.75,0.6,2.0,120.0,60.0,50.0,92,12,46.73643359175492,-193.34223317456392,-77.34494526178098,147.79190227803434,-158.38875731401822,2,5,-234.5475998805739,-2.549430433484499,-227.84657953493456,-359.99073173798445
1.75,0.65,1.5,60.0,20.0,15.0,67,0,-36.362983968116396,-8.41020887826636,-45.8697390668097,61.9278425057179,68.92674969196023,2,5,40.211660284485674,0.6001740340968011,-662.4699224177161,-657.619673056809
1.75,0.65,1.5,60.0,20.0,15.0,67,2,-64.3629839681164,-30.41020887826636,-89.8697390668097,47.9278425057179,42.926749691960225,2,5,-93.78833971551433,-1.3998259659031989,-662.4699224177161,-657.619673056809
1.75,0.65,1.5,60.0,20.0,15.0,67,4,-92.3629839681164,-52.41020887826636,-133.8697390668097,33.9278425057179,16.926749691960225,2,5,-227.78833971551433,-3.399825965903199,-662.4699224177161,-657.619673056809
1.75,0.65,1.5,60.0,20.0,15.0,67,6,-120.3629839681164,-74.41020887826636,-177.8697390668097,19.927842505717898,-9.073250308039775,1,5,-361.7883397155143,-5.399825965903199,-662.4699224177161,-657.619673056809
1.75,0.65,1.5,60.0,20.0,15.0,67,8,-148.3629839681164,-96.41020887826636,-221.8697390668097,5.927842505717898,-35.073250308039775,1,5,-495.7883397155143,-7.399825965903199,-662.4699224177161,-657.619673056809
1.75,0.65,1.5,60.0,20.0,15.0,67,10,-176.3629839681164,-118.41020887826636,-265.8697390668097,-8.072157494282102,-61.073250308039775,0,5,-629.7883397155143,-9.399825965903199,-662.4699224177161,-657.619673056809
1.75,0.65,1.5,60.0,20.0,15.0,67,12,-204.3629839681164,-140.41020887826636,-309.8697390668097,-22.072157494282102,-87.07325030803977,0,5,-763.7883397155143,-11.399825965903199,-662.4699224177161,-657.619673056809
1.75,0.65,1.5,60.0,20.0,25.0,64,0,47.13553302035936,-3.036368796766041,-369.1588973408782,49.81123521338082,36.081475066388435,3,5,-239.16702283751556,-3.7369847318361806,-925.1823118685904,-906.9983561788102
1.75,0.65,1.5,60.0,20.0,25.0,64,2,19.13553302035936,-25.03636879676604,-409.1588973408782,35.81123521338082,12.081475066388435,3,5,-367.16702283751556,-5.736984731836181,-925.1823118685904,-906.9983561788102
1.75,0.65,1.5,60.0,20.0,25.0,64,4,-8.864466979640639,-47.03636879676604,-449.1588973408782,21.81123521338082,-11.918524933611565,1,5,-495.16702283751556,-7.736984731836181,-925.1823118685904,-906.9983561788102
1.75,0.65,1.5,60.0,20.0,25.0,64,6,-36.86446697964064,-69.03636879676604,-489.1588973408782,7.811235213380819,-35.918524933611565,1,5,-623.1670228375156,-9.73698473183618,-925.1823118685904,-906.9983561788102
1.75,0.65,1.5,60.0,20.0,25.0,64,8,-64.86446697964064,-91.03636879676604,-529.1588973408782,-6.188764786619181,-59.918524933611565,0,5,-751.1670228375156,-11.73698473183618,-925.1823118685904,-906.9983561788102
1.75,0.65,1.5,60.0,20.0,25.0,64,10,-92.86446697964064,-113.03636879676604,-569.1588973408782,-20.18876478661918,-83.91852493361156,0,5,-879.1670228375156,-13.73698473183618,-925.1823118685904,-906.9983561788102
1.75,0.65,1.5,60.0,20.0,25.0,64,12,-120.86446697964064,-135.03636879676606,-609.1588973408782,-34.18876478661918,-107.91852493361156,0,5,-1007.1670228375156,-15.73698473183618,-925.1823118685904,-906.9983561788102
1.75,0.65,1.5,60.0,20.0,35.0,64,0,54.18477535478965,33.49945149611989,-292.7143110847248,6.759539635900303,-4.658782849225162,3,5,-202.92932744714005,-3.1707707413615633,-901.5365018988554,-893.1224255922027
1.75,0.65,1.5,60.0,20.0,35.0,64,2,26.18477535478965,11.499451496119889,-332.7143110847248,-7.240460364099697,-28.65878284922516,2,5,-330.92932744714005,-5.170770741361563,-901.5365018988554,-893.1224255922027
1.75,0.65,1.5,60.0,20.0,35.0,64,4,-1.8152246452103498,-10.500548503880111,-372.7143110847248,-21.240460364099697,-52.65878284922516,0,5,-458.92932744714005,-7.170770741361563,-901.5365018988554,-893.1224255922027
1.75,0.65,1.5,60.0,20.0,35.0,64,6,-29.81522464521035,-32.50054850388011,-412.7143110847248,-35.2404603640997,-76.65878284922516,0,5,-586.92932744714,-9.170770741361563,-901.5365018988554,-893.1224255922027
1.75,0.65,1.5,60.0,20.0,35.0,64,8,-57.81522464521035,-54.50054850388011,-452.7143110847248,-49.2404603640997,-100.65878284922516,0,5,-714.92932744714,-11.170770741361563,-901.5365018988554,-893.1224255922027
1.75,0.65,1.5,60.0,20.0,35.0,64,10,-85.81522464521035,-76.50054850388011,-492.7143110847248,-63.2404603640997,-124.65878284922516,0,5,-842.92932744714,-13.170770741361563,-901.5365018988554,-893.1224255922027
1.75,0.65,1.5,60.0,20.0,35.0,64,12,-113.81522464521035,-98.50054850388011,-532.7143110847248,-77.2404603640997,-148.65878284922516,0,5,-970.92932744714,-15.170770741361563,-901.5365018988554,-893.1224255922027
1.75,0.65,1.5,60.0,20.0,50.0,64,0,-4.28046539201182,70.203010732737,-262.6041997036654,4.703004339654072,-20.103678948757278,2,5,-212.08232897204346,-3.313786390188179,-898.0976180031182,-902.275427117106
1.75,0.65,1.5,60.0,20.0,50.0,64,2,-32.28046539201182,48.20301073273699,-302.6041997036654,-9.296995660345928,-44.10367894875728,1,5,-340.08232897204346,-5.313786390188179,-898.0976180031182,-902.275427117106
1.75,0.65,1.5,60.0,20.0,50.0,64,4,-60.28046539201182,26.203010732736992,-342.6041997036654,-23.296995660345928,-68.10367894875728,1,5,-468.08232897204346,-7.313786390188179,-898.0976180031182,-902.275427117106
1.75,0.65,1.5,60.0,20.0,50.0,64,6,-88.28046539201182,4.203010732736992,-382.6041997036654,-37.29699566034593,-92.10367894875728,1,5,-596.0823289720435,-9.313786390188179,-898.0976180031182,-902.275427117106
1.75,0.65,1.5,60.0,20.0,50.0,64,8,-116.28046539201182,-17.796989267263008,-422.6041997036654,-51.29699566034593,-116.10367894875728,0,5,-724.0823289720435,-11.313786390188179,-898.0976180031182,-902.275427117106
1.75,0.65,1.5,60.0,20.0,50.0,64,10,-144.28046539201182,-39.79698926726301,-462.6041997036654,-65.29699566034593,-140.10367894875728,0,5,-852.0823289720435,-13.313786390188179,-898.0976180031182,-902.275427117106
1.75,0.65,1.5,60.0,20.0,50.0,64,12,-172.28046539201182,-61.79698926726301,-502.6041997036654,-79.29699566034593,-164.10367894875728,0,5,-980.0823289720435,-15.313786390188179,-898.0976180031182,-902.275427117106
1.75,0.65,1.5,60.0,30.0,15.0,67,0,-118.41982592067188,-16.853533129914723,-104.31053259913881,65.77028892807678,108.73652233479842,2,5,-65.0770803868503,-0.9712997072664223,-781.6667647813476,-762.049946901406
1.75,0.65,1.5,60.0,30.0,15.0,67,2,-146.41982592067188,-38.85353312991472,-148.3105325991388,51.77028892807679,82.73652233479842,2,5,-199.0770803868503,-2.9712997072664225,-781.6667647813476,-762.049946901406
1.75,0.65,1.5,60.0,30.0,15.0,67,4,-174.41982592067188,-60.85353312991472,-192.3105325991388,37.77028892807679,56.736522334798416,2,5,-333.0770803868503,-4.9712997072664225,-781.6667647813476,-762.049946901406
1.75,0.65,1.5,60.0,30.0,15.0,67,6,-202.41982592067188,-82.85353312991472,-236.3105325991388,23.770288928076788,30.736522334798416,2,5,-467.0770803868503,-6.9712997072664225,-781.6667647813476,-762.049946901406
1.75,0.65,1.5,60.0,30.0,15.0,67,8,-230.41982592067188,-104.85353312991472,-280.3105325991388,9.770288928076788,4.736522334798416,2,5,-601.0770803868503,-8.971299707266422,-781.6667647813476,-762.049946901406
1.75,0.65,1.5,60.0,30.0,15.0,67,10,-258.4198259206719,-126.85353312991472,-324.3105325991388,-4.229711071923212,-21.263477665201584,0,5,-735.0770803868503,-10.971299707266422,-781.6667647813476,-762.049946901406
1.75,0.65,1.5,60.0,30.0,15.0,67,12,-286.4198259206719,-148.85353312991472,-368.3105325991388,-18.229711071923212,-47.263477665201584,0,5,-869.0770803868503,-12.971299707266422,-781.6667647813476,-762.049946901406
1.75,0.65,1.5,60.0,30.0,25.0,64,0,-28.228367899936586,-43.44532281062183,-470.69820123278487,109.10059174400666,124.96881744798819,2,5,-308.3024827513482,-4.817226292989815,-994.8921671458456,-989.5720779847504
1.75,0.65,1.5,60.0,30.0,25.0,64,2,-56.228367899936586,-65.44532281062183,-510.69820123278487,95.10059174400666,100.96881744798819,2,5,-436.3024827513482,-6.817226292989815,-994.8921671458456,-989.5720779847504
1.75,0.65,1.5,60.0,30.0,25.0,64,4,-84.22836789993659,-87.44532281062183,-550.6982012327849,81.10059174400666,76.96881744798819,2,5,-564.3024827513482,-8.817226292989815,-994.8921671458456,-989.5720779847504
1.75,0.65,1.5,60.0,30.0,25.0,64,6,-112.22836789993659,-109.44532281062183,-590.6982012327849,67.10059174400666,52.968817447988194,2,5,-692.3024827513482,-10.817226292989815,-994.8921671458456,-989.5720779847504
1.75,0.65,1.5,60.0,30.0,25.0,64,8,-140.2283678999366,-131.44532281062183,-630.6982012327849,53.10059174400666,28.968817447988194,2,5,-820.3024827513482,-12.817226292989815,-994.8921671458456,-989.5720779847504
1.75,0.65,1.5,60.0,30.0,25.0,64,10,-168.2283678999366,-153.44532281062183,-670.6982012327849,39.10059174400666,4.968817447988194,2,5,-948.3024827513482,-14.817226292989815,-994.8921671458456,-989.5720779847504
1.75,0.65,1.5,60.0,30.0,25.0,64,12,-196.2283678999366,-175.44532281062183,-710.6982012327849,25.100591744006657,-19.031182552011806,1,5,-1076.3024827513482,-16.817226292989815,-994.8921671458456,-989.5720779847504
1.75,0.65,1.5,60.0,30.0,35.0,64,0,-130.2678751082255,4.179812400427167,-294.1880817091792,66.04889616652615,84.22855953237459,3,5,-269.9986887180768,-4.21872951121995,-992.1758887352398,-1009.2701077274468
1.75,0.65,1.5,60.0,30.0,35.0,64,2,-158.2678751082255,-17.820187599572833,-334.1880817091792,52.048896166526156,60.2285595323746,2,5,-397.9986887180768,-6.21872951121995,-992.1758887352398,-1009.2701077274468
1.75,0.65,1.5,60.0,30.0,35.0,64,4,-186.2678751082255,-39.82018759957283,-374.1880817091792,38.048896166526156,36.2285595323746,2,5,-525.9986887180768,-8.21872951121995,-992.1758887352398,-1009.2701077274468
1.75,0.65,1.5,60.0,30.0,35.0,64,6,-214.2678751082255,-61.82018759957283,-414.1880817091792,24.048896166526156,12.228559532374597,2,5,-653.9986887180768,-10.21872951121995,-992.1758887352398,-1009.2701077274468
1.75,0.65,1.5,60.0,30.0,35.0,64,8,-242.2678751082255,-83.82018759957283,-454.1880817091792,10.048896166526156,-11.771440467625403,1,5,-781.9986887180768,-12.21872951121995,-992.1758887352398,-1009.2701077274468
1.75,0.65,1.5,60.0,30.0,35.0,64,10,-270.2678751082255,-105.82018759957283,-494.1880817091792,-3.951103833473845,-35.7714404676254,0,5,-909.9986887180768,-14.21872951121995,-992.1758887352398,-1009.2701077274468
1.75,0.65,1.5,60.0,30.0,35.0,64,12,-298.2678751082255,-127.82018759957283,-534.1880817091792,-17.951103833473844,-59.7714404676254,0,5,-1037.9986887180767,-16.218729511219948,-992.1758887352398,-1009.2701077274468
1.75,0.65,1.5,60.0,30.0,50.0,64,0,-236.17236153107308,34.43062246303823,-264.0781355080812,63.99236087027993,68.78366343284245,3,5,-333.0438502729936,-5.203810160515525,-1055.2210502901569,-1072.3152692823635
1.75,0.65,1.5,60.0,30.0,50.0,64,2,-264.1723615310731,12.430622463038233,-304.0781355080812,49.99236087027993,44.78366343284245,3,5,-461.0438502729936,-7.203810160515525,-1055.2210502901569,-1072.3152692823635
1.75,0.65,1.5,60.0,30.0,50.0,64,4,-292.1723615310731,-9.569377536961767,-344.0781355080812,35.99236087027993,20.783663432842452,2,5,-589.0438502729936,-9.203810160515525,-1055.2210502901569,-1072.3152692823635
1.75,0.65,1.5,60.0,30.0,50.0,64,6,-320.1723615310731,-31.569377536961767,-384.0781355080812,21.99236087027993,-3.2163365671575477,1,5,-717.0438502729936,-11.203810160515525,-1055.2210502901569,-1072.3152692823635
1.75,0.65,1.5,60.0,30.0,50.0,64,8,-348.1723615310731,-53.56937753696177,-424.0781355080812,7.992360870279931,-27.216336567157548,1,5,-845.0438502729936,-13.203810160515525,-1055.2210502901569,-1072.3152692823635
1.75,0.65,1.5,60.0,30.0,50.0,64,10,-376.1723615310731,-75.56937753696177,-464.0781355080812,-6.007639129720069,-51.21633656715755,0,5,-973.0438502729936,-15.203810160515525,-1055.2210502901569,-1072.3152692823635
1.75,0.65,1.5,60.0,30.0,50.0,64,12,-404.1723615310731,-97.56937753696177,-504.0781355080812,-20.00763912972007,-75.21633656715755,0,5,-1101.0438502729935,-17.203810160515523,-1055.2210502901569,-1072.3152692823635
1.75,0.65,1.5,60.0,40.0,15.0,67,0,-137.32064320983972,-29.982208783739964,-251.53863938627376,102.67658428254217,47.94922530991553,2,5,-268.2156817873956,-4.003219131155158,-1014.351615188304,-996.3324839501342
1.75,0.65,1.5,60.0,40.0,15.0,67,2,-165.32064320983972,-51.982208783739964,-295.53863938627376,88.67658428254217,21.949225309915533,2,5,-402.2156817873956,-6.003219131155158,-1014.351615188304,-996.3324839501342
1.75,0.65,1.5,60.0,40.0,15.0,67,4,-193.32064320983972,-73.98220878373996,-339.53863938627376,74.67658428254217,-4.050774690084467,1,5,-536.2156817873956,-8.00321913115516,-1014.351615188304,-996.3324839501342
1.75,0.65,1.5,60.0,40.0,15.0,67,6,-221.32064320983972,-95.98220878373996,-383.53863938627376,60.676584282542166,-30.050774690084467,1,5,-670.2156817873956,-10.00321913115516,-1014.351615188304,-996.3324839501342
1.75,0.65,1.5,60.0,40.0,15.0,67,8,-249.32064320983972,-117.98220878373996,-427.53863938627376,46.676584282542166,-56.05077469008447,1,5,-804.2156817873956,-12.00321913115516,-1014.351615188304,-996.3324839501342
1.75,0.65,1.5,60.0,40.0,15.0,67,10,-277.3206432098397,-139.98220878373996,-471.53863938627376,32.676584282542166,-82.05077469008447,1,5,-938.2156817873956,-14.00321913115516,-1014.351615188304,-996.3324839501342
1.75,0.65,1.5,60.0,40.0,15.0,67,12,-305.3206432098397,-161.98220878373996,-515.5386393862738,18.676584282542166,-108.05077469008447,1,5,-1072.2156817873956,-16.00321913115516,-1014.351615188304,-996.3324839501342
1.75,0.65,1.5,60.0,40.0,25.0,64,0,-104.921467913219,-56.57399846444707,-626.9884417539319,146.00688709847205,74.81116468552962,2,5,-567.6658563475962,-8.869779005431191,-1283.8017897485047,-1279.1755017274163
1.75,0.65,1.5,60.0,40.0,25.0,64,2,-132.921467913219,-78.57399846444707,-666.9884417539319,132.00688709847205,50.81116468552962,2,5,-695.6658563475962,-10.869779005431191,-1283.8017897485047,-1279.1755017274163
1.75,0.65,1.5,60.0,40.0,25.0,64,4,-160.921467913219,-100.57399846444707,-706.9884417539319,118.00688709847205,26.81116468552962,2,5,-823.6658563475962,-12.869779005431191,-1283.8017897485047,-1279.1755017274163
1.75,0.65,1.5,60.0,40.0,25.0,64,6,-188.921467913219,-122.57399846444707,-746.9884417539319,104.00688709847205,2.8111646855296186,2,5,-951.6658563475962,-14.869779005431191,-1283.8017897485047,-1279.1755017274163
1.75,0.65,1.5,60.0,40.0,25.0,64,8,-216.921467913219,-144.57399846444707,-786.9884417539319,90.00688709847205,-21.18883531447038,1,5,-1079.6658563475962,-16.86977900543119,-1283.8017897485047,-1279.1755017274163
1.75,0.65,1.5,60.0,40.0,25.0,64,10,-244.921467913219,-166.57399846444707,-826.9884417539319,76.00688709847205,-45.18883531447038,1,5,-1207.6658563475962,-18.86977900543119,-1283.8017897485047,-1279.1755017274163
1.75,0.65,1.5,60.0,40.0,25.0,64,12,-272.921467913219,-188.57399846444707,-866.9884417539319,62.00688709847205,-69.18883531447038,1,5,-1335.6658563475962,-20.86977900543119,-1283.8017897485047,-1279.1755017274163
1.75,0.65,1.5,60.0,40.0,35.0,64,0,-219.82321200752438,17.22217113432538,-472.21281508518007,102.95519152099152,34.08082563845775,3,5,-537.7778387989297,-8.402778731233276,-1253.913772199838,-1319.0568847758193
1.75,0.65,1.5,60.0,40.0,35.0,64,2,-247.82321200752438,-4.777828865674621,-512.2128150851801,88.95519152099152,10.080825638457753,2,5,-665.7778387989297,-10.402778731233276,-1253.913772199838,-1319.0568847758193
1.75,0.65,1.5,60.0,40.0,35.0,64,4,-275.8232120075244,-26.77782886567462,-552.2128150851801,74.95519152099152,-13.919174361542247,1,5,-793.7778387989297,-12.402778731233276,-1253.913772199838,-1319.0568847758193
1.75,0.65,1.5,60.0,40.0,35.0,64,6,-303.8232120075244,-48.77782886567462,-592.2128150851801,60.95519152099151,-37.91917436154225,1,5,-921.7778387989297,-14.402778731233276,-1253.913772199838,-1319.0568847758193
1.75,0.65,1.5,60.0,40.0,35.0,64,8,-331.8232120075244,-70.77782886567462,-632.2128150851801,46.95519152099151,-61.91917436154225,1,5,-1049.7778387989297,-16.402778731233276,-1253.913772199838,-1319.0568847758193
1.75,0.65,1.5,60.0,40.0,35.0,64,10,-359.8232120075244,-92.77782886567462,-672.2128150851801,32.95519152099151,-85.91917436154225,1,5,-1177.7778387989297,-18.402778731233276,-1253.913772199838,-1319.0568847758193
1.75,0.65,1.5,60.0,40.0,35.0,64,12,-387.8232120075244,-114.77782886567462,-712.2128150851801,18.955191520991512,-109.91917436154225,1,5,-1305.7778387989297,-20.402778731233276,-1253.913772199838,-1319.0568847758193
1.75,0.65,1.5,60.0,40.0,50.0,64,0,-342.62144146327387,47.47298119693647,-311.5932908485443,100.89865622474531,18.635929538925595,3,5,-487.20716535121073,-7.612611958612668,-1203.3430987521192,-1268.4862113281006
1.75,0.65,1.5,60.0,40.0,50.0,64,2,-370.62144146327387,25.472981196936473,-351.5932908485443,86.89865622474531,-5.364070461074405,2,5,-615.2071653512107,-9.612611958612668,-1203.3430987521192,-1268.4862113281006
1.75,0.65,1.5,60.0,40.0,50.0,64,4,-398.62144146327387,3.4729811969364732,-391.5932908485443,72.89865622474531,-29.364070461074405,2,5,-743.2071653512107,-11.612611958612668,-1203.3430987521192,-1268.4862113281006
1.75,0.65,1.5,60.0,40.0,50.0,64,6,-426.62144146327387,-18.527018803063527,-431.5932908485443,58.8986562247453,-53.364070461074405,1,5,-871.2071653512107,-13.612611958612668,-1203.3430987521192,-1268.4862113281006
1.75,0.65,1.5,60.0,40.0,50.0,64,8,-454.62144146327387,-40.52701880306353,-471.5932908485443,44.8986562247453,-77.3640704610744,1,5,-999.2071653512107,-15.612611958612668,-1203.3430987521192,-1268.4862113281006
1.75,0.65,1.5,60.0,40.0,50.0,64,10,-482.62144146327387,-62.52701880306353,-511.5932908485443,30.898656224745302,-101.3640704610744,1,5,-1127.2071653512107,-17.612611958612668,-1203.3430987521192,-1268.4862113281006
1.75,0.65,1.5,60.0,40.0,50.0,64,12,-510.62144146327387,-84.52701880306353,-551.5932908485443,16.898656224745302,-125.3640704610744,1,5,-1255.2071653512107,-19.612611958612668,-1203.3430987521192,-1268.4862113281006
1.75,0.65,1.5,60.0,60.0,15.0,65,0,-144.79678175862244,-0.548773999767846,-308.44016689546925,172.1168330267339,94.74483874261135,2,5,-186.92405088451426,-2.875754628992527,-973.4141786428676,-895.0408530472529
1.75,0.65,1.5,60.0,60.0,15.0,65,2,-170.79678175862244,-20.548773999767846,-352.44016689546925,158.1168330267339,68.74483874261135,2,5,-316.92405088451426,-4.875754628992527,-973.4141786428676,-895.0408530472529
1.75,0.65,1.5,60.0,60.0,15.0,65,4,-196.79678175862244,-40.548773999767846,-396.44016689546925,144.1168330267339,42.74483874261135,2,5,-446.92405088451426,-6.875754628992527,-973.4141786428676,-895.0408530472529
1.75,0.65,1.5,60.0,60.0,15.0,65,6,-222.79678175862244,-60.548773999767846,-440.44016689546925,130.1168330267339,16.74483874261135,2,5,-576.9240508845143,-8.875754628992526,-973.4141786428676,-895.0408530472529
1.75,0.65,1.5,60.0,60.0,15.0,65,8,-248.79678175862244,-80.54877399976785,-484.44016689546925,116.1168330267339,-9.25516125738865,1,5,-706.9240508845143,-10.875754628992526,-973.4141786428676,-895.0408530472529
1.75,0.65,1.5,60.0,60.0,15.0,65,10,-274.79678175862244,-100.54877399976785,-528.4401668954692,102.1168330267339,-35.25516125738865,1,5,-836.9240508845143,-12.875754628992526,-973.4141786428676,-895.0408530472529
1.75,0.65,1.5,60.0,60.0,15.0,65,12,-300.79678175862244,-120.54877399976785,-572.4401668954692,88.1168330267339,-61.25516125738865,1,5,-966.9240508845143,-14.875754628992526,-973.4141786428676,-895.0408530472529
1.75,0.65,1.5,60.0,60.0,25.0,62,0,-115.63624363574652,-27.14056368047494,-706.3215667597004,191.72856091590427,131.29928861382334,2,5,-526.0705245461943,-8.485008460422488,-1272.9748526836388,-1204.187326708933
1.75,0.65,1.5,60.0,60.0,25.0,62,2,-141.63624363574652,-47.14056368047494,-746.3215667597004,177.72856091590427,107.29928861382334,2,5,-650.0705245461943,-10.485008460422488,-1272.9748526836388,-1204.187326708933
1.75,0.65,1.5,60.0,60.0,25.0,62,4,-167.63624363574652,-67.14056368047494,-786.3215667597004,163.72856091590427,83.29928861382334,2,5,-774.0705245461943,-12.485008460422488,-1272.9748526836388,-1204.187326708933
1.75,0.65,1.5,60.0,60.0,25.0,62,6,-193.63624363574652,-87.14056368047494,-826.3215667597004,149.72856091590427,59.299288613823336,2,5,-898.0705245461943,-14.485008460422488,-1272.9748526836388,-1204.187326708933
1.75,0.65,1.5,60.0,60.0,25.0,62,8,-219.63624363574652,-107.14056368047494,-866.3215667597004,135.72856091590427,35.299288613823336,2,5,-1022.0705245461943,-16.48500846042249,-1272.9748526836388,-1204.187326708933
1.75,0.65,1.5,60.0,60.0,25.0,62,10,-245.63624363574652,-127.14056368047494,-906.3215667597004,121.72856091590428,11.299288613823336,2,5,-1146.0705245461943,-18.48500846042249,-1272.9748526836388,-1204.187326708933
1.75,0.65,1.5,60.0,60.0,25.0,62,12,-271.6362436357465,-147.14056368047494,-946.3215667597004,107.72856091590428,-12.700711386176664,1,5,-1270.0705245461943,-20.48500846042249,-1272.9748526836388,-1204.187326708933
1.75,0.65,1.5,60.0,60.0,35.0,62,0,-217.67575084403546,38.030331226527835,-539.1524917580259,148.67686533842374,90.56894956675144,3,5,-479.5520964703585,-7.734711233392879,-1230.8674800269466,-1228.2248996224864
1.75,0.65,1.5,60.0,60.0,35.0,62,2,-243.67575084403546,18.030331226527835,-579.1524917580259,134.67686533842374,66.56894956675144,3,5,-603.5520964703585,-9.73471123339288,-1230.8674800269466,-1228.2248996224864
1.75,0.65,1.5,60.0,60.0,35.0,62,4,-269.67575084403546,-1.969668773472165,-619.1524917580259,120.67686533842374,42.56894956675144,2,5,-727.5520964703585,-11.73471123339288,-1230.8674800269466,-1228.2248996224864
1.75,0.65,1.5,60.0,60.0,35.0,62,6,-295.67575084403546,-21.969668773472165,-659.1524917580259,106.67686533842374,18.56894956675144,2,5,-851.5520964703585,-13.73471123339288,-1230.8674800269466,-1228.2248996224864
1.75,0.65,1.5,60.0,60.0,35.0,62,8,-321.67575084403546,-41.969668773472165,-699.1524917580259,92.67686533842374,-5.431050433248561,1,5,-975.5520964703585,-15.73471123339288,-1230.8674800269466,-1228.2248996224864
1.75,0.65,1.5,60.0,60.0,35.0,62,10,-347.67575084403546,-61.969668773472165,-739.1524917580259,78.67686533842374,-29.43105043324856,1,5,-1099.5520964703585,-17.73471123339288,-1230.8674800269466,-1228.2248996224864
1.75,0.65,1.5,60.0,60.0,35.0,62,12,-373.67575084403546,-81.96966877347216,-779.1524917580259,64.67686533842374,-53.43105043324856,1,5,-1223.5520964703585,-19.73471123339288,-1230.8674800269466,-1228.2248996224864
1.75,0.65,1.5,60.0,60.0,50.0,62,0,-353.3267822739773,115.52344844220019,-371.26208701466396,146.6203300421775,75.12405346721933,3,5,-387.32103733704434,-6.247113505436199,-1138.6364208936325,-1135.9938404891725
1.75,0.65,1.5,60.0,60.0,50.0,62,2,-379.3267822739773,95.52344844220019,-411.26208701466396,132.6203300421775,51.124053467219326,3,5,-511.32103733704434,-8.247113505436198,-1138.6364208936325,-1135.9938404891725
1.75,0.65,1.5,60.0,60.0,50.0,62,4,-405.3267822739773,75.52344844220019,-451.26208701466396,118.6203300421775,27.124053467219326,3,5,-635.3210373370443,-10.247113505436198,-1138.6364208936325,-1135.9938404891725
1.75,0.65,1.5,60.0,60.0,50.0,62,6,-431.3267822739773,55.5234484422002,-491.26208701466396,104.6203300421775,3.1240534672193263,3,5,-759.3210373370443,-12.247113505436198,-1138.6364208936325,-1135.9938404891725
1.75,0.65,1.5,60.0,60.0,50.0,62,8,-457.3267822739773,35.5234484422002,-531.262087014664,90.6203300421775,-20.875946532780674,2,5,-883.3210373370443,-14.247113505436198,-1138.6364208936325,-1135.9938404891725
1.75,0.65,1.5,60.0,60.0,50.0,62,10,-483.3267822739773,15.523448442200197,-571.262087014664,76.6203300421775,-44.875946532780674,2,5,-1007.3210373370443,-16.2471135054362,-1138.6364208936325,-1135.9938404891725
1.75,0.65,1.5,60.0,60.0,50.0,62,12,-509.3267822739773,-4.476551557799803,-611.262087014664,62.6203300421775,-68.87594653278067,1,5,-1131.3210373370443,-18.2471135054362,-1138.6364208936325,-1135.9938404891725
1.75,0.65,1.5,90.0,20.0,15.0,67,0,-36.362983968116396,-8.41020887826636,-45.8697390668097,61.9278425057179,68.92674969196023,2,5,40.211660284485674,0.6001740340968011,-662.4699224177161,-657.619673056809
1.75,0.65,1.5,90.0,20.0,15.0,67,2,-64.3629839681164,-30.41020887826636,-89.8697390668097,47.9278425057179,42.926749691960225,2,5,-93.78833971551433,-1.3998259659031989,-662.4699224177161,-657.619673056809
1.75,0.65,1.5,90.0,20.0,15.0,67,4,-92.3629839681164,-52.41020887826636,-133.8697390668097,33.9278425057179,16.926749691960225,2,5,-227.78833971551433,-3.399825965903199,-662.4699224177161,-657.619673056809
1.75,0.65,1.5,90.0,20.0,15.0,67,6,-120.3629839681164,-74.41020887826636,-177.8697390668097,19.927842505717898,-9.073250308039775,1,5,-361.7883397155143,-5.399825965903199,-662.4699224177161,-657.619673056809
1.75,0.65,1.5,90.0,20.0,15.0,67,8,-148.3629839681164,-96.41020887826636,-221.8697390668097,5.927842505717898,-35.073250308039775,1,5,-495.7883397155143,-7.399825965903199,-662.4699224177161,-657.619673056809
1.75,0.65,1.5,90.0,20.0,15.0,67,10,-176.3629839681164,-118.41020887826636,-265.8697390668097,-8.072157494282102,-61.073250308039775,0,5,-629.7883397155143,-9.399825965903199,-662.4699224177161,-657.619673056809
1.75,0.65,1.5,90.0,20.0,15.0,67,12,-204.3629839681164,-140.41020887826636,-309.8697390668097,-22.072157494282102,-87.07325030803977,0,5,-763.7883397155143,-11.399825965903199,-662.4699224177161,-657.619673056809
1.75,0.65,1.5,90.0,20.0,25.0,64,0,47.13553302035936,-2.8634717742778406,-338.5971656306415,49.81123521338082,36.081475066388435,3,5,-208.43239410479077,-3.256756157887356,-894.4476831358655,-876.2637274460855
1.75,0.65,1.5,90.0,20.0,25.0,64,2,19.13553302035936,-24.86347177427784,-378.5971656306415,35.81123521338082,12.081475066388435,3,5,-336.4323941047908,-5.256756157887356,-894.4476831358655,-876.2637274460855
1.75,0.65,1.5,90.0,20.0,25.0,64,4,-8.864466979640639,-46.86347177427784,-418.5971656306415,21.81123521338082,-11.918524933611565,1,5,-464.4323941047908,-7.256756157887356,-894.4476831358655,-876.2637274460855
1.75,0.65,1.5,90.0,20.0,25.0,64,6,-36.86446697964064,-68.86347177427784,-458.5971656306415,7.811235213380819,-35.918524933611565,1,5,-592.4323941047908,-9.256756157887356,-894.4476831358655,-876.2637274460855
1.75,0.65,1.5,90.0,20.0,25.0,64,8,-64.86446697964064,-90.86347177427784,-498.5971656306415,-6.188764786619181,-59.918524933611565,0,5,-720.4323941047908,-11.256756157887356,-894.4476831358655,-876.2637274460855
1.75,0.65,1.5,90.0,20.0,25.0,64,10,-92.86446697964064,-112.86347177427784,-538.5971656306415,-20.18876478661918,-83.91852493361156,0,5,-848.4323941047908,-13.256756157887356,-894.4476831358655,-876.2637274460855
1.75,0.65,1.5,90.0,20.0,25.0,64,12,-120.86446697964064,-134.86347177427785,-578.5971656306415,-34.18876478661918,-107.91852493361156,0,5,-976.4323941047908,-15.256756157887356,-894.4476831358655,-876.2637274460855
1.75,0.65,1.5,90.0,20.0,35.0,64,0,54.18477535478965,33.67234851860806,-248.34300373855962,6.759539635900303,-4.658782849225162,3,5,-158.3851230784868,-2.4747675481013562,-856.9922975302021,-848.7511182460377
1.75,0.65,1.5,90.0,20.0,35.0,64,2,26.18477535478965,11.67234851860806,-288.3430037385596,-7.240460364099697,-28.65878284922516,2,5,-286.3851230784868,-4.474767548101356,-856.9922975302021,-848.7511182460377
1.75,0.65,1.5,90.0,20.0,35.0,64,4,-1.8152246452103498,-10.32765148139194,-328.3430037385596,-21.240460364099697,-52.65878284922516,0,5,-414.3851230784868,-6.474767548101356,-856.9922975302021,-848.7511182460377
1.75,0.65,1.5,90.0,20.0,35.0,64,6,-29.81522464521035,-32.32765148139194,-368.3430037385596,-35.2404603640997,-76.65878284922516,0,5,-542.3851230784868,-8.474767548101356,-856.9922975302021,-848.7511182460377
1.75,0.65,1.5,90.0,20.0,35.0,64,8,-57.81522464521035,-54.32765148139194,-408.3430037385596,-49.2404603640997,-100.65878284922516,0,5,-670.3851230784868,-10.474767548101356,-856.9922975302021,-848.7511182460377
1.75,0.65,1.5,90.0,20.0,35.0,64,10,-85.81522464521035,-76.32765148139194,-448.3430037385596,-63.2404603640997,-124.65878284922516,0,5,-798.3851230784868,-12.474767548101356,-856.9922975302021,-848.7511182460377
1.75,0.65,1.5,90.0,20.0,35.0,64,12,-113.81522464521035,-98.32765148139194,-488.3430037385596,-77.2404603640997,-148.65878284922516,0,5,-926.3851230784868,-14.474767548101356,-856.9922975302021,-848.7511182460377
1.75,0.65,1.5,90.0,20.0,50.0,64,0,-4.28046539201182,70.37590775522517,-143.73073655417994,4.703004339654072,-34.61705385059042,2,5,-107.5493437019029,-1.6804584953422328,-793.5646327329777,-797.9153388694538
1.75,0.65,1.5,90.0,20.0,50.0,64,2,-32.28046539201182,48.37590775522518,-183.73073655417994,-9.296995660345928,-58.61705385059042,1,5,-235.5493437019029,-3.680458495342233,-793.5646327329777,-797.9153388694538
1.75,0.65,1.5,90.0,20.0,50.0,64,4,-60.28046539201182,26.375907755225178,-223.73073655417994,-23.296995660345928,-82.61705385059042,1,5,-363.5493437019029,-5.680458495342233,-793.5646327329777,-797.9153388694538
1.75,0.65,1.5,90.0,20.0,50.0,64,6,-88.28046539201182,4.375907755225178,-263.73073655417994,-37.29699566034593,-106.61705385059042,1,5,-491.5493437019029,-7.680458495342233,-793.5646327329777,-797.9153388694538
1.75,0.65,1.5,90.0,20.0,50.0,64,8,-116.28046539201182,-17.624092244774822,-303.73073655417994,-51.29699566034593,-130.61705385059042,0,5,-619.5493437019029,-9.680458495342233,-793.5646327329777,-797.9153388694538
1.75,0.65,1.5,90.0,20.0,50.0,64,10,-144.28046539201182,-39.62409224477482,-343.73073655417994,-65.29699566034593,-154.61705385059042,0,5,-747.5493437019029,-11.680458495342233,-793.5646327329777,-797.9153388694538
1.75,0.65,1.5,90.0,20.0,50.0,64,12,-172.28046539201182,-61.62409224477482,-383.73073655417994,-79.29699566034593,-178.61705385059042,0,5,-875.5493437019029,-13.680458495342233,-793.5646327329777,-797.9153388694538
1.75,0.65,1.5,90.0,30.0,15.0,67,0,-118.41982592067188,-16.853533129914723,-62.14248018160521,65.77028892807678,108.73652233479842,2,5,-22.909027969316526,-0.3419257905868138,-739.4987123638139,-739.3038942795222
1.75,0.65,1.5,90.0,30.0,15.0,67,2,-146.41982592067188,-38.85353312991472,-106.14248018160521,51.77028892807679,82.73652233479842,2,5,-156.90902796931653,-2.3419257905868136,-739.4987123638139,-739.3038942795222
1.75,0.65,1.5,90.0,30.0,15.0,67,4,-174.41982592067188,-60.85353312991472,-150.1424801816052,37.77028892807679,56.736522334798416,2,5,-290.9090279693165,-4.341925790586814,-739.4987123638139,-739.3038942795222
1.75,0.65,1.5,90.0,30.0,15.0,67,6,-202.41982592067188,-82.85353312991472,-194.1424801816052,23.770288928076788,30.736522334798416,2,5,-424.9090279693165,-6.341925790586814,-739.4987123638139,-739.3038942795222
1.75,0.65,1.5,90.0,30.0,15.0,67,8,-230.41982592067188,-104.85353312991472,-238.1424801816052,9.770288928076788,4.736522334798416,2,5,-558.9090279693165,-8.341925790586814,-739.4987123638139,-739.3038942795222
1.75,0.65,1.5,90.0,30.0,15.0,67,10,-258.4198259206719,-126.85353312991472,-282.1424801816052,-4.229711071923212,-21.263477665201584,0,5,-692.9090279693165,-10.341925790586814,-739.4987123638139,-739.3038942795222
1.75,0.65,1.5,90.0,30.0,15.0,67,12,-286.4198259206719,-148.85353312991472,-326.1424801816052,-18.229711071923212,-47.263477665201584,0,5,-826.9090279693165,-12.341925790586814,-739.4987123638139,-739.3038942795222
1.75,0.65,1.5,90.0,30.0,25.0,64,0,-11.314421289207445,-43.27242578813363,-450.0955954350918,109.10059174400666,124.96881744798819,2,5,-270.6130333204378,-4.228328645631841,-957.2027177149351,-957.0078996306436
1.75,0.65,1.5,90.0,30.0,25.0,64,2,-39.314421289207445,-65.27242578813363,-490.0955954350918,95.10059174400666,100.96881744798819,2,5,-398.6130333204378,-6.228328645631841,-957.2027177149351,-957.0078996306436
1.75,0.65,1.5,90.0,30.0,25.0,64,4,-67.31442128920744,-87.27242578813363,-530.0955954350918,81.10059174400666,76.96881744798819,2,5,-526.6130333204378,-8.22832864563184,-957.2027177149351,-957.0078996306436
1.75,0.65,1.5,90.0,30.0,25.0,64,6,-95.31442128920744,-109.27242578813363,-570.0955954350918,67.10059174400666,52.968817447988194,2,5,-654.6130333204378,-10.22832864563184,-957.2027177149351,-957.0078996306436
1.75,0.65,1.5,90.0,30.0,25.0,64,8,-123.31442128920744,-131.27242578813363,-610.0955954350918,53.10059174400666,28.968817447988194,2,5,-782.6130333204378,-12.22832864563184,-957.2027177149351,-957.0078996306436
1.75,0.65,1.5,90.0,30.0,25.0,64,10,-151.31442128920744,-153.27242578813363,-650.0955954350918,39.10059174400666,4.968817447988194,2,5,-910.6130333204378,-14.22832864563184,-957.2027177149351,-957.0078996306436
1.75,0.65,1.5,90.0,30.0,25.0,64,12,-179.31442128920744,-175.27242578813363,-690.0955954350918,25.100591744006657,-19.031182552011806,1,5,-1038.6130333204378,-16.22832864563184,-957.2027177149351,-957.0078996306436
1.75,0.65,1.5,90.0,30.0,35.0,64,0,-113.35392849749641,4.352709422915353,-253.51370441294966,66.04889616652615,84.22855953237459,3,5,-212.23746778862994,-3.316210434197343,-934.4146678057928,-951.681783820488
1.75,0.65,1.5,90.0,30.0,35.0,64,2,-141.3539284974964,-17.647290577084647,-293.51370441294966,52.048896166526156,60.2285595323746,2,5,-340.23746778862994,-5.316210434197343,-934.4146678057928,-951.681783820488
1.75,0.65,1.5,90.0,30.0,35.0,64,4,-169.3539284974964,-39.64729057708465,-333.51370441294966,38.048896166526156,36.2285595323746,2,5,-468.23746778862994,-7.316210434197343,-934.4146678057928,-951.681783820488
1.75,0.65,1.5,90.0,30.0,35.0,64,6,-197.3539284974964,-61.64729057708465,-373.51370441294966,24.048896166526156,12.228559532374597,2,5,-596.2374677886299,-9.316210434197343,-934.4146678057928,-951.681783820488
1.75,0.65,1.5,90.0,30.0,35.0,64,8,-225.3539284974964,-83.64729057708465,-413.51370441294966,10.048896166526156,-11.771440467625403,1,5,-724.2374677886299,-11.316210434197343,-934.4146678057928,-951.681783820488
1.75,0.65,1.5,90.0,30.0,35.0,64,10,-253.3539284974964,-105.64729057708465,-453.51370441294966,-3.951103833473845,-35.7714404676254,0,5,-852.2374677886299,-13.316210434197343,-934.4146678057928,-951.681783820488
1.75,0.65,1.5,90.0,30.0,35.0,64,12,-281.35392849749644,-127.64729057708465,-493.51370441294966,-17.951103833473844,-59.7714404676254,0,5,-980.2374677886299,-15.316210434197343,-934.4146678057928,-951.681783820488
1.75,0.65,1.5,90.0,30.0,50.0,64,0,-219.25841492034402,53.96316936474351,-148.90160240853123,63.99236087027993,54.27028853100933,3,5,-195.93419856284243,-3.061471852544413,-918.1113985800054,-935.3785145947004
1.75,0.65,1.5,90.0,30.0,50.0,64,2,-247.25841492034402,31.963169364743507,-188.90160240853123,49.99236087027993,30.270288531009328,3,5,-323.9341985628424,-5.061471852544413,-918.1113985800054,-935.3785145947004
1.75,0.65,1.5,90.0,30.0,50.0,64,4,-275.258414920344,9.963169364743507,-228.90160240853123,35.99236087027993,6.270288531009328,3,5,-451.9341985628424,-7.061471852544413,-918.1113985800054,-935.3785145947004
1.75,0.65,1.5,90.0,30.0,50.0,64,6,-303.258414920344,-12.036830635256493,-268.90160240853123,21.99236087027993,-17.729711468990672,1,5,-579.9341985628424,-9.061471852544413,-918.1113985800054,-935.3785145947004
1.75,0.65,1.5,90.0,30.0,50.0,64,8,-331.258414920344,-34.03683063525649,-308.90160240853123,7.992360870279931,-41.72971146899067,1,5,-707.9341985628424,-11.061471852544413,-918.1113985800054,-935.3785145947004
1.75,0.65,1.5,90.0,30.0,50.0,64,10,-359.258414920344,-56.03683063525649,-348.90160240853123,-6.007639129720069,-65.72971146899067,0,5,-835.9341985628424,-13.061471852544413,-918.1113985800054,-935.3785145947004
1.75,0.65,1.5,90.0,30.0,50.0,64,12,-387.258414920344,-78.03683063525649,-388.90160240853123,-20.00763912972007,-89.72971146899067,0,5,-963.9341985628424,-15.061471852544413,-918.1113985800054,-935.3785145947004
1.75,0.65,1.5,90.0,40.0,15.0,67,0,-137.32064320983972,-29.982208783739964,-235.27275162656406,93.73414930308599,29.648011638893834,2,5,-279.1934426781638,-4.167066308629311,-1025.3293760790723,-1000.8300799787283
1.75,0.65,1.5,90.0,40.0,15.0,67,2,-165.32064320983972,-51.982208783739964,-279.27275162656406,79.73414930308599,3.648011638893834,2,5,-413.1934426781638,-6.167066308629311,-1025.3293760790723,-1000.8300799787283
1.75,0.65,1.5,90.0,40.0,15.0,67,4,-193.32064320983972,-73.98220878373996,-323.27275162656406,65.73414930308599,-22.351988361106166,1,5,-547.1934426781638,-8.16706630862931,-1025.3293760790723,-1000.8300799787283
1.75,0.65,1.5,90.0,40.0,15.0,67,6,-221.32064320983972,-95.98220878373996,-367.27275162656406,51.734149303085985,-48.351988361106166,1,5,-681.1934426781638,-10.16706630862931,-1025.3293760790723,-1000.8300799787283
1.75,0.65,1.5,90.0,40.0,15.0,67,8,-249.32064320983972,-117.98220878373996,-411.27275162656406,37.734149303085985,-74.35198836110617,1,5,-815.1934426781638,-12.16706630862931,-1025.3293760790723,-1000.8300799787283
1.75,0.65,1.5,90.0,40.0,15.0,67,10,-277.3206432098397,-139.98220878373996,-455.27275162656406,23.734149303085985,-100.35198836110617,1,5,-949.1934426781638,-14.16706630862931,-1025.3293760790723,-1000.8300799787283
1.75,0.65,1.5,90.0,40.0,15.0,67,12,-305.3206432098397,-161.98220878373996,-499.27275162656406,9.734149303085985,-126.35198836110617,1,5,-1083.1934426781638,-16.167066308629312,-1025.3293760790723,-1000.8300799787283
1.75,0.65,1.5,90.0,40.0,25.0,64,0,-89.69077585486224,-56.40110144195887,-616.3595907910936,137.06445211901587,124.82277337719208,2,5,-500.56424259170694,-7.821316290495421,-1216.7001759926154,-1228.1751948169842
1.75,0.65,1.5,90.0,40.0,25.0,64,2,-117.69077585486224,-78.40110144195887,-656.3595907910936,123.06445211901587,100.82277337719208,2,5,-628.5642425917069,-9.821316290495421,-1216.7001759926154,-1228.1751948169842
1.75,0.65,1.5,90.0,40.0,25.0,64,4,-145.69077585486224,-100.40110144195887,-696.3595907910936,109.06445211901587,76.82277337719208,2,5,-756.5642425917069,-11.821316290495421,-1216.7001759926154,-1228.1751948169842
1.75,0.65,1.5,90.0,40.0,25.0,64,6,-173.69077585486224,-122.40110144195887,-736.3595907910936,95.06445211901587,52.82277337719208,2,5,-884.5642425917069,-13.821316290495421,-1216.7001759926154,-1228.1751948169842
1.75,0.65,1.5,90.0,40.0,25.0,64,8,-201.69077585486224,-144.40110144195887,-776.3595907910936,81.06445211901587,28.822773377192075,2,5,-1012.5642425917069,-15.821316290495421,-1216.7001759926154,-1228.1751948169842
1.75,0.65,1.5,90.0,40.0,25.0,64,10,-229.69077585486224,-166.40110144195887,-816.3595907910936,67.06445211901587,4.822773377192075,2,5,-1140.564242591707,-17.82131629049542,-1216.7001759926154,-1228.1751948169842
1.75,0.65,1.5,90.0,40.0,25.0,64,12,-257.69077585486224,-188.40110144195887,-856.3595907910936,53.06445211901587,-19.177226622807925,1,5,-1268.564242591707,-19.82131629049542,-1216.7001759926154,-1228.1751948169842
1.75,0.65,1.5,90.0,40.0,35.0,64,0,-214.96239074390274,17.395068156813565,-441.51219262380516,94.01275654153537,68.45607955651786,3,5,-476.6106791128411,-7.447041861138143,-1192.7466125137496,-1273.9910319351882
1.75,0.65,1.5,90.0,40.0,35.0,64,2,-242.96239074390274,-4.604931843186435,-481.51219262380516,80.01275654153537,44.456079556517864,2,5,-604.6106791128411,-9.447041861138143,-1192.7466125137496,-1273.9910319351882
1.75,0.65,1.5,90.0,40.0,35.0,64,4,-270.96239074390274,-26.604931843186435,-521.5121926238052,66.01275654153537,20.456079556517864,2,5,-732.6106791128411,-11.447041861138143,-1192.7466125137496,-1273.9910319351882
1.75,0.65,1.5,90.0,40.0,35.0,64,6,-298.96239074390274,-48.604931843186435,-561.5121926238052,52.01275654153536,-3.5439204434821363,1,5,-860.6106791128411,-13.447041861138143,-1192.7466125137496,-1273.9910319351882
1.75,0.65,1.5,90.0,40.0,35.0,64,8,-326.96239074390274,-70.60493184318644,-601.5121926238052,38.01275654153536,-27.543920443482136,1,5,-988.6106791128411,-15.447041861138143,-1192.7466125137496,-1273.9910319351882
1.75,0.65,1.5,90.0,40.0,35.0,64,10,-354.96239074390274,-92.60493184318644,-641.5121926238052,24.01275654153536,-51.543920443482136,1,5,-1116.6106791128411,-17.447041861138143,-1192.7466125137496,-1273.9910319351882
1.75,0.65,1.5,90.0,40.0,35.0,64,12,-382.96239074390274,-114.60493184318644,-681.5121926238052,10.01275654153536,-75.54392044348214,1,5,-1244.6106791128411,-19.447041861138143,-1192.7466125137496,-1273.9910319351882
1.75,0.65,1.5,90.0,40.0,50.0,64,0,-354.0482613229973,81.14015122764562,-165.1645018189633,91.95622124528913,85.16799078659116,3,5,-260.9483998824346,-4.077318748163041,-1025.721557920178,-1058.3287527047817
1.75,0.65,1.5,90.0,40.0,50.0,64,2,-382.0482613229973,59.14015122764562,-205.1645018189633,77.95622124528913,61.16799078659116,3,5,-388.9483998824346,-6.077318748163041,-1025.721557920178,-1058.3287527047817
1.75,0.65,1.5,90.0,40.0,50.0,64,4,-410.0482613229973,37.14015122764562,-245.1645018189633,63.95622124528912,37.16799078659116,3,5,-516.9483998824346,-8.07731874816304,-1025.721557920178,-1058.3287527047817
1.75,0.65,1.5,90.0,40.0,50.0,64,6,-438.0482613229973,15.140151227645617,-285.1645018189633,49.95622124528912,13.167990786591162,3,5,-644.9483998824346,-10.07731874816304,-1025.721557920178,-1058.3287527047817
1.75,0.65,1.5,90.0,40.0,50.0,64,8,-466.0482613229973,-6.859848772354383,-325.1645018189633,35.95622124528912,-10.832009213408838,1,5,-772.9483998824346,-12.07731874816304,-1025.721557920178,-1058.3287527047817
1.75,0.65,1.5,90.0,40.0,50.0,64,10,-494.0482613229973,-28.859848772354383,-365.1645018189633,21.95622124528912,-34.83200921340884,1,5,-900.9483998824346,-14.07731874816304,-1025.721557920178,-1058.3287527047817
1.75,0.65,1.5,90.0,40.0,50.0,64,12,-522.0482613229973,-50.85984877235438,-405.1645018189633,7.956221245289122,-58.83200921340884,1,5,-1028.9483998824346,-16.07731874816304,-1025.721557920178,-1058.3287527047817
1.75,0.65,1.5,90.0,60.0,15.0,65,0,-144.79678175862244,10.597564514851484,-300.46763842337623,163.17439804727775,59.11252621631331,3,5,-212.37993140355616,-3.2673835600547103,-998.8700591619096,-914.0165687041208
1.75,0.65,1.5,90.0,60.0,15.0,65,2,-170.79678175862244,-9.402435485148516,-344.46763842337623,149.17439804727775,33.11252621631331,2,5,-342.37993140355616,-5.26738356005471,-998.8700591619096,-914.0165687041208
1.75,0.65,1.5,90.0,60.0,15.0,65,4,-196.79678175862244,-29.402435485148516,-388.46763842337623,135.17439804727775,7.112526216313313,2,5,-472.37993140355616,-7.26738356005471,-998.8700591619096,-914.0165687041208
1.75,0.65,1.5,90.0,60.0,15.0,65,6,-222.79678175862244,-49.402435485148516,-432.46763842337623,121.17439804727776,-18.887473783686687,1,5,-602.3799314035562,-9.26738356005471,-998.8700591619096,-914.0165687041208
1.75,0.65,1.5,90.0,60.0,15.0,65,8,-248.79678175862244,-69.40243548514852,-476.46763842337623,107.17439804727776,-44.88747378368669,1,5,-732.3799314035562,-11.26738356005471,-998.8700591619096,-914.0165687041208
1.75,0.65,1.5,90.0,60.0,15.0,65,10,-274.79678175862244,-89.40243548514852,-520.4676384233762,93.17439804727776,-70.88747378368669,1,5,-862.3799314035562,-13.26738356005471,-998.8700591619096,-914.0165687041208
1.75,0.65,1.5,90.0,60.0,15.0,65,12,-300.79678175862244,-109.40243548514852,-564.4676384233762,79.17439804727776,-96.88747378368669,1,5,-992.3799314035562,-15.26738356005471,-998.8700591619096,-914.0165687041208
1.75,0.65,1.5,90.0,60.0,25.0,62,0,-60.050855053649485,-15.821328143367438,-633.7802722458209,178.09882083853267,243.06381325987232,2,5,-288.4898213444328,-4.653061634587626,-1038.8545461117426,-960.1264586449976
1.75,0.65,1.5,90.0,60.0,25.0,62,2,-86.05085505364949,-35.82132814336744,-673.7802722458209,164.09882083853267,219.06381325987232,2,5,-412.4898213444328,-6.653061634587626,-1038.8545461117426,-960.1264586449976
1.75,0.65,1.5,90.0,60.0,25.0,62,4,-112.05085505364949,-55.82132814336744,-713.7802722458209,150.09882083853267,195.06381325987232,2,5,-536.4898213444328,-8.653061634587626,-1038.8545461117426,-960.1264586449976
1.75,0.65,1.5,90.0,60.0,25.0,62,6,-138.05085505364949,-75.82132814336744,-753.7802722458209,136.09882083853267,171.06381325987232,2,5,-660.4898213444328,-10.653061634587626,-1038.8545461117426,-960.1264586449976
1.75,0.65,1.5,90.0,60.0,25.0,62,8,-164.05085505364949,-95.82132814336744,-793.7802722458209,122.09882083853267,147.06381325987232,2,5,-784.4898213444328,-12.653061634587626,-1038.8545461117426,-960.1264586449976
1.75,0.65,1.5,90.0,60.0,25.0,62,10,-190.05085505364949,-115.82132814336744,-833.7802722458209,108.09882083853267,123.06381325987232,2,5,-908.4898213444328,-14.653061634587626,-1038.8545461117426,-960.1264586449976
1.75,0.65,1.5,90.0,60.0,25.0,62,12,-216.05085505364949,-135.82132814336745,-873.7802722458209,94.09882083853267,99.06381325987232,2,5,-1032.4898213444328,-16.653061634587626,-1038.8545461117426,-960.1264586449976
1.75,0.65,1.5,90.0,60.0,35.0,62,0,-172.4602330566736,49.34956676363534,-438.7679985132652,135.04712526105217,186.6971194391981,3,5,-240.13442010605286,-3.873135808162143,-991.449803662641,-992.059183056961
1.75,0.65,1.5,90.0,60.0,35.0,62,2,-198.4602330566736,29.349566763635337,-478.7679985132652,121.04712526105217,162.6971194391981,3,5,-364.13442010605286,-5.873135808162143,-991.449803662641,-992.059183056961
1.75,0.65,1.5,90.0,60.0,35.0,62,4,-224.4602330566736,9.349566763635337,-518.7679985132652,107.04712526105217,138.6971194391981,3,5,-488.13442010605286,-7.873135808162143,-991.449803662641,-992.059183056961
1.75,0.65,1.5,90.0,60.0,35.0,62,6,-250.4602330566736,-10.650433236364663,-558.7679985132652,93.04712526105217,114.69711943919812,2,5,-612.1344201060529,-9.873135808162143,-991.449803662641,-992.059183056961
1.75,0.65,1.5,90.0,60.0,35.0,62,8,-276.4602330566736,-30.650433236364663,-598.7679985132652,79.04712526105217,90.69711943919812,2,5,-736.1344201060529,-11.873135808162143,-991.449803662641,-992.059183056961
1.75,0.65,1.5,90.0,60.0,35.0,62,10,-302.4602330566736,-50.65043323636466,-638.7679985132652,65.04712526105217,66.69711943919812,2,5,-860.1344201060529,-13.873135808162143,-991.449803662641,-992.059183056961
1.75,0.65,1.5,90.0,60.0,35.0,62,12,-328.4602330566736,-70.65043323636466,-678.7679985132652,51.04712526105217,42.69711943919812,2,5,-984.1344201060529,-15.873135808162143,-991.449803662641,-992.059183056961
1.75,0.65,1.5,90.0,60.0,50.0,62,0,-324.3989056099605,187.15600538282803,-221.0799373616063,132.99058996480596,203.40903066927143,3,5,-21.923216954661257,-0.35360027346227835,-773.2386005112494,-773.8479799055694
1.75,0.65,1.5,90.0,60.0,50.0,62,2,-350.3989056099605,167.15600538282803,-261.0799373616063,118.99058996480596,179.40903066927143,3,5,-145.92321695466126,-2.3536002734622783,-773.2386005112494,-773.8479799055694
1.75,0.65,1.5,90.0,60.0,50.0,62,4,-376.3989056099605,147.15600538282803,-301.0799373616063,104.99058996480596,155.40903066927143,3,5,-269.92321695466126,-4.353600273462279,-773.2386005112494,-773.8479799055694
1.75,0.65,1.5,90.0,60.0,50.0,62,6,-402.3989056099605,127.15600538282803,-341.0799373616063,90.99058996480596,131.40903066927143,3,5,-393.92321695466126,-6.353600273462279,-773.2386005112494,-773.8479799055694
1.75,0.65,1.5,90.0,60.0,50.0,62,8,-428.3989056099605,107.15600538282803,-381.0799373616063,76.99058996480596,107.40903066927142,3,5,-517.9232169546613,-8.353600273462279,-773.2386005112494,-773.8479799055694
1.75,0.65,1.5,90.0,60.0,50.0,62,10,-454.3989056099605,87.15600538282803,-421.0799373616063,62.99058996480596,83.40903066927142,3,5,-641.9232169546613,-10.353600273462279,-773.2386005112494,-773.8479799055694
1.75,0.65,1.5,90.0,60.0,50.0,62,12,-480.3989056099605,67.15600538282803,-461.0799373616063,48.99058996480596,59.40903066927142,3,5,-765.9232169546613,-12.353600273462279,-773.2386005112494,-773.8479799055694
1.75,0.65,1.5,120.0,20.0,15.0,67,0,-36.362983968116396,-8.41020887826636,-45.8697390668097,61.9278425057179,68.92674969196023,2,5,40.211660284485674,0.6001740340968011,-662.4699224177161,-657.619673056809
1.75,0.65,1.5,120.0,20.0,15.0,67,2,-64.3629839681164,-30.41020887826636,-89.8697390668097,47.9278425057179,42.926749691960225,2,5,-93.78833971551433,-1.3998259659031989,-662.4699224177161,-657.619673056809
1.75,0.65,1.5,120.0,20.0,15.0,67,4,-92.3629839681164,-52.41020887826636,-133.8697390668097,33.9278425057179,16.926749691960225,2,5,-227.78833971551433,-3.399825965903199,-662.4699224177161,-657.619673056809
1.75,0.65,1.5,120.0,20.0,15.0,67,6,-120.3629839681164,-74.41020887826636,-177.8697390668097,19.927842505717898,-9.073250308039775,1,5,-361.7883397155143,-5.399825965903199,-662.4699224177161,-657.619673056809
1.75,0.65,1.5,120.0,20.0,15.0,67,8,-148.3629839681164,-96.41020887826636,-221.8697390668097,5.927842505717898,-35.073250308039775,1,5,-495.7883397155143,-7.399825965903199,-662.4699224177161,-657.619673056809
1.75,0.65,1.5,120.0,20.0,15.0,67,10,-176.3629839681164,-118.41020887826636,-265.8697390668097,-8.072157494282102,-61.073250308039775,0,5,-629.7883397155143,-9.399825965903199,-662.4699224177161,-657.619673056809
1.75,0.65,1.5,120.0,20.0,15.0,67,12,-204.3629839681164,-140.41020887826636,-309.8697390668097,-22.072157494282102,-87.07325030803977,0,5,-763.7883397155143,-11.399825965903199,-662.4699224177161,-657.619673056809
1.75,0.65,1.5,120.0,20.0,25.0,64,0,47.13553302035936,-1.9342781808952338,-338.5971656306415,49.81123521338082,36.081475066388435,3,5,-207.5032005114083,-3.2422375079907546,-893.518489542483,-875.334533852703
1.75,0.65,1.5,120.0,20.0,25.0,64,2,19.13553302035936,-23.934278180895234,-378.5971656306415,35.81123521338082,12.081475066388435,3,5,-335.5032005114083,-5.242237507990755,-893.518489542483,-875.334533852703
1.75,0.65,1.5,120.0,20.0,25.0,64,4,-8.864466979640639,-45.934278180895234,-418.5971656306415,21.81123521338082,-11.918524933611565,1,5,-463.5032005114083,-7.242237507990755,-893.518489542483,-875.334533852703
1.75,0.65,1.5,120.0,20.0,25.0,64,6,-36.86446697964064,-67.93427818089523,-458.5971656306415,7.811235213380819,-35.918524933611565,1,5,-591.5032005114083,-9.242237507990755,-893.518489542483,-875.334533852703
1.75,0.65,1.5,120.0,20.0,25.0,64,8,-64.86446697964064,-89.93427818089523,-498.5971656306415,-6.188764786619181,-59.918524933611565,0,5,-719.5032005114083,-11.242237507990755,-893.518489542483,-875.334533852703
1.75,0.65,1.5,120.0,20.0,25.0,64,10,-92.86446697964064,-111.93427818089523,-538.5971656306415,-20.18876478661918,-83.91852493361156,0,5,-847.5032005114083,-13.242237507990755,-893.518489542483,-875.334533852703
1.75,0.65,1.5,120.0,20.0,25.0,64,12,-120.86446697964064,-133.93427818089523,-578.5971656306415,-34.18876478661918,-107.91852493361156,0,5,-975.5032005114083,-15.242237507990755,-893.518489542483,-875.334533852703
1.75,0.65,1.5,120.0,20.0,35.0,64,0,54.18477535478965,34.60154211199068,-248.34300373855962,6.759539635900303,-4.658782849225162,3,5,-157.4559294851042,-2.4602488982047532,-856.0631039368195,-848.7511182460378
1.75,0.65,1.5,120.0,20.0,35.0,64,2,26.18477535478965,12.601542111990682,-288.3430037385596,-7.240460364099697,-28.65878284922516,2,5,-285.4559294851042,-4.460248898204753,-856.0631039368195,-848.7511182460378
1.75,0.65,1.5,120.0,20.0,35.0,64,4,-1.8152246452103498,-9.398457888009318,-328.3430037385596,-21.240460364099697,-52.65878284922516,0,5,-413.4559294851042,-6.460248898204753,-856.0631039368195,-848.7511182460378
1.75,0.65,1.5,120.0,20.0,35.0,64,6,-29.81522464521035,-31.398457888009318,-368.3430037385596,-35.2404603640997,-76.65878284922516,0,5,-541.4559294851042,-8.460248898204753,-856.0631039368195,-848.7511182460378
1.75,0.65,1.5,120.0,20.0,35.0,64,8,-57.81522464521035,-53.39845788800932,-408.3430037385596,-49.2404603640997,-100.65878284922516,0,5,-669.4559294851042,-10.460248898204753,-856.0631039368195,-848.7511182460378
1.75,0.65,1.5,120.0,20.0,35.0,64,10,-85.81522464521035,-75.39845788800932,-448.3430037385596,-63.2404603640997,-124.65878284922516,0,5,-797.4559294851042,-12.460248898204753,-856.0631039368195,-848.7511182460378
1.75,0.65,1.5,120.0,20.0,35.0,64,12,-113.81522464521035,-97.39845788800932,-488.3430037385596,-77.2404603640997,-148.65878284922516,0,5,-925.4559294851042,-14.460248898204753,-856.0631039368195,-848.7511182460378
1.75,0.65,1.5,120.0,20.0,50.0,64,0,-4.28046539201182,71.30510134860779,-143.73073655417994,4.703004339654072,-29.688433460713924,2,5,-101.69152971864378,-1.588930151853809,-787.7068187497185,-792.9867184795773
1.75,0.65,1.5,120.0,20.0,50.0,64,2,-32.28046539201182,49.305101348607785,-183.73073655417994,-9.296995660345928,-53.688433460713924,1,5,-229.69152971864378,-3.588930151853809,-787.7068187497185,-792.9867184795773
1.75,0.65,1.5,120.0,20.0,50.0,64,4,-60.28046539201182,27.305101348607785,-223.73073655417994,-23.296995660345928,-77.68843346071392,1,5,-357.6915297186438,-5.588930151853809,-787.7068187497185,-792.9867184795773
1.75,0.65,1.5,120.0,20.0,50.0,64,6,-88.28046539201182,5.305101348607785,-263.73073655417994,-37.29699566034593,-101.68843346071392,1,5,-485.6915297186438,-7.588930151853809,-787.7068187497185,-792.9867184795773
1.75,0.65,1.5,120.0,20.0,50.0,64,8,-116.28046539201182,-16.694898651392215,-303.73073655417994,-51.29699566034593,-125.68843346071392,0,5,-613.6915297186438,-9.588930151853809,-787.7068187497185,-792.9867184795773
1.75,0.65,1.5,120.0,20.0,50.0,64,10,-144.28046539201182,-38.694898651392215,-343.73073655417994,-65.29699566034593,-149.68843346071392,0,5,-741.6915297186438,-11.588930151853809,-787.7068187497185,-792.9867184795773
1.75,0.65,1.5,120.0,20.0,50.0,64,12,-172.28046539201182,-60.694898651392215,-383.73073655417994,-79.29699566034593,-173.68843346071392,0,5,-869.6915297186438,-13.588930151853809,-787.7068187497185,-792.9867184795773
1.75,0.65,1.5,120.0,30.0,15.0,67,0,-118.41982592067188,-16.853533129914723,-62.14248018160521,65.77028892807678,108.73652233479842,2,5,-22.909027969316526,-0.3419257905868138,-739.4987123638139,-739.3038942795222
1.75,0.65,1.5,120.0,30.0,15.0,67,2,-146.41982592067188,-38.85353312991472,-106.14248018160521,51.77028892807679,82.73652233479842,2,5,-156.90902796931653,-2.3419257905868136,-739.4987123638139,-739.3038942795222
1.75,0.65,1.5,120.0,30.0,15.0,67,4,-174.41982592067188,-60.85353312991472,-150.1424801816052,37.77028892807679,56.736522334798416,2,5,-290.9090279693165,-4.341925790586814,-739.4987123638139,-739.3038942795222
1.75,0.65,1.5,120.0,30.0,15.0,67,6,-202.41982592067188,-82.85353312991472,-194.1424801816052,23.770288928076788,30.736522334798416,2,5,-424.9090279693165,-6.341925790586814,-739.4987123638139,-739.3038942795222
1.75,0.65,1.5,120.0,30.0,15.0,67,8,-230.41982592067188,-104.85353312991472,-238.1424801816052,9.770288928076788,4.736522334798416,2,5,-558.9090279693165,-8.341925790586814,-739.4987123638139,-739.3038942795222
1.75,0.65,1.5,120.0,30.0,15.0,67,10,-258.4198259206719,-126.85353312991472,-282.1424801816052,-4.229711071923212,-21.263477665201584,0,5,-692.9090279693165,-10.341925790586814,-739.4987123638139,-739.3038942795222
1.75,0.65,1.5,120.0,30.0,15.0,67,12,-286.4198259206719,-148.85353312991472,-326.1424801816052,-18.229711071923212,-47.263477665201584,0,5,-826.9090279693165,-12.341925790586814,-739.4987123638139,-739.3038942795222
1.75,0.65,1.5,120.0,30.0,25.0,64,0,-11.314421289207445,-42.34323219475101,-448.2269115031754,109.10059174400666,124.96881744798819,2,5,-267.8151557951388,-4.184611809299044,-954.4048401896364,-954.2100221053446
1.75,0.65,1.5,120.0,30.0,25.0,64,2,-39.314421289207445,-64.34323219475101,-488.2269115031754,95.10059174400666,100.96881744798819,2,5,-395.8151557951388,-6.184611809299044,-954.4048401896364,-954.2100221053446
1.75,0.65,1.5,120.0,30.0,25.0,64,4,-67.31442128920744,-86.34323219475101,-528.2269115031754,81.10059174400666,76.96881744798819,2,5,-523.8151557951388,-8.184611809299044,-954.4048401896364,-954.2100221053446
1.75,0.65,1.5,120.0,30.0,25.0,64,6,-95.31442128920744,-108.34323219475101,-568.2269115031754,67.10059174400666,52.968817447988194,2,5,-651.8151557951388,-10.184611809299044,-954.4048401896364,-954.2100221053446
1.75,0.65,1.5,120.0,30.0,25.0,64,8,-123.31442128920744,-130.343232194751,-608.2269115031754,53.10059174400666,28.968817447988194,2,5,-779.8151557951388,-12.184611809299044,-954.4048401896364,-954.2100221053446
1.75,0.65,1.5,120.0,30.0,25.0,64,10,-151.31442128920744,-152.343232194751,-648.2269115031754,39.10059174400666,4.968817447988194,2,5,-907.8151557951388,-14.184611809299044,-954.4048401896364,-954.2100221053446
1.75,0.65,1.5,120.0,30.0,25.0,64,12,-179.31442128920744,-174.343232194751,-688.2269115031754,25.100591744006657,-19.031182552011806,1,5,-1035.8151557951387,-16.184611809299042,-954.4048401896364,-954.2100221053446
1.75,0.65,1.5,120.0,30.0,35.0,64,0,-113.35392849749641,5.28190301629796,-264.3168225426856,66.04889616652615,84.22855953237459,3,5,-222.11139232498317,-3.470490505077862,-944.288592342146,-962.4849019502236
1.75,0.65,1.5,120.0,30.0,35.0,64,2,-141.3539284974964,-16.71809698370204,-304.3168225426856,52.048896166526156,60.2285595323746,2,5,-350.11139232498317,-5.470490505077862,-944.288592342146,-962.4849019502236
1.75,0.65,1.5,120.0,30.0,35.0,64,4,-169.3539284974964,-38.71809698370204,-344.3168225426856,38.048896166526156,36.2285595323746,2,5,-478.11139232498317,-7.470490505077862,-944.288592342146,-962.4849019502236
1.75,0.65,1.5,120.0,30.0,35.0,64,6,-197.3539284974964,-60.71809698370204,-384.3168225426856,24.048896166526156,12.228559532374597,2,5,-606.1113923249832,-9.470490505077862,-944.288592342146,-962.4849019502236
1.75,0.65,1.5,120.0,30.0,35.0,64,8,-225.3539284974964,-82.71809698370204,-424.3168225426856,10.048896166526156,-11.771440467625403,1,5,-734.1113923249832,-11.470490505077862,-944.288592342146,-962.4849019502236
1.75,0.65,1.5,120.0,30.0,35.0,64,10,-253.3539284974964,-104.71809698370204,-464.3168225426856,-3.951103833473845,-35.7714404676254,0,5,-862.1113923249832,-13.470490505077862,-944.288592342146,-962.4849019502236
1.75,0.65,1.5,120.0,30.0,35.0,64,12,-281.35392849749644,-126.71809698370204,-504.3168225426856,-17.951103833473844,-59.7714404676254,0,5,-990.1113923249832,-15.470490505077862,-944.288592342146,-962.4849019502236
1.75,0.65,1.5,120.0,30.0,50.0,64,0,-219.25841492034402,54.89236295812613,-159.70472053826722,63.99236087027993,59.198908920885835,3,5,-200.87950270931924,-3.138742229833113,-923.0567027264822,-941.2530123345598
1.75,0.65,1.5,120.0,30.0,50.0,64,2,-247.25841492034402,32.89236295812613,-199.70472053826722,49.99236087027993,35.198908920885835,3,5,-328.87950270931924,-5.138742229833113,-923.0567027264822,-941.2530123345598
1.75,0.65,1.5,120.0,30.0,50.0,64,4,-275.258414920344,10.892362958126128,-239.70472053826722,35.99236087027993,11.198908920885835,3,5,-456.87950270931924,-7.138742229833113,-923.0567027264822,-941.2530123345598
1.75,0.65,1.5,120.0,30.0,50.0,64,6,-303.258414920344,-11.107637041873872,-279.7047205382672,21.99236087027993,-12.801091079114165,1,5,-584.8795027093192,-9.138742229833113,-923.0567027264822,-941.2530123345598
1.75,0.65,1.5,120.0,30.0,50.0,64,8,-331.258414920344,-33.10763704187387,-319.7047205382672,7.992360870279931,-36.801091079114165,1,5,-712.8795027093192,-11.138742229833113,-923.0567027264822,-941.2530123345598
1.75,0.65,1.5,120.0,30.0,50.0,64,10,-359.258414920344,-55.10763704187387,-359.7047205382672,-6.007639129720069,-60.801091079114165,0,5,-840.8795027093192,-13.138742229833113,-923.0567027264822,-941.2530123345598
1.75,0.65,1.5,120.0,30.0,50.0,64,12,-387.258414920344,-77.10763704187387,-399.7047205382672,-20.00763912972007,-84.80109107911417,0,5,-968.8795027093192,-15.138742229833113,-923.0567027264822,-941.2530123345598
1.75,0.65,1.5,120.0,40.0,15.0,67,0,-137.32064320983972,-29.982208783739964,-229.14658021117282,107.75714287752265,61.183431302282244,2,5,-227.50885802494759,-3.3956545973872774,-973.644791425856,-955.2716667409036
1.75,0.65,1.5,120.0,40.0,15.0,67,2,-165.32064320983972,-51.982208783739964,-273.1465802111728,93.75714287752265,35.183431302282244,2,5,-361.5088580249476,-5.395654597387278,-973.644791425856,-955.2716667409036
1.75,0.65,1.5,120.0,40.0,15.0,67,4,-193.32064320983972,-73.98220878373996,-317.1465802111728,79.75714287752265,9.183431302282244,2,5,-495.5088580249476,-7.395654597387278,-973.644791425856,-955.2716667409036
1.75,0.65,1.5,120.0,40.0,15.0,67,6,-221.32064320983972,-95.98220878373996,-361.1465802111728,65.75714287752265,-16.816568697717756,1,5,-629.5088580249476,-9.395654597387278,-973.644791425856,-955.2716667409036
1.75,0.65,1.5,120.0,40.0,15.0,67,8,-249.32064320983972,-117.98220878373996,-405.1465802111728,51.757142877522654,-42.816568697717756,1,5,-763.5088580249476,-11.395654597387278,-973.644791425856,-955.2716667409036
1.75,0.65,1.5,120.0,40.0,15.0,67,10,-277.3206432098397,-139.98220878373996,-449.1465802111728,37.757142877522654,-68.81656869771776,1,5,-897.5088580249476,-13.395654597387278,-973.644791425856,-955.2716667409036
1.75,0.65,1.5,120.0,40.0,15.0,67,12,-305.3206432098397,-161.98220878373996,-493.1465802111728,23.757142877522654,-94.81656869771776,1,5,-1031.5088580249476,-15.395654597387278,-973.644791425856,-955.2716667409036
1.75,0.65,1.5,120.0,40.0,25.0,64,0,-89.69077585486224,-55.47190784857628,-608.3647354437861,151.08744569345254,156.3581930405805,2,5,-446.0817804131916,-6.970027818956119,-1168.897910034227,-1174.6219262318514
1.75,0.65,1.5,120.0,40.0,25.0,64,2,-117.69077585486224,-77.47190784857628,-648.3647354437861,137.08744569345254,132.3581930405805,2,5,-574.0817804131916,-8.970027818956119,-1168.897910034227,-1174.6219262318514
1.75,0.65,1.5,120.0,40.0,25.0,64,4,-145.69077585486224,-99.47190784857628,-688.3647354437861,123.08744569345254,108.35819304058049,2,5,-702.0817804131916,-10.970027818956119,-1168.897910034227,-1174.6219262318514
1.75,0.65,1.5,120.0,40.0,25.0,64,6,-173.69077585486224,-121.47190784857628,-728.3647354437861,109.08744569345254,84.35819304058049,2,5,-830.0817804131916,-12.970027818956119,-1168.897910034227,-1174.6219262318514
1.75,0.65,1.5,120.0,40.0,25.0,64,8,-201.69077585486224,-143.47190784857628,-768.3647354437861,95.08744569345254,60.35819304058048,2,5,-958.0817804131916,-14.970027818956119,-1168.897910034227,-1174.6219262318514
1.75,0.65,1.5,120.0,40.0,25.0,64,10,-229.69077585486224,-165.47190784857628,-808.3647354437861,81.08744569345254,36.35819304058048,2,5,-1086.0817804131916,-16.97002781895612,-1168.897910034227,-1174.6219262318514
1.75,0.65,1.5,120.0,40.0,25.0,64,12,-257.69077585486224,-187.47190784857628,-848.3647354437861,67.08744569345254,12.358193040580481,2,5,-1214.0817804131916,-18.97002781895612,-1168.897910034227,-1174.6219262318514
1.75,0.65,1.5,120.0,40.0,35.0,64,0,-214.96239074390274,18.3242617501962,-446.18913933814986,108.03575011597204,99.99149921990627,3,5,-434.80001899597823,-6.79375029681216,-1157.6161486170136,-1233.1095654117078
1.75,0.65,1.5,120.0,40.0,35.0,64,2,-242.96239074390274,-3.6757382498038,-486.18913933814986,94.03575011597204,75.99149921990627,2,5,-562.8000189959782,-8.79375029681216,-1157.6161486170136,-1233.1095654117078
1.75,0.65,1.5,120.0,40.0,35.0,64,4,-270.96239074390274,-25.6757382498038,-526.1891393381499,80.03575011597204,51.99149921990627,2,5,-690.8000189959782,-10.79375029681216,-1157.6161486170136,-1233.1095654117078
1.75,0.65,1.5,120.0,40.0,35.0,64,6,-298.96239074390274,-47.6757382498038,-566.1891393381499,66.03575011597204,27.991499219906267,2,5,-818.8000189959782,-12.79375029681216,-1157.6161486170136,-1233.1095654117078
1.75,0.65,1.5,120.0,40.0,35.0,64,8,-326.96239074390274,-69.6757382498038,-606.1891393381499,52.03575011597203,3.9914992199062667,2,5,-946.8000189959782,-14.79375029681216,-1157.6161486170136,-1233.1095654117078
1.75,0.65,1.5,120.0,40.0,35.0,64,10,-354.96239074390274,-91.6757382498038,-646.1891393381499,38.03575011597203,-20.008500780093733,1,5,-1074.8000189959782,-16.79375029681216,-1157.6161486170136,-1233.1095654117078
1.75,0.65,1.5,120.0,40.0,35.0,64,12,-382.96239074390274,-113.6757382498038,-686.1891393381499,24.03575011597203,-44.00850078009373,1,5,-1202.8000189959782,-18.79375029681216,-1157.6161486170136,-1233.1095654117078
1.75,0.65,1.5,120.0,40.0,50.0,64,0,-354.0482613229973,82.06934482102827,-169.84144853330798,105.9792148197258,168.40262979120814,3,5,-167.4385204243431,-2.616226881630361,-932.2116784620864,-965.7480668400726
1.75,0.65,1.5,120.0,40.0,50.0,64,2,-382.0482613229973,60.06934482102827,-209.84144853330798,91.9792148197258,144.40262979120814,3,5,-295.4385204243431,-4.616226881630361,-932.2116784620864,-965.7480668400726
1.75,0.65,1.5,120.0,40.0,50.0,64,4,-410.0482613229973,38.06934482102827,-249.84144853330798,77.9792148197258,120.40262979120814,3,5,-423.4385204243431,-6.616226881630361,-932.2116784620864,-965.7480668400726
1.75,0.65,1.5,120.0,40.0,50.0,64,6,-438.0482613229973,16.069344821028267,-289.841448533308,63.97921481972579,96.40262979120814,3,5,-551.4385204243431,-8.61622688163036,-932.2116784620864,-965.7480668400726
1.75,0.65,1.5,120.0,40.0,50.0,64,8,-466.0482613229973,-5.930655178971733,-329.841448533308,49.97921481972579,72.40262979120814,2,5,-679.4385204243431,-10.61622688163036,-932.2116784620864,-965.7480668400726
1.75,0.65,1.5,120.0,40.0,50.0,64,10,-494.0482613229973,-27.930655178971733,-369.841448533308,35.97921481972579,48.402629791208135,2,5,-807.4385204243431,-12.61622688163036,-932.2116784620864,-965.7480668400726
1.75,0.65,1.5,120.0,40.0,50.0,64,12,-522.0482613229973,-49.93065517897173,-409.841448533308,21.97921481972579,24.402629791208135,2,5,-935.4385204243431,-14.61622688163036,-932.2116784620864,-965.7480668400726
1.75,0.65,1.5,120.0,60.0,15.0,65,0,-144.79678175862244,10.597564514851484,-304.2576627861879,177.19739162171442,44.819527883600074,3,5,-216.43996052464433,-3.3298455465329897,-1002.9300882829976,-924.2027692406002
1.75,0.65,1.5,120.0,60.0,15.0,65,2,-170.79678175862244,-9.402435485148516,-348.2576627861879,163.19739162171442,18.819527883600074,2,5,-346.43996052464433,-5.32984554653299,-1002.9300882829976,-924.2027692406002
1.75,0.65,1.5,120.0,60.0,15.0,65,4,-196.79678175862244,-29.402435485148516,-392.2576627861879,149.19739162171442,-7.180472116399926,1,5,-476.43996052464433,-7.32984554653299,-1002.9300882829976,-924.2027692406002
1.75,0.65,1.5,120.0,60.0,15.0,65,6,-222.79678175862244,-49.402435485148516,-436.2576627861879,135.19739162171442,-33.180472116399926,1,5,-606.4399605246443,-9.32984554653299,-1002.9300882829976,-924.2027692406002
1.75,0.65,1.5,120.0,60.0,15.0,65,8,-248.79678175862244,-69.40243548514852,-480.2576627861879,121.19739162171442,-59.180472116399926,1,5,-736.4399605246443,-11.32984554653299,-1002.9300882829976,-924.2027692406002
1.75,0.65,1.5,120.0,60.0,15.0,65,10,-274.79678175862244,-89.40243548514852,-524.2576627861879,107.19739162171442,-85.18047211639993,1,5,-866.4399605246443,-13.32984554653299,-1002.9300882829976,-924.2027692406002
1.75,0.65,1.5,120.0,60.0,15.0,65,12,-300.79678175862244,-109.40243548514852,-568.2576627861879,93.19739162171442,-111.18047211639993,1,5,-996.4399605246443,-15.32984554653299,-1002.9300882829976,-924.2027692406002
1.75,0.65,1.5,120.0,60.0,25.0,62,0,-44.06950322781125,-14.892134549984846,-610.8134194412055,193.40962199313083,241.76934910151743,2,5,-234.59608612435318,-3.7838078407153737,-981.5004142617976,-912.3588948403092
1.75,0.65,1.5,120.0,60.0,25.0,62,2,-70.06950322781125,-34.892134549984846,-650.8134194412055,179.40962199313083,217.76934910151743,2,5,-358.5960861243532,-5.783807840715374,-981.5004142617976,-912.3588948403092
1.75,0.65,1.5,120.0,60.0,25.0,62,4,-96.06950322781125,-54.892134549984846,-690.8134194412055,165.40962199313083,193.76934910151743,2,5,-482.5960861243532,-7.783807840715374,-981.5004142617976,-912.3588948403092
1.75,0.65,1.5,120.0,60.0,25.0,62,6,-122.06950322781125,-74.89213454998485,-730.8134194412055,151.40962199313083,169.76934910151743,2,5,-606.5960861243532,-9.783807840715374,-981.5004142617976,-912.3588948403092
1.75,0.65,1.5,120.0,60.0,25.0,62,8,-148.06950322781125,-94.89213454998485,-770.8134194412055,137.40962199313083,145.76934910151743,2,5,-730.5960861243532,-11.783807840715374,-981.5004142617976,-912.3588948403092
1.75,0.65,1.5,120.0,60.0,25.0,62,10,-174.06950322781125,-114.89213454998485,-810.8134194412055,123.40962199313084,121.76934910151743,2,5,-854.5960861243532,-13.783807840715374,-981.5004142617976,-912.3588948403092
1.75,0.65,1.5,120.0,60.0,25.0,62,12,-200.06950322781125,-134.89213454998486,-850.8134194412055,109.40962199313084,97.76934910151743,2,5,-978.5960861243532,-15.783807840715374,-981.5004142617976,-912.3588948403092
1.75,0.65,1.5,120.0,60.0,35.0,62,0,-156.47888123083538,50.27876035701796,-428.36276336902847,150.3579264156503,185.40265528084325,3,5,-198.8023025463524,-3.2064887507476194,-950.1176861029404,-950.4744919636466
1.75,0.65,1.5,120.0,60.0,35.0,62,2,-182.47888123083538,30.27876035701796,-468.36276336902847,136.3579264156503,161.40265528084325,3,5,-322.8023025463524,-5.206488750747619,-950.1176861029404,-950.4744919636466
1.75,0.65,1.5,120.0,60.0,35.0,62,4,-208.47888123083538,10.278760357017958,-508.36276336902847,122.3579264156503,137.40265528084325,3,5,-446.8023025463524,-7.206488750747619,-950.1176861029404,-950.4744919636466
1.75,0.65,1.5,120.0,60.0,35.0,62,6,-234.47888123083538,-9.721239642982042,-548.3627633690285,108.3579264156503,113.40265528084325,2,5,-570.8023025463524,-9.206488750747619,-950.1176861029404,-950.4744919636466
1.75,0.65,1.5,120.0,60.0,35.0,62,8,-260.4788812308354,-29.72123964298204,-588.3627633690285,94.3579264156503,89.40265528084325,2,5,-694.8023025463524,-11.206488750747619,-950.1176861029404,-950.4744919636466
1.75,0.65,1.5,120.0,60.0,35.0,62,10,-286.4788812308354,-49.72123964298204,-628.3627633690285,80.3579264156503,65.40265528084325,2,5,-818.8023025463524,-13.206488750747619,-950.1176861029404,-950.4744919636466
1.75,0.65,1.5,120.0,60.0,35.0,62,12,-312.4788812308354,-69.72123964298204,-668.3627633690285,66.3579264156503,41.40265528084325,2,5,-942.8023025463524,-15.206488750747619,-950.1176861029404,-950.4744919636466
1.75,0.65,1.5,120.0,60.0,50.0,62,0,-308.4175537841222,197.82931226455804,-124.3849862177023,148.3013911194041,275.3873114976908,3,5,188.71547487982838,3.0437979819327157,-603.8536567719376,-562.9567145374658
1.75,0.65,1.5,120.0,60.0,50.0,62,2,-334.4175537841222,177.82931226455804,-164.3849862177023,134.3013911194041,251.3873114976908,3,5,64.71547487982838,1.0437979819327157,-603.8536567719376,-562.9567145374658
1.75,0.65,1.5,120.0,60.0,50.0,62,4,-360.4175537841222,157.82931226455804,-204.3849862177023,120.30139111940409,227.3873114976908,3,5,-59.28452512017162,-0.9562020180672842,-603.8536567719376,-562.9567145374658
1.75,0.65,1.5,120.0,60.0,50.0,62,6,-386.4175537841222,137.82931226455804,-244.3849862177023,106.30139111940409,203.3873114976908,3,5,-183.28452512017162,-2.9562020180672843,-603.8536567719376,-562.9567145374658
1.75,0.65,1.5,120.0,60.0,50.0,62,8,-412.4175537841222,117.82931226455806,-284.3849862177023,92.30139111940409,179.3873114976908,3,5,-307.2845251201716,-4.956202018067284,-603.8536567719376,-562.9567145374658
1.75,0.65,1.5,120.0,60.0,50.0,62,10,-438.4175537841222,97.82931226455806,-324.3849862177023,78.30139111940409,155.3873114976908,3,5,-431.2845251201716,-6.956202018067284,-603.8536567719376,-562.9567145374658
1.75,0.65,1.5,120.0,60.0,50.0,62,12,-464.4175537841222,77.82931226455806,-364.3849862177023,64.30139111940409,131.3873114976908,3,5,-555.2845251201716,-8.956202018067284,-603.8536567719376,-562.9567145374658
1.75,0.65,2.0,60.0,20.0,15.0,155,0,-3.612035768943599,-67.65837299133722,3.512034797089484,82.01174099503707,3.296887780685097,3,5,17.550254812530966,0.11322745040342559,-1572.5862718696826,-1560.2810785287638
1.75,0.65,2.0,60.0,20.0,15.0,155,2,-65.6120357689436,-127.65837299133722,-88.48796520291052,50.01174099503707,-60.7031122193149,1,5,-292.44974518746903,-1.8867725495965744,-1572.5862718696826,-1560.2810785287638
1.75,0.65,2.0,60.0,20.0,15.0,155,4,-127.6120357689436,-187.65837299133722,-180.48796520291052,18.011740995037073,-124.7031122193149,1,5,-602.449745187469,-3.8867725495965746,-1572.5862718696826,-1560.2810785287638
1.75,0.65,2.0,60.0,20.0,15.0,155,6,-189.6120357689436,-247.65837299133722,-272.4879652029105,-13.988259004962927,-188.7031122193149,0,5,-912.449745187469,-5.886772549596574,-1572.5862718696826,-1560.2810785287638
1.75,0.65,2.0,60.0,20.0,15.0,155,8,-251.6120357689436,-307.6583729913372,-364.4879652029105,-45.98825900496293,-252.7031122193149,0,5,-1222.449745187469,-7.886772549596574,-1572.5862718696826,-1560.2810785287638
1.75,0.65,2.0,60.0,20.0,15.0,155,10,-313.6120357689436,-367.6583729913372,-456.4879652029105,-77.98825900496293,-316.7031122193149,0,5,-1532.449745187469,-9.886772549596575,-1572.5862718696826,-1560.2810785287638
1.75,0.65,2.0,60.0,20.0,15.0,155,12,-375.6120357689436,-427.6583729913372,-548.4879652029106,-109.98825900496293,-380.7031122193149,0,5,-1842.449745187469,-11.886772549596575,-1572.5862718696826,-1560.2810785287638
1.75,0.65,2.0,60.0,20.0,25.0,150,0,99.95636587887839,-57.81574042397148,-325.95846503671623,55.670587752528505,-67.18744757554686,2,5,-295.3346994048279,-1.9688979960321862,-1841.3499884359023,-1823.1660327461227
1.75,0.65,2.0,60.0,20.0,25.0,150,2,37.95636587887839,-117.81574042397148,-413.95846503671623,23.670587752528505,-125.18744757554686,2,5,-595.3346994048279,-3.968897996032186,-1841.3499884359023,-1823.1660327461227
1.75,0.65,2.0,60.0,20.0,25.0,150,4,-24.043634121121613,-177.81574042397148,-501.95846503671623,-8.329412247471495,-183.18744757554686,0,5,-895.3346994048279,-5.968897996032186,-1841.3499884359023,-1823.1660327461227
1.75,0.65,2.0,60.0,20.0,25.0,150,6,-86.04363412112161,-237.81574042397148,-589.9584650367162,-40.329412247471495,-241.18744757554686,0,5,-1195.334699404828,-7.968897996032186,-1841.3499884359023,-1823.1660327461227
1.75,0.65,2.0,60.0,20.0,25.0,150,8,-148.0436341211216,-297.8157404239715,-677.9584650367162,-72.3294122474715,-299.18744757554686,0,5,-1495.334699404828,-9.968897996032187,-1841.3499884359023,-1823.1660327461227
1.75,0.65,2.0,60.0,20.0,25.0,150,10,-210.0436341211216,-357.8157404239715,-765.9584650367162,-104.3294122474715,-357.18744757554686,0,5,-1795.334699404828,-11.968897996032187,-1841.3499884359023,-1823.1660327461227
1.75,0.65,2.0,60.0,20.0,25.0,150,12,-272.0436341211216,-417.8157404239715,-853.9584650367162,-136.3294122474715,-415.18744757554686,0,5,-2095.334699404828,-13.968897996032187,-1841.3499884359023,-1823.1660327461227
1.75,0.65,2.0,60.0,20.0,35.0,149,0,121.01627002830648,48.73973074996832,-313.0837074963574,38.26991946165532,-24.77094549745442,3,5,-129.82873275388192,-0.8713337768716908,-1665.8440217849566,-1666.682566881465
1.75,0.65,2.0,60.0,20.0,35.0,149,2,59.01627002830648,-11.260269250031683,-401.0837074963574,6.26991946165532,-80.77094549745442,2,5,-427.8287327538819,-2.871333776871691,-1665.8440217849566,-1666.682566881465
1.75,0.65,2.0,60.0,20.0,35.0,149,4,-2.9837299716935206,-71.26026925003168,-489.0837074963574,-25.73008053834468,-136.77094549745442,0,5,-725.8287327538819,-4.8713337768716904,-1665.8440217849566,-1666.682566881465
1.75,0.65,2.0,60.0,20.0,35.0,149,6,-64.98372997169352,-131.26026925003168,-577.0837074963574,-57.73008053834468,-192.77094549745442,0,5,-1023.8287327538819,-6.8713337768716904,-1665.8440217849566,-1666.682566881465
1.75,0.65,2.0,60.0,20.0,35.0,149,8,-126.98372997169352,-191.26026925003168,-665.0837074963574,-89.73008053834468,-248.77094549745442,0,5,-1321.828732753882,-8.87133377687169,-1665.8440217849566,-1666.682566881465
1.75,0.65,2.0,60.0,20.0,35.0,149,10,-188.98372997169352,-251.26026925003168,-753.0837074963574,-121.73008053834468,-304.7709454974544,0,5,-1619.828732753882,-10.87133377687169,-1665.8440217849566,-1666.682566881465
1.75,0.65,2.0,60.0,20.0,35.0,149,12,-250.98372997169352,-311.2602692500317,-841.0837074963574,-153.73008053834468,-360.7709454974544,0,5,-1917.828732753882,-12.87133377687169,-1665.8440217849566,-1666.682566881465
1.75,0.65,2.0,60.0,20.0,50.0,147,0,45.42637901540667,25.7770520207917,-231.1091970976786,-12.977305279744542,-144.81428963770793,2,5,-317.6973609789329,-2.1612065372716525,-1833.712650010008,-1834.551195106516
1.75,0.65,2.0,60.0,20.0,50.0,147,2,-14.573620984593333,-34.2229479792083,-317.1091970976786,-44.97730527974454,-200.81428963770793,0,5,-611.6973609789329,-4.161206537271653,-1833.712650010008,-1834.551195106516
1.75,0.65,2.0,60.0,20.0,50.0,147,4,-74.57362098459333,-94.2229479792083,-403.1091970976786,-76.97730527974454,-256.81428963770793,0,5,-905.6973609789329,-6.161206537271653,-1833.712650010008,-1834.551195106516
1.75,0.65,2.0,60.0,20.0,50.0,147,6,-134.57362098459333,-154.2229479792083,-489.1091970976786,-108.97730527974454,-312.81428963770793,0,5,-1199.697360978933,-8.161206537271653,-1833.712650010008,-1834.551195106516
1.75,0.65,2.0,60.0,20.0,50.0,147,8,-194.57362098459333,-214.2229479792083,-575.1091970976786,-140.97730527974454,-368.81428963770793,0,5,-1493.697360978933,-10.161206537271653,-1833.712650010008,-1834.551195106516
1.75,0.65,2.0,60.0,20.0,50.0,147,10,-254.57362098459333,-274.2229479792083,-661.1091970976786,-172.97730527974454,-424.81428963770793,0,5,-1787.697360978933,-12.161206537271653,-1833.712650010008,-1834.551195106516
1.75,0.65,2.0,60.0,20.0,50.0,147,12,-314.57362098459333,-334.2229479792083,-747.1091970976786,-204.97730527974454,-480.81428963770793,0,5,-2081.697360978933,-14.161206537271653,-1833.712650010008,-1834.551195106516
1.75,0.65,2.0,60.0,30.0,15.0,155,0,-110.24120650619761,-38.95185453886768,-31.05007131969097,-23.186350247383757,-30.596592610790594,0,5,-234.02607522293056,-1.509845646599552,-1847.5929720596755,-1810.998941737486
1.75,0.65,2.0,60.0,30.0,15.0,155,2,-172.2412065061976,-98.95185453886768,-123.05007131969097,-55.18635024738376,-94.5965926107906,0,5,-544.0260752229306,-3.509845646599552,-1847.5929720596755,-1810.998941737486
1.75,0.65,2.0,60.0,30.0,15.0,155,4,-234.2412065061976,-158.95185453886768,-215.05007131969097,-87.18635024738376,-158.5965926107906,0,5,-854.0260752229306,-5.509845646599552,-1847.5929720596755,-1810.998941737486
1.75,0.65,2.0,60.0,30.0,15.0,155,6,-296.2412065061976,-218.95185453886768,-307.05007131969097,-119.18635024738376,-222.5965926107906,0,5,-1164.0260752229306,-7.509845646599552,-1847.5929720596755,-1810.998941737486
1.75,0.65,2.0,60.0,30.0,15.0,155,8,-358.2412065061976,-278.9518545388677,-399.05007131969097,-151.18635024738376,-286.5965926107906,0,5,-1474.0260752229306,-9.509845646599551,-1847.5929720596755,-1810.998941737486
1.75,0.65,2.0,60.0,30.0,15.0,155,10,-420.2412065061976,-338.9518545388677,-491.05007131969097,-183.18635024738376,-350.5965926107906,0,5,-1784.0260752229306,-11.509845646599551,-1847.5929720596755,-1810.998941737486
1.75,0.65,2.0,60.0,30.0,15.0,155,12,-482.2412065061976,-398.9518545388677,-583.0500713196909,-215.18635024738376,-414.5965926107906,0,5,-2094.0260752229306,-13.509845646599551,-1847.5929720596755,-1810.998941737486
1.75,0.65,2.0,60.0,30.0,25.0,150,0,0.020136173883884112,-61.07485173370941,-485.584239796386,-9.796001701431493,-11.772590391893857,1,5,-568.2075474495364,-3.7880503163302426,-2131.774444286281,-2098.02155351402
1.75,0.65,2.0,60.0,30.0,25.0,150,2,-61.979863826116116,-121.07485173370941,-573.584239796386,-41.79600170143149,-69.77259039189386,0,5,-868.2075474495364,-5.788050316330242,-2131.774444286281,-2098.02155351402
1.75,0.65,2.0,60.0,30.0,25.0,150,4,-123.97986382611612,-181.0748517337094,-661.584239796386,-73.79600170143149,-127.77259039189386,0,5,-1168.2075474495364,-7.788050316330242,-2131.774444286281,-2098.02155351402
1.75,0.65,2.0,60.0,30.0,25.0,150,6,-185.97986382611612,-241.0748517337094,-749.584239796386,-105.79600170143149,-185.77259039189386,0,5,-1468.2075474495364,-9.788050316330242,-2131.774444286281,-2098.02155351402
1.75,0.65,2.0,60.0,30.0,25.0,150,8,-247.97986382611612,-301.0748517337094,-837.584239796386,-137.7960017014315,-243.77259039189386,0,5,-1768.2075474495364,-11.788050316330242,-2131.774444286281,-2098.02155351402
1.75,0.65,2.0,60.0,30.0,25.0,150,10,-309.9798638261161,-361.0748517337094,-925.584239796386,-169.7960017014315,-301.77259039189386,0,5,-2068.2075474495364,-13.788050316330242,-2131.774444286281,-2098.02155351402
1.75,0.65,2.0,60.0,30.0,25.0,150,12,-371.9798638261161,-421.0748517337094,-1013.584239796386,-201.7960017014315,-359.77259039189386,0,5,-2368.2075474495364,-15.788050316330242,-2131.774444286281,-2098.02155351402
1.75,0.65,2.0,60.0,30.0,35.0,149,0,-88.00870921940731,101.78318529121299,-380.4199818080299,-15.740513693175728,22.190363093374515,2,5,-360.1956563360252,-2.417420512322317,-1940.149028013394,-1922.954480486148
1.75,0.65,2.0,60.0,30.0,35.0,149,2,-150.0087092194073,41.78318529121299,-468.4199818080299,-47.74051369317573,-33.809636906625485,1,5,-658.1956563360252,-4.417420512322317,-1940.149028013394,-1922.954480486148
1.75,0.65,2.0,60.0,30.0,35.0,149,4,-212.0087092194073,-18.216814708787012,-556.4199818080299,-79.74051369317573,-89.80963690662549,0,5,-956.1956563360252,-6.417420512322317,-1940.149028013394,-1922.954480486148
1.75,0.65,2.0,60.0,30.0,35.0,149,6,-274.0087092194073,-78.21681470878701,-644.4199818080299,-111.74051369317573,-145.80963690662549,0,5,-1254.1956563360252,-8.417420512322316,-1940.149028013394,-1922.954480486148
1.75,0.65,2.0,60.0,30.0,35.0,149,8,-336.0087092194073,-138.216814708787,-732.4199818080299,-143.74051369317573,-201.80963690662549,0,5,-1552.1956563360252,-10.417420512322316,-1940.149028013394,-1922.954480486148
1.75,0.65,2.0,60.0,30.0,35.0,149,10,-398.0087092194073,-198.216814708787,-820.4199818080299,-175.74051369317573,-257.8096369066255,0,5,-1850.1956563360252,-12.417420512322316,-1940.149028013394,-1922.954480486148
1.75,0.65,2.0,60.0,30.0,35.0,149,12,-460.0087092194073,-258.216814708787,-908.4199818080299,-207.74051369317573,-313.8096369066255,0,5,-2148.1956563360254,-14.417420512322318,-1940.149028013394,-1922.954480486148
1.75,0.65,2.0,60.0,30.0,50.0,147,0,-200.9457351617205,72.36775738803033,-291.4143287128056,-12.2427689702497,-51.00356996373199,1,5,-483.23864542047727,-3.287337723948825,-2043.1920170978456,-2025.9974695706
1.75,0.65,2.0,60.0,30.0,50.0,147,2,-260.9457351617205,12.367757388030327,-377.4143287128056,-44.2427689702497,-107.00356996373199,1,5,-777.2386454204773,-5.287337723948825,-2043.1920170978456,-2025.9974695706
1.75,0.65,2.0,60.0,30.0,50.0,147,4,-320.9457351617205,-47.63224261196967,-463.4143287128056,-76.2427689702497,-163.003569963732,0,5,-1071.2386454204773,-7.287337723948825,-2043.1920170978456,-2025.9974695706
1.75,0.65,2.0,60.0,30.0,50.0,147,6,-380.9457351617205,-107.63224261196967,-549.4143287128056,-108.2427689702497,-219.003569963732,0,5,-1365.2386454204773,-9.287337723948825,-2043.1920170978456,-2025.9974695706
1.75,0.65,2.0,60.0,30.0,50.0,147,8,-440.9457351617205,-167.63224261196967,-635.4143287128056,-140.2427689702497,-275.003569963732,0,5,-1659.2386454204773,-11.287337723948825,-2043.1920170978456,-2025.9974695706
1.75,0.65,2.0,60.0,30.0,50.0,147,10,-500.9457351617205,-227.63224261196967,-721.4143287128056,-172.2427689702497,-331.003569963732,0,5,-1953.2386454204773,-13.287337723948825,-2043.1920170978456,-2025.9974695706
1.75,0.65,2.0,60.0,30.0,50.0,147,12,-560.9457351617204,-287.6322426119697,-807.4143287128056,-204.2427689702497,-387.003569963732,0,5,-2247.238645420477,-15.287337723948824,-2043.1920170978456,-2025.9974695706
1.75,0.65,2.0,60.0,40.0,15.0,155,0,-195.0709688485066,-68.09189141561552,-211.7892955478569,23.31403233071461,-11.971922022296894,1,5,-463.61004550356074,-2.991032551635876,-2102.167192764304,-2071.7268476663
1.75,0.65,2.0,60.0,40.0,15.0,155,2,-257.0709688485066,-128.09189141561552,-303.7892955478569,-8.68596766928539,-75.9719220222969,0,5,-773.6100455035607,-4.991032551635875,-2102.167192764304,-2071.7268476663
1.75,0.65,2.0,60.0,40.0,15.0,155,4,-319.0709688485066,-188.09189141561552,-395.7892955478569,-40.68596766928539,-139.9719220222969,0,5,-1083.6100455035607,-6.991032551635875,-2102.167192764304,-2071.7268476663
1.75,0.65,2.0,60.0,40.0,15.0,155,6,-381.0709688485066,-248.09189141561552,-487.7892955478569,-72.68596766928539,-203.9719220222969,0,5,-1393.6100455035607,-8.991032551635875,-2102.167192764304,-2071.7268476663
1.75,0.65,2.0,60.0,40.0,15.0,155,8,-443.0709688485066,-308.0918914156155,-579.7892955478569,-104.68596766928539,-267.9719220222969,0,5,-1703.6100455035607,-10.991032551635875,-2102.167192764304,-2071.7268476663
1.75,0.65,2.0,60.0,40.0,15.0,155,10,-505.0709688485066,-368.0918914156155,-671.7892955478569,-136.6859676692854,-331.9719220222969,0,5,-2013.6100455035607,-12.991032551635875,-2102.167192764304,-2071.7268476663
1.75,0.65,2.0,60.0,40.0,15.0,155,12,-567.0709688485066,-428.0918914156155,-763.7892955478569,-168.6859676692854,-395.9719220222969,0,5,-2323.6100455035607,-14.991032551635875,-2102.167192764304,-2071.7268476663
1.75,0.65,2.0,60.0,40.0,25.0,150,0,-120.63102094921493,-77.36234812180089,-708.7139904518529,17.809686723879253,47.88455609905259,2,5,-841.0131166999367,-5.606754111332911,-2429.57026396068,-2399.129918862676
1.75,0.65,2.0,60.0,40.0,25.0,150,2,-182.63102094921493,-137.3623481218009,-796.7139904518529,-14.190313276120747,-10.115443900947412,0,5,-1141.0131166999367,-7.606754111332911,-2429.57026396068,-2399.129918862676
1.75,0.65,2.0,60.0,40.0,25.0,150,4,-244.63102094921493,-197.3623481218009,-884.7139904518529,-46.19031327612075,-68.11544390094741,0,5,-1441.0131166999367,-9.606754111332911,-2429.57026396068,-2399.129918862676
1.75,0.65,2.0,60.0,40.0,25.0,150,6,-306.6310209492149,-257.3623481218009,-972.7139904518529,-78.19031327612075,-126.11544390094741,0,5,-1741.0131166999367,-11.606754111332911,-2429.57026396068,-2399.129918862676
1.75,0.65,2.0,60.0,40.0,25.0,150,8,-368.6310209492149,-317.3623481218009,-1060.7139904518529,-110.19031327612075,-184.1154439009474,0,5,-2041.0131166999367,-13.606754111332911,-2429.57026396068,-2399.129918862676
1.75,0.65,2.0,60.0,40.0,25.0,150,10,-430.6310209492149,-377.3623481218009,-1148.7139904518529,-142.19031327612075,-242.1154439009474,0,5,-2341.0131166999367,-15.606754111332911,-2429.57026396068,-2399.129918862676
1.75,0.65,2.0,60.0,40.0,25.0,150,12,-492.6310209492149,-437.3623481218009,-1236.7139904518529,-174.19031327612075,-300.1154439009474,0,5,-2641.0131166999367,-17.60675411133291,-2429.57026396068,-2399.129918862676
1.75,0.65,2.0,60.0,40.0,35.0,149,0,-233.76751354865087,52.124704635997574,-634.4867871774552,30.93508273763868,91.66565230321356,3,5,-693.5288610492562,-4.654556114424539,-2326.961672748116,-2274.783394499003
1.75,0.65,2.0,60.0,40.0,35.0,149,2,-295.76751354865087,-7.875295364002426,-722.4867871774552,-1.0649172623613197,35.66565230321356,1,5,-991.5288610492562,-6.654556114424539,-2326.961672748116,-2274.783394499003
1.75,0.65,2.0,60.0,40.0,35.0,149,4,-357.76751354865087,-67.87529536400243,-810.4867871774552,-33.06491726236132,-20.334347696786438,0,5,-1289.5288610492562,-8.654556114424539,-2326.961672748116,-2274.783394499003
1.75,0.65,2.0,60.0,40.0,35.0,149,6,-419.76751354865087,-127.87529536400243,-898.4867871774552,-65.06491726236132,-76.33434769678644,0,5,-1587.5288610492562,-10.654556114424539,-2326.961672748116,-2274.783394499003
1.75,0.65,2.0,60.0,40.0,35.0,149,8,-481.76751354865087,-187.87529536400243,-986.4867871774552,-97.06491726236132,-132.33434769678644,0,5,-1885.5288610492562,-12.654556114424539,-2326.961672748116,-2274.783394499003
1.75,0.65,2.0,60.0,40.0,35.0,149,10,-543.7675135486509,-247.87529536400243,-1074.4867871774552,-129.06491726236132,-188.33434769678644,0,5,-2183.528861049256,-14.654556114424539,-2326.961672748116,-2274.783394499003
1.75,0.65,2.0,60.0,40.0,35.0,149,12,-605.7675135486509,-307.87529536400245,-1162.4867871774552,-161.06491726236132,-244.33434769678644,0,5,-2481.528861049256,-16.654556114424537,-2326.961672748116,-2274.783394499003
1.75,0.65,2.0,60.0,40.0,50.0,147,0,-286.57499357125414,22.70927673281483,-426.20203364362237,34.432827460564724,18.471719246107114,3,5,-637.1632037753898,-4.3344435630978895,-2232.422792805622,-2179.9220279255123
1.75,0.65,2.0,60.0,40.0,50.0,147,2,-346.57499357125414,-37.29072326718517,-512.2020336436224,2.4328274605647238,-37.528280753892886,1,5,-931.1632037753898,-6.3344435630978895,-2232.422792805622,-2179.9220279255123
1.75,0.65,2.0,60.0,40.0,50.0,147,4,-406.57499357125414,-97.29072326718517,-598.2020336436224,-29.567172539435276,-93.52828075389289,0,5,-1225.1632037753898,-8.33444356309789,-2232.422792805622,-2179.9220279255123
1.75,0.65,2.0,60.0,40.0,50.0,147,6,-466.57499357125414,-157.29072326718517,-684.2020336436224,-61.567172539435276,-149.5282807538929,0,5,-1519.1632037753898,-10.33444356309789,-2232.422792805622,-2179.9220279255123
1.75,0.65,2.0,60.0,40.0,50.0,147,8,-526.5749935712541,-217.29072326718517,-770.2020336436224,-93.56717253943528,-205.5282807538929,0,5,-1813.1632037753898,-12.33444356309789,-2232.422792805622,-2179.9220279255123
1.75,0.65,2.0,60.0,40.0,50.0,147,10,-586.5749935712541,-277.2907232671852,-856.2020336436224,-125.56717253943528,-261.5282807538929,0,5,-2107.16320377539,-14.33444356309789,-2232.422792805622,-2179.9220279255123
1.75,0.65,2.0,60.0,40.0,50.0,147,12,-646.5749935712541,-337.2907232671852,-942.2020336436224,-157.56717253943526,-317.5282807538929,0,5,-2401.16320377539,-16.33444356309789,-2232.422792805622,-2179.9220279255123
1.75,0.65,2.0,60.0,60.0,15.0,151,0,-276.202052316973,-62.02232305014172,-386.63021507377505,117.6950054073506,77.31188200906777,2,5,-529.8477030244719,-3.5089251855925294,-2193.224556738608,-2097.9645051872103
1.75,0.65,2.0,60.0,60.0,15.0,151,2,-336.202052316973,-120.02232305014172,-476.63021507377505,85.6950054073506,15.311882009067773,2,5,-831.8477030244719,-5.508925185592529,-2193.224556738608,-2097.9645051872103
1.75,0.65,2.0,60.0,60.0,15.0,151,4,-396.202052316973,-178.02232305014172,-566.630215073775,53.69500540735061,-46.68811799093223,1,5,-1133.847703024472,-7.508925185592529,-2193.224556738608,-2097.9645051872103
1.75,0.65,2.0,60.0,60.0,15.0,151,6,-456.202052316973,-236.02232305014172,-656.630215073775,21.695005407350607,-108.68811799093223,1,5,-1435.847703024472,-9.50892518559253,-2193.224556738608,-2097.9645051872103
1.75,0.65,2.0,60.0,60.0,15.0,151,8,-516.202052316973,-294.0223230501417,-746.630215073775,-10.304994592649393,-170.68811799093223,0,5,-1737.847703024472,-11.50892518559253,-2193.224556738608,-2097.9645051872103
1.75,0.65,2.0,60.0,60.0,15.0,151,10,-576.202052316973,-352.0223230501417,-836.630215073775,-42.30499459264939,-232.68811799093223,0,5,-2039.847703024472,-13.50892518559253,-2193.224556738608,-2097.9645051872103
1.75,0.65,2.0,60.0,60.0,15.0,151,12,-636.202052316973,-410.0223230501417,-926.630215073775,-74.3049945926494,-294.68811799093226,0,5,-2341.847703024472,-15.508925185592531,-2193.224556738608,-2097.9645051872103
1.75,0.65,2.0,60.0,60.0,25.0,146,0,-136.57684143970113,-93.10422731426081,-841.6890968568373,88.47208487375569,167.93323426270473,2,5,-814.9648464743382,-5.581951003248892,-2428.341700188475,-2333.0816486370773
1.75,0.65,2.0,60.0,60.0,25.0,146,2,-196.57684143970113,-151.1042273142608,-927.6890968568373,56.47208487375569,111.93323426270472,2,5,-1106.9648464743382,-7.581951003248892,-2428.341700188475,-2333.0816486370773
1.75,0.65,2.0,60.0,60.0,25.0,146,4,-256.5768414397011,-209.1042273142608,-1013.6890968568373,24.47208487375569,55.933234262704715,2,5,-1398.9648464743382,-9.581951003248891,-2428.341700188475,-2333.0816486370773
1.75,0.65,2.0,60.0,60.0,25.0,146,6,-316.5768414397011,-267.1042273142608,-1099.6890968568373,-7.527915126244309,-0.06676573729528457,0,5,-1690.9648464743382,-11.581951003248891,-2428.341700188475,-2333.0816486370773
1.75,0.65,2.0,60.0,60.0,25.0,146,8,-376.5768414397011,-325.1042273142608,-1185.6890968568373,-39.52791512624431,-56.066765737295285,0,5,-1982.9648464743382,-13.581951003248891,-2428.341700188475,-2333.0816486370773
1.75,0.65,2.0,60.0,60.0,25.0,146,10,-436.5768414397011,-383.1042273142608,-1271.6890968568373,-71.52791512624431,-112.06676573729528,0,5,-2274.964846474338,-15.581951003248891,-2428.341700188475,-2333.0816486370773
1.75,0.65,2.0,60.0,60.0,25.0,146,12,-496.5768414397011,-441.1042273142608,-1357.6890968568373,-103.52791512624431,-168.06676573729527,0,5,-2566.964846474338,-17.581951003248893,-2428.341700188475,-2333.0816486370773
1.75,0.65,2.0,60.0,60.0,35.0,145,0,-134.1373380120745,41.652212420550796,-760.8789931634071,110.8738738453344,210.2835047460626,3,5,-532.2067401635336,-3.6703913114726454,-2135.58359387767,-2092.891176431412
1.75,0.65,2.0,60.0,60.0,35.0,145,2,-194.1373380120745,-16.347787579449204,-846.8789931634071,78.8738738453344,156.2835047460626,2,5,-822.2067401635336,-5.670391311472645,-2135.58359387767,-2092.891176431412
1.75,0.65,2.0,60.0,60.0,35.0,145,4,-254.1373380120745,-74.3477875794492,-932.8789931634071,46.8738738453344,102.28350474606258,2,5,-1112.2067401635336,-7.670391311472645,-2135.58359387767,-2092.891176431412
1.75,0.65,2.0,60.0,60.0,35.0,145,6,-314.1373380120745,-132.3477875794492,-1018.8789931634071,14.873873845334401,48.283504746062576,2,5,-1402.2067401635336,-9.670391311472645,-2135.58359387767,-2092.891176431412
1.75,0.65,2.0,60.0,60.0,35.0,145,8,-374.1373380120745,-190.3477875794492,-1104.8789931634071,-17.1261261546656,-5.716495253937424,0,5,-1692.2067401635336,-11.670391311472645,-2135.58359387767,-2092.891176431412
1.75,0.65,2.0,60.0,60.0,35.0,145,10,-434.1373380120745,-248.3477875794492,-1190.8789931634071,-49.1261261546656,-59.716495253937424,0,5,-1982.2067401635336,-13.670391311472645,-2135.58359387767,-2092.891176431412
1.75,0.65,2.0,60.0,60.0,35.0,145,12,-494.1373380120745,-306.34778757944923,-1276.8789931634071,-81.1261261546656,-113.71649525393742,0,5,-2272.2067401635336,-15.670391311472645,-2135.58359387767,-2092.891176431412
1.75,0.65,2.0,60.0,60.0,50.0,143,0,-197.17748808039096,59.47909167042948,-605.2543567152438,114.37161856826043,137.08957168895608,3,5,-491.4915628679887,-3.437003936139781,-2074.868416582125,-2032.1759991358665
1.75,0.65,2.0,60.0,60.0,50.0,143,2,-255.17748808039096,1.479091670429483,-689.2543567152438,82.37161856826043,83.08957168895608,3,5,-777.4915628679887,-5.4370039361397815,-2074.868416582125,-2032.1759991358665
1.75,0.65,2.0,60.0,60.0,50.0,143,4,-313.17748808039096,-56.52090832957052,-773.2543567152438,50.37161856826044,29.089571688956084,2,5,-1063.4915628679887,-7.4370039361397815,-2074.868416582125,-2032.1759991358665
1.75,0.65,2.0,60.0,60.0,50.0,143,6,-371.17748808039096,-114.52090832957052,-857.2543567152438,18.371618568260438,-24.910428311043916,1,5,-1349.4915628679887,-9.437003936139782,-2074.868416582125,-2032.1759991358665
1.75,0.65,2.0,60.0,60.0,50.0,143,8,-429.17748808039096,-172.52090832957052,-941.2543567152438,-13.628381431739562,-78.91042831104392,0,5,-1635.4915628679887,-11.437003936139782,-2074.868416582125,-2032.1759991358665
1.75,0.65,2.0,60.0,60.0,50.0,143,10,-487.17748808039096,-230.52090832957052,-1025.2543567152438,-45.62838143173956,-132.91042831104392,0,5,-1921.4915628679887,-13.437003936139782,-2074.868416582125,-2032.1759991358665
1.75,0.65,2.0,60.0,60.0,50.0,143,12,-545.177488080391,-288.5209083295705,-1109.2543567152438,-77.62838143173957,-186.91042831104392,0,5,-2207.4915628679887,-15.437003936139782,-2074.868416582125,-2032.1759991358665
1.75,0.65,2.0,90.0,20.0,15.0,155,0,-16.763064365710306,-67.65837299133722,3.512034797089484,82.01174099503707,3.296887780685097,3,5,4.399226215764202,0.02838210461783356,-1585.7373004664491,-1573.4321071255306
1.75,0.65,2.0,90.0,20.0,15.0,155,2,-78.7630643657103,-127.65837299133722,-88.48796520291052,50.01174099503707,-60.7031122193149,1,5,-305.6007737842358,-1.9716178953821664,-1585.7373004664491,-1573.4321071255306
1.75,0.65,2.0,90.0,20.0,15.0,155,4,-140.7630643657103,-187.65837299133722,-180.48796520291052,18.011740995037073,-124.7031122193149,1,5,-615.6007737842358,-3.9716178953821664,-1585.7373004664491,-1573.4321071255306
1.75,0.65,2.0,90.0,20.0,15.0,155,6,-202.7630643657103,-247.65837299133722,-272.4879652029105,-13.988259004962927,-188.7031122193149,0,5,-925.6007737842358,-5.971617895382167,-1585.7373004664491,-1573.4321071255306
1.75,0.65,2.0,90.0,20.0,15.0,155,8,-264.7630643657103,-307.6583729913372,-364.4879652029105,-45.98825900496293,-252.7031122193149,0,5,-1235.6007737842358,-7.971617895382167,-1585.7373004664491,-1573.4321071255306
1.75,0.65,2.0,90.0,20.0,15.0,155,10,-326.7630643657103,-367.6583729913372,-456.4879652029105,-77.98825900496293,-316.7031122193149,0,5,-1545.6007737842358,-9.971617895382167,-1585.7373004664491,-1573.4321071255306
1.75,0.65,2.0,90.0,20.0,15.0,155,12,-388.7630643657103,-427.6583729913372,-548.4879652029106,-109.98825900496293,-380.7031122193149,0,5,-1855.6007737842358,-11.971617895382167,-1585.7373004664491,-1573.4321071255306
1.75,0.65,2.0,90.0,20.0,25.0,150,0,90.09624859741888,-57.642843401483276,-295.39673332647976,55.670587752528505,-96.59728557059327,2,5,-303.87002594860905,-2.025800172990727,-1849.885314979684,-1831.701359289904
1.75,0.65,2.0,90.0,20.0,25.0,150,2,28.096248597418878,-117.64284340148328,-383.39673332647976,23.670587752528505,-154.59728557059327,2,5,-603.870025948609,-4.025800172990727,-1849.885314979684,-1831.701359289904
1.75,0.65,2.0,90.0,20.0,25.0,150,4,-33.90375140258112,-177.64284340148328,-471.39673332647976,-8.329412247471495,-212.59728557059327,0,5,-903.870025948609,-6.025800172990727,-1849.885314979684,-1831.701359289904
1.75,0.65,2.0,90.0,20.0,25.0,150,6,-95.90375140258112,-237.64284340148328,-559.3967333264798,-40.329412247471495,-270.5972855705933,0,5,-1203.870025948609,-8.025800172990728,-1849.885314979684,-1831.701359289904
1.75,0.65,2.0,90.0,20.0,25.0,150,8,-157.90375140258112,-297.6428434014833,-647.3967333264798,-72.3294122474715,-328.5972855705933,0,5,-1503.870025948609,-10.025800172990728,-1849.885314979684,-1831.701359289904
1.75,0.65,2.0,90.0,20.0,25.0,150,10,-219.90375140258112,-357.6428434014833,-735.3967333264798,-104.3294122474715,-386.5972855705933,0,5,-1803.870025948609,-12.025800172990728,-1849.885314979684,-1831.701359289904
1.75,0.65,2.0,90.0,20.0,25.0,150,12,-281.9037514025811,-417.6428434014833,-823.3967333264798,-136.3294122474715,-444.5972855705933,0,5,-2103.870025948609,-14.025800172990728,-1849.885314979684,-1831.701359289904
1.75,0.65,2.0,90.0,20.0,35.0,149,0,111.15615274684697,70.9936396648593,-273.5238923289901,38.26991946165532,-76.28650190665275,3,5,-129.39068236228127,-0.8683938413575925,-1665.405971393356,-1666.2445164898645
1.75,0.65,2.0,90.0,20.0,35.0,149,2,49.15615274684697,10.993639664859302,-361.5238923289901,6.26991946165532,-132.28650190665275,3,5,-427.39068236228127,-2.8683938413575922,-1665.405971393356,-1666.2445164898645
1.75,0.65,2.0,90.0,20.0,35.0,149,4,-12.84384725315303,-49.0063603351407,-449.5238923289901,-25.73008053834468,-188.28650190665275,0,5,-725.3906823622813,-4.868393841357593,-1665.405971393356,-1666.2445164898645
1.75,0.65,2.0,90.0,20.0,35.0,149,6,-74.84384725315303,-109.0063603351407,-537.5238923289901,-57.73008053834468,-244.28650190665275,0,5,-1023.3906823622813,-6.868393841357593,-1665.405971393356,-1666.2445164898645
1.75,0.65,2.0,90.0,20.0,35.0,149,8,-136.84384725315303,-169.0063603351407,-625.5238923289901,-89.73008053834468,-300.28650190665275,0,5,-1321.3906823622813,-8.868393841357593,-1665.405971393356,-1666.2445164898645
1.75,0.65,2.0,90.0,20.0,35.0,149,10,-198.84384725315303,-229.0063603351407,-713.5238923289901,-121.73008053834468,-356.28650190665275,0,5,-1619.3906823622813,-10.868393841357593,-1665.405971393356,-1666.2445164898645
1.75,0.65,2.0,90.0,20.0,35.0,149,12,-260.84384725315306,-289.0063603351407,-801.5238923289901,-153.73008053834468,-412.28650190665275,0,5,-1917.3906823622813,-12.868393841357593,-1665.405971393356,-1666.2445164898645
1.75,0.65,2.0,90.0,20.0,50.0,147,0,35.56626173394716,57.801131023765606,-109.46927352830471,-12.977305279744542,-163.2377075805635,2,5,-192.3168936308998,-1.308278187965305,-1708.3321826619745,-1709.1707277584828
1.75,0.65,2.0,90.0,20.0,50.0,147,2,-24.433738266052842,-2.198868976234394,-195.4692735283047,-44.97730527974454,-219.2377075805635,0,5,-486.3168936308998,-3.3082781879653047,-1708.3321826619745,-1709.1707277584828
1.75,0.65,2.0,90.0,20.0,50.0,147,4,-84.43373826605284,-62.198868976234394,-281.4692735283047,-76.97730527974454,-275.2377075805635,0,5,-780.3168936308998,-5.308278187965305,-1708.3321826619745,-1709.1707277584828
1.75,0.65,2.0,90.0,20.0,50.0,147,6,-144.43373826605284,-122.1988689762344,-367.4692735283047,-108.97730527974454,-331.2377075805635,0,5,-1074.3168936308998,-7.308278187965305,-1708.3321826619745,-1709.1707277584828
1.75,0.65,2.0,90.0,20.0,50.0,147,8,-204.43373826605284,-182.1988689762344,-453.4692735283047,-140.97730527974454,-387.2377075805635,0,5,-1368.3168936308998,-9.308278187965305,-1708.3321826619745,-1709.1707277584828
1.75,0.65,2.0,90.0,20.0,50.0,147,10,-264.43373826605284,-242.1988689762344,-539.4692735283047,-172.97730527974454,-443.2377075805635,0,5,-1662.3168936308998,-11.308278187965305,-1708.3321826619745,-1709.1707277584828
1.75,0.65,2.0,90.0,20.0,50.0,147,12,-324.43373826605284,-302.1988689762344,-625.4692735283047,-204.97730527974454,-499.2377075805635,0,5,-1956.3168936308998,-13.308278187965305,-1708.3321826619745,-1709.1707277584828
1.75,0.65,2.0,90.0,30.0,15.0,155,0,-123.39223510296438,-38.95185453886768,12.142105066582701,-23.186350247383757,7.558838423475947,2,5,-165.82949639915705,-1.0698677187042391,-1779.3963932359018,-1762.2243627093626
1.75,0.65,2.0,90.0,30.0,15.0,155,2,-185.39223510296438,-98.95185453886768,-79.8578949334173,-55.18635024738376,-56.44116157652405,0,5,-475.82949639915705,-3.069867718704239,-1779.3963932359018,-1762.2243627093626
1.75,0.65,2.0,90.0,30.0,15.0,155,4,-247.39223510296438,-158.95185453886768,-171.8578949334173,-87.18635024738376,-120.44116157652405,0,5,-785.829496399157,-5.069867718704239,-1779.3963932359018,-1762.2243627093626
1.75,0.65,2.0,90.0,30.0,15.0,155,6,-309.3922351029644,-218.95185453886768,-263.8578949334173,-119.18635024738376,-184.44116157652405,0,5,-1095.829496399157,-7.069867718704239,-1779.3963932359018,-1762.2243627093626
1.75,0.65,2.0,90.0,30.0,15.0,155,8,-371.3922351029644,-278.9518545388677,-355.8578949334173,-151.18635024738376,-248.44116157652405,0,5,-1405.829496399157,-9.06986771870424,-1779.3963932359018,-1762.2243627093626
1.75,0.65,2.0,90.0,30.0,15.0,155,10,-433.3922351029644,-338.9518545388677,-447.8578949334173,-183.18635024738376,-312.44116157652405,0,5,-1715.829496399157,-11.06986771870424,-1779.3963932359018,-1762.2243627093626
1.75,0.65,2.0,90.0,30.0,15.0,155,12,-495.3922351029644,-398.9518545388677,-539.8578949334174,-215.18635024738376,-376.44116157652405,0,5,-2025.829496399157,-13.06986771870424,-1779.3963932359018,-1762.2243627093626
1.75,0.65,2.0,90.0,30.0,25.0,150,0,7.073965503153488,-60.90195471122121,-464.9816339986928,-9.796001701431493,14.7189874620571,2,5,-513.8866374461345,-3.425910916307563,-2077.453534282879,-2060.28150375634
1.75,0.65,2.0,90.0,30.0,25.0,150,2,-54.92603449684651,-120.90195471122121,-552.9816339986928,-41.79600170143149,-43.2810125379429,0,5,-813.8866374461345,-5.425910916307563,-2077.453534282879,-2060.28150375634
1.75,0.65,2.0,90.0,30.0,25.0,150,4,-116.92603449684651,-180.9019547112212,-640.9816339986928,-73.79600170143149,-101.2810125379429,0,5,-1113.8866374461345,-7.425910916307563,-2077.453534282879,-2060.28150375634
1.75,0.65,2.0,90.0,30.0,25.0,150,6,-178.9260344968465,-240.9019547112212,-728.9816339986928,-105.79600170143149,-159.2810125379429,0,5,-1413.8866374461345,-9.425910916307563,-2077.453534282879,-2060.28150375634
1.75,0.65,2.0,90.0,30.0,25.0,150,8,-240.9260344968465,-300.9019547112212,-816.9816339986928,-137.7960017014315,-217.2810125379429,0,5,-1713.8866374461345,-11.425910916307563,-2077.453534282879,-2060.28150375634
1.75,0.65,2.0,90.0,30.0,25.0,150,10,-302.9260344968465,-360.9019547112212,-904.9816339986928,-169.7960017014315,-275.2810125379429,0,5,-2013.8866374461345,-13.425910916307563,-2077.453534282879,-2060.28150375634
1.75,0.65,2.0,90.0,30.0,25.0,150,12,-364.9260344968465,-420.9019547112212,-992.9816339986928,-201.7960017014315,-333.2810125379429,0,5,-2313.8866374461345,-15.425910916307563,-2077.453534282879,-2060.28150375634
1.75,0.65,2.0,90.0,30.0,35.0,149,0,-80.9548798901377,87.45314315283196,-347.5673327544257,-15.740513693175728,26.576222533173507,2,5,-330.2333606517336,-2.216331279541836,-1921.9792931462655,-1892.9921848018564
1.75,0.65,2.0,90.0,30.0,35.0,149,2,-142.9548798901377,27.453143152831956,-435.5673327544257,-47.74051369317573,-29.423777466826493,1,5,-628.2333606517336,-4.216331279541836,-1921.9792931462655,-1892.9921848018564
1.75,0.65,2.0,90.0,30.0,35.0,149,4,-204.9548798901377,-32.546856847168044,-523.5673327544257,-79.74051369317573,-85.4237774668265,0,5,-926.2333606517336,-6.216331279541836,-1921.9792931462655,-1892.9921848018564
1.75,0.65,2.0,90.0,30.0,35.0,149,6,-266.9548798901377,-92.54685684716804,-611.5673327544257,-111.74051369317573,-141.4237774668265,0,5,-1224.2333606517336,-8.216331279541837,-1921.9792931462655,-1892.9921848018564
1.75,0.65,2.0,90.0,30.0,35.0,149,8,-328.9548798901377,-152.54685684716804,-699.5673327544257,-143.74051369317573,-197.4237774668265,0,5,-1522.2333606517336,-10.216331279541837,-1921.9792931462655,-1892.9921848018564
1.75,0.65,2.0,90.0,30.0,35.0,149,10,-390.9548798901377,-212.54685684716804,-787.5673327544257,-175.74051369317573,-253.4237774668265,0,5,-1820.2333606517336,-12.216331279541837,-1921.9792931462655,-1892.9921848018564
1.75,0.65,2.0,90.0,30.0,35.0,149,12,-452.9548798901377,-272.54685684716804,-875.5673327544257,-207.74051369317573,-309.4237774668265,0,5,-2118.2333606517336,-14.216331279541837,-1921.9792931462655,-1892.9921848018564
1.75,0.65,2.0,90.0,30.0,50.0,147,0,-193.8919058324509,87.16753521694932,-230.7009259399481,-59.0597965773444,32.17656774073271,2,5,-364.3085253920608,-2.478289288381366,-1924.261897069429,-1907.067349542184
1.75,0.65,2.0,90.0,30.0,50.0,147,2,-253.8919058324509,27.167535216949318,-316.7009259399481,-91.0597965773444,-23.823432259267292,1,5,-658.3085253920608,-4.478289288381366,-1924.261897069429,-1907.067349542184
1.75,0.65,2.0,90.0,30.0,50.0,147,4,-313.8919058324509,-32.83246478305068,-402.7009259399481,-123.0597965773444,-79.82343225926729,0,5,-952.3085253920608,-6.478289288381366,-1924.261897069429,-1907.067349542184
1.75,0.65,2.0,90.0,30.0,50.0,147,6,-373.8919058324509,-92.83246478305068,-488.7009259399481,-155.0597965773444,-135.8234322592673,0,5,-1246.3085253920608,-8.478289288381365,-1924.261897069429,-1907.067349542184
1.75,0.65,2.0,90.0,30.0,50.0,147,8,-433.8919058324509,-152.83246478305068,-574.7009259399481,-187.0597965773444,-191.8234322592673,0,5,-1540.3085253920608,-10.478289288381365,-1924.261897069429,-1907.067349542184
1.75,0.65,2.0,90.0,30.0,50.0,147,10,-493.8919058324509,-212.83246478305068,-660.7009259399481,-219.0597965773444,-247.8234322592673,0,5,-1834.3085253920608,-12.478289288381365,-1924.261897069429,-1907.067349542184
1.75,0.65,2.0,90.0,30.0,50.0,147,12,-553.8919058324509,-272.8324647830507,-746.7009259399481,-251.0597965773444,-303.8234322592673,0,5,-2128.308525392061,-14.478289288381365,-1924.261897069429,-1907.067349542184
1.75,0.65,2.0,90.0,40.0,15.0,155,0,-200.90704923817339,-80.48171202781361,-163.78874633604528,14.371597351258458,7.8822953409479055,2,5,-422.92361490982603,-2.7285394510311356,-2068.795710377669,-2024.560252210391
1.75,0.65,2.0,90.0,40.0,15.0,155,2,-262.9070492381734,-140.48171202781361,-255.78874633604528,-17.62840264874154,-56.117704659052094,0,5,-732.923614909826,-4.728539451031136,-2068.795710377669,-2024.560252210391
1.75,0.65,2.0,90.0,40.0,15.0,155,4,-324.9070492381734,-200.48171202781361,-347.7887463360453,-49.62840264874154,-120.1177046590521,0,5,-1042.923614909826,-6.728539451031136,-2068.795710377669,-2024.560252210391
1.75,0.65,2.0,90.0,40.0,15.0,155,6,-386.9070492381734,-260.4817120278136,-439.7887463360453,-81.62840264874154,-184.1177046590521,0,5,-1352.923614909826,-8.728539451031136,-2068.795710377669,-2024.560252210391
1.75,0.65,2.0,90.0,40.0,15.0,155,8,-448.9070492381734,-320.4817120278136,-531.7887463360453,-113.62840264874154,-248.1177046590521,0,5,-1662.923614909826,-10.728539451031136,-2068.795710377669,-2024.560252210391
1.75,0.65,2.0,90.0,40.0,15.0,155,10,-510.9070492381734,-380.4817120278136,-623.7887463360453,-145.62840264874154,-312.1177046590521,0,5,-1972.923614909826,-12.728539451031136,-2068.795710377669,-2024.560252210391
1.75,0.65,2.0,90.0,40.0,15.0,155,12,-572.9070492381734,-440.4817120278136,-715.7887463360453,-177.62840264874154,-376.1177046590521,0,5,-2282.923614909826,-14.728539451031136,-2068.795710377669,-2024.560252210391
1.75,0.65,2.0,90.0,40.0,25.0,150,0,-107.94549796521778,-89.57927171151078,-697.9807016237023,0.835692187646174,74.55828925912337,2,5,-820.1114898536616,-5.467409932357744,-2415.9835853215045,-2371.7481271542265
1.75,0.65,2.0,90.0,40.0,25.0,150,2,-169.94549796521778,-149.57927171151078,-785.9807016237023,-31.164307812353826,16.55828925912337,1,5,-1120.1114898536616,-7.467409932357744,-2415.9835853215045,-2371.7481271542265
1.75,0.65,2.0,90.0,40.0,25.0,150,4,-231.94549796521778,-209.57927171151078,-873.9807016237023,-63.164307812353826,-41.44171074087663,0,5,-1420.1114898536616,-9.467409932357745,-2415.9835853215045,-2371.7481271542265
1.75,0.65,2.0,90.0,40.0,25.0,150,6,-293.9454979652178,-269.5792717115108,-961.9807016237023,-95.16430781235383,-99.44171074087663,0,5,-1720.1114898536616,-11.467409932357745,-2415.9835853215045,-2371.7481271542265
1.75,0.65,2.0,90.0,40.0,25.0,150,8,-355.9454979652178,-329.5792717115108,-1049.9807016237023,-127.16430781235383,-157.44171074087663,0,5,-2020.1114898536616,-13.467409932357745,-2415.9835853215045,-2371.7481271542265
1.75,0.65,2.0,90.0,40.0,25.0,150,10,-417.9454979652178,-389.5792717115108,-1137.9807016237023,-159.16430781235383,-215.44171074087663,0,5,-2320.1114898536616,-15.467409932357745,-2415.9835853215045,-2371.7481271542265
1.75,0.65,2.0,90.0,40.0,25.0,150,12,-479.9454979652178,-449.5792717115108,-1225.9807016237023,-191.16430781235383,-273.4417107408766,0,5,-2620.1114898536616,-17.467409932357743,-2415.9835853215045,-2371.7481271542265
1.75,0.65,2.0,90.0,40.0,35.0,148,0,-231.45186135938877,-28.750505972804774,-613.9096004135722,13.961088201405573,80.5973122755301,2,5,-779.5535672688302,-5.267253832897501,-2413.43701200273,-2350.808100718577
1.75,0.65,2.0,90.0,40.0,35.0,148,2,-293.4518613593888,-86.75050597280477,-701.9096004135722,-18.038911798594427,24.5973122755301,1,5,-1075.5535672688302,-7.267253832897501,-2413.43701200273,-2350.808100718577
1.75,0.65,2.0,90.0,40.0,35.0,148,4,-355.4518613593888,-144.75050597280477,-789.9096004135722,-50.03891179859443,-31.4026877244699,0,5,-1371.5535672688302,-9.2672538328975,-2413.43701200273,-2350.808100718577
1.75,0.65,2.0,90.0,40.0,35.0,148,6,-417.4518613593888,-202.75050597280477,-877.9096004135722,-82.03891179859443,-87.4026877244699,0,5,-1667.5535672688302,-11.2672538328975,-2413.43701200273,-2350.808100718577
1.75,0.65,2.0,90.0,40.0,35.0,148,8,-479.4518613593888,-260.7505059728048,-965.9096004135722,-114.03891179859443,-143.4026877244699,0,5,-1963.5535672688302,-13.2672538328975,-2413.43701200273,-2350.808100718577
1.75,0.65,2.0,90.0,40.0,35.0,148,10,-541.4518613593888,-318.7505059728048,-1053.9096004135722,-146.03891179859443,-199.4026877244699,0,5,-2259.55356726883,-15.2672538328975,-2413.43701200273,-2350.808100718577
1.75,0.65,2.0,90.0,40.0,35.0,148,12,-603.4518613593888,-376.7505059728048,-1141.9096004135722,-178.03891179859443,-255.4026877244699,0,5,-2555.55356726883,-17.267253832897502,-2413.43701200273,-2350.808100718577
1.75,0.65,2.0,90.0,40.0,50.0,146,0,-300.54698250533727,-14.901490779683513,-333.3751641295381,-29.35819468276307,227.14739179593255,1,5,-451.0344403013887,-3.0892769883656763,-2046.744662366662,-2097.4937127064986
1.75,0.65,2.0,90.0,40.0,50.0,146,2,-360.54698250533727,-72.90149077968351,-419.3751641295381,-61.35819468276307,171.14739179593255,1,5,-743.0344403013887,-5.089276988365676,-2046.744662366662,-2097.4937127064986
1.75,0.65,2.0,90.0,40.0,50.0,146,4,-420.54698250533727,-130.9014907796835,-505.3751641295381,-93.35819468276307,115.14739179593253,1,5,-1035.0344403013887,-7.089276988365676,-2046.744662366662,-2097.4937127064986
1.75,0.65,2.0,90.0,40.0,50.0,146,6,-480.54698250533727,-188.9014907796835,-591.3751641295381,-125.35819468276307,59.147391795932535,1,5,-1327.0344403013887,-9.089276988365675,-2046.744662366662,-2097.4937127064986
1.75,0.65,2.0,90.0,40.0,50.0,146,8,-540.5469825053373,-246.9014907796835,-677.3751641295381,-157.35819468276307,3.147391795932535,1,5,-1619.0344403013887,-11.089276988365675,-2046.744662366662,-2097.4937127064986
1.75,0.65,2.0,90.0,40.0,50.0,146,10,-600.5469825053373,-304.9014907796835,-763.3751641295381,-189.35819468276307,-52.852608204067465,0,5,-1911.0344403013887,-13.089276988365675,-2046.744662366662,-2097.4937127064986
1.75,0.65,2.0,90.0,40.0,50.0,146,12,-660.5469825053373,-362.9014907796835,-849.3751641295381,-221.35819468276307,-108.85260820406747,0,5,-2203.0344403013887,-15.089276988365675,-2046.744662366662,-2097.4937127064986
1.75,0.65,2.0,90.0,60.0,15.0,151,0,-260.0585712520183,-34.71147548488017,-291.78011042207015,108.75257042789444,95.35093294203321,2,5,-382.44665378904074,-2.5327592966161636,-2069.4876681842693,-1944.0832910896052
1.75,0.65,2.0,90.0,60.0,15.0,151,2,-320.0585712520183,-92.71147548488017,-381.78011042207015,76.75257042789444,33.35093294203321,2,5,-684.4466537890407,-4.532759296616164,-2069.4876681842693,-1944.0832910896052
1.75,0.65,2.0,90.0,60.0,15.0,151,4,-380.0585712520183,-150.71147548488017,-471.78011042207015,44.75257042789444,-28.64906705796679,1,5,-986.4466537890407,-6.532759296616164,-2069.4876681842693,-1944.0832910896052
1.75,0.65,2.0,90.0,60.0,15.0,151,6,-440.0585712520183,-208.71147548488017,-561.7801104220702,12.75257042789444,-90.64906705796679,1,5,-1288.4466537890407,-8.532759296616163,-2069.4876681842693,-1944.0832910896052
1.75,0.65,2.0,90.0,60.0,15.0,151,8,-500.0585712520183,-266.71147548488017,-651.7801104220702,-19.24742957210556,-152.6490670579668,0,5,-1590.4466537890407,-10.532759296616163,-2069.4876681842693,-1944.0832910896052
1.75,0.65,2.0,90.0,60.0,15.0,151,10,-560.0585712520183,-324.71147548488017,-741.7801104220702,-51.24742957210556,-214.6490670579668,0,5,-1892.4466537890407,-12.532759296616163,-2069.4876681842693,-1944.0832910896052
1.75,0.65,2.0,90.0,60.0,15.0,151,12,-620.0585712520183,-382.71147548488017,-831.7801104220702,-83.24742957210556,-276.6490670579668,0,5,-2194.4466537890407,-14.532759296616163,-2069.4876681842693,-1944.0832910896052
1.75,0.65,2.0,90.0,60.0,25.0,146,0,-41.990556231867856,6.845533485665499,-771.7163228708328,66.81078523960724,192.79180099249604,3,5,-547.2587593849321,-3.7483476670200826,-2184.29977378016,-2058.8953966854965
1.75,0.65,2.0,90.0,60.0,25.0,146,2,-101.99055623186786,-51.1544665143345,-857.7163228708328,34.81078523960724,136.79180099249604,2,5,-839.2587593849321,-5.748347667020083,-2184.29977378016,-2058.8953966854965
1.75,0.65,2.0,90.0,60.0,25.0,146,4,-161.99055623186786,-109.1544665143345,-943.7163228708328,2.8107852396072417,80.79180099249604,2,5,-1131.258759384932,-7.748347667020083,-2184.29977378016,-2058.8953966854965
1.75,0.65,2.0,90.0,60.0,25.0,146,6,-221.99055623186786,-167.1544665143345,-1029.7163228708328,-29.18921476039276,24.791800992496036,1,5,-1423.258759384932,-9.748347667020083,-2184.29977378016,-2058.8953966854965
1.75,0.65,2.0,90.0,60.0,25.0,146,8,-281.99055623186786,-225.1544665143345,-1115.7163228708328,-61.18921476039276,-31.208199007503964,0,5,-1715.258759384932,-11.748347667020083,-2184.29977378016,-2058.8953966854965
1.75,0.65,2.0,90.0,60.0,25.0,146,10,-341.99055623186786,-283.1544665143345,-1201.7163228708328,-93.18921476039276,-87.20819900750396,0,5,-2007.258759384932,-13.748347667020083,-2184.29977378016,-2058.8953966854965
1.75,0.65,2.0,90.0,60.0,25.0,146,12,-401.99055623186786,-341.1544665143345,-1287.7163228708328,-125.18921476039276,-143.20819900750396,0,5,-2299.258759384932,-15.748347667020083,-2184.29977378016,-2058.8953966854965
1.75,0.65,2.0,90.0,60.0,35.0,144,0,-49.54703916204221,66.93661214988049,-657.4155353881436,89.21257421118591,145.86293039678026,3,5,-404.9504577923392,-2.812155956891244,-2066.7922414126024,-1955.634894060217
1.75,0.65,2.0,90.0,60.0,35.0,144,2,-109.54703916204221,10.936612149880489,-743.4155353881436,57.21257421118591,91.86293039678026,3,5,-692.9504577923392,-4.812155956891244,-2066.7922414126024,-1955.634894060217
1.75,0.65,2.0,90.0,60.0,35.0,144,4,-169.5470391620422,-45.06338785011951,-829.4155353881436,25.21257421118591,37.86293039678026,2,5,-980.9504577923392,-6.812155956891244,-2066.7922414126024,-1955.634894060217
1.75,0.65,2.0,90.0,60.0,35.0,144,6,-229.5470391620422,-101.06338785011951,-915.4155353881436,-6.78742578881409,-16.137069603219743,0,5,-1268.9504577923392,-8.812155956891244,-2066.7922414126024,-1955.634894060217
1.75,0.65,2.0,90.0,60.0,35.0,144,8,-289.5470391620422,-157.0633878501195,-1001.4155353881436,-38.78742578881409,-70.13706960321974,0,5,-1556.9504577923392,-10.812155956891244,-2066.7922414126024,-1955.634894060217
1.75,0.65,2.0,90.0,60.0,35.0,144,10,-349.5470391620422,-213.0633878501195,-1087.4155353881436,-70.78742578881409,-124.13706960321974,0,5,-1844.9504577923392,-12.812155956891244,-2066.7922414126024,-1955.634894060217
1.75,0.65,2.0,90.0,60.0,35.0,144,12,-409.5470391620422,-269.0633878501195,-1173.4155353881436,-102.78742578881409,-178.13706960321974,0,5,-2132.950457792339,-14.812155956891242,-2066.7922414126024,-1955.634894060217
1.75,0.65,2.0,90.0,60.0,50.0,142,0,-128.87483035370383,142.52591719114417,-484.31618873514776,45.89329132701728,292.79503374019305,3,5,-131.97677683049687,-0.9294139213415272,-1748.7394885121075,-1821.7364508495004
1.75,0.65,2.0,90.0,60.0,50.0,142,2,-186.87483035370383,86.52591719114417,-568.3161887351478,13.89329132701728,238.79503374019305,3,5,-415.9767768304969,-2.9294139213415273,-1748.7394885121075,-1821.7364508495004
1.75,0.65,2.0,90.0,60.0,50.0,142,4,-244.87483035370383,30.525917191144174,-652.3161887351478,-18.10670867298272,184.79503374019305,2,5,-699.9767768304969,-4.929413921341527,-1748.7394885121075,-1821.7364508495004
1.75,0.65,2.0,90.0,60.0,50.0,142,6,-302.8748303537038,-25.474082808855826,-736.3161887351478,-50.10670867298272,130.79503374019305,1,5,-983.9767768304969,-6.929413921341527,-1748.7394885121075,-1821.7364508495004
1.75,0.65,2.0,90.0,60.0,50.0,142,8,-360.8748303537038,-81.47408280885583,-820.3161887351478,-82.10670867298272,76.79503374019303,1,5,-1267.9767768304969,-8.929413921341528,-1748.7394885121075,-1821.7364508495004
1.75,0.65,2.0,90.0,60.0,50.0,142,10,-418.8748303537038,-137.47408280885583,-904.3161887351478,-114.10670867298272,22.795033740193038,1,5,-1551.9767768304969,-10.929413921341528,-1748.7394885121075,-1821.7364508495004
1.75,0.65,2.0,90.0,60.0,50.0,142,12,-476.8748303537038,-193.47408280885583,-988.3161887351478,-146.10670867298273,-31.204966259806962,0,5,-1835.9767768304969,-12.929413921341528,-1748.7394885121075,-1821.7364508495004
1.75,0.65,2.0,120.0,20.0,15.0,155,0,-16.763064365710306,-67.65837299133722,3.512034797089484,82.01174099503707,3.296887780685097,3,5,4.399226215764202,0.02838210461783356,-1585.7373004664491,-1573.4321071255306
1.75,0.65,2.0,120.0,20.0,15.0,155,2,-78.7630643657103,-127.65837299133722,-88.48796520291052,50.01174099503707,-60.7031122193149,1,5,-305.6007737842358,-1.9716178953821664,-1585.7373004664491,-1573.4321071255306
1.75,0.65,2.0,120.0,20.0,15.0,155,4,-140.7630643657103,-187.65837299133722,-180.48796520291052,18.011740995037073,-124.7031122193149,1,5,-615.6007737842358,-3.9716178953821664,-1585.7373004664491,-1573.4321071255306
1.75,0.65,2.0,120.0,20.0,15.0,155,6,-202.7630643657103,-247.65837299133722,-272.4879652029105,-13.988259004962927,-188.7031122193149,0,5,-925.6007737842358,-5.971617895382167,-1585.7373004664491,-1573.4321071255306
1.75,0.65,2.0,120.0,20.0,15.0,155,8,-264.7630643657103,-307.6583729913372,-364.4879652029105,-45.98825900496293,-252.7031122193149,0,5,-1235.6007737842358,-7.971617895382167,-1585.7373004664491,-1573.4321071255306
1.75,0.65,2.0,120.0,20.0,15.0,155,10,-326.7630643657103,-367.6583729913372,-456.4879652029105,-77.98825900496293,-316.7031122193149,0,5,-1545.6007737842358,-9.971617895382167,-1585.7373004664491,-1573.4321071255306
1.75,0.65,2.0,120.0,20.0,15.0,155,12,-388.7630643657103,-427.6583729913372,-548.4879652029106,-109.98825900496293,-380.7031122193149,0,5,-1855.6007737842358,-11.971617895382167,-1585.7373004664491,-1573.4321071255306
1.75,0.65,2.0,120.0,20.0,25.0,150,0,76.98603019795411,-56.71364980810068,-295.39673332647976,55.670587752528505,-96.59728557059327,2,5,-316.051050754691,-2.1070070050312735,-1862.0663397857656,-1843.8823840959856
1.75,0.65,2.0,120.0,20.0,25.0,150,2,14.986030197954108,-116.71364980810068,-383.39673332647976,23.670587752528505,-154.59728557059327,2,5,-616.051050754691,-4.1070070050312735,-1862.0663397857656,-1843.8823840959856
1.75,0.65,2.0,120.0,20.0,25.0,150,4,-47.01396980204589,-176.71364980810068,-471.39673332647976,-8.329412247471495,-212.59728557059327,0,5,-916.051050754691,-6.1070070050312735,-1862.0663397857656,-1843.8823840959856
1.75,0.65,2.0,120.0,20.0,25.0,150,6,-109.01396980204589,-236.71364980810068,-559.3967333264798,-40.329412247471495,-270.5972855705933,0,5,-1216.051050754691,-8.107007005031273,-1862.0663397857656,-1843.8823840959856
1.75,0.65,2.0,120.0,20.0,25.0,150,8,-171.0139698020459,-296.7136498081007,-647.3967333264798,-72.3294122474715,-328.5972855705933,0,5,-1516.051050754691,-10.107007005031273,-1862.0663397857656,-1843.8823840959856
1.75,0.65,2.0,120.0,20.0,25.0,150,10,-233.0139698020459,-356.7136498081007,-735.3967333264798,-104.3294122474715,-386.5972855705933,0,5,-1816.051050754691,-12.107007005031273,-1862.0663397857656,-1843.8823840959856
1.75,0.65,2.0,120.0,20.0,25.0,150,12,-295.0139698020459,-416.7136498081007,-823.3967333264798,-136.3294122474715,-444.5972855705933,0,5,-2116.051050754691,-14.107007005031273,-1862.0663397857656,-1843.8823840959856
1.75,0.65,2.0,120.0,20.0,35.0,149,0,104.0131297359072,71.9228332582419,-281.16012622761923,38.26991946165532,-67.6223541692707,3,5,-134.5765979410853,-0.9031986438999015,-1670.59188697216,-1671.4304320686683
1.75,0.65,2.0,120.0,20.0,35.0,149,2,42.0131297359072,11.922833258241894,-369.16012622761923,6.26991946165532,-123.6223541692707,3,5,-432.5765979410853,-2.9031986438999016,-1670.59188697216,-1671.4304320686683
1.75,0.65,2.0,120.0,20.0,35.0,149,4,-19.9868702640928,-48.077166741758106,-457.16012622761923,-25.73008053834468,-179.6223541692707,0,5,-730.5765979410853,-4.903198643899901,-1670.59188697216,-1671.4304320686683
1.75,0.65,2.0,120.0,20.0,35.0,149,6,-81.9868702640928,-108.0771667417581,-545.1601262276192,-57.73008053834468,-235.6223541692707,0,5,-1028.5765979410853,-6.903198643899901,-1670.59188697216,-1671.4304320686683
1.75,0.65,2.0,120.0,20.0,35.0,149,8,-143.9868702640928,-168.0771667417581,-633.1601262276192,-89.73008053834468,-291.6223541692707,0,5,-1326.5765979410853,-8.903198643899902,-1670.59188697216,-1671.4304320686683
1.75,0.65,2.0,120.0,20.0,35.0,149,10,-205.9868702640928,-228.0771667417581,-721.1601262276192,-121.73008053834468,-347.6223541692707,0,5,-1624.5765979410853,-10.903198643899902,-1670.59188697216,-1671.4304320686683
1.75,0.65,2.0,120.0,20.0,35.0,149,12,-267.9868702640928,-288.0771667417581,-809.1601262276192,-153.73008053834468,-403.6223541692707,0,5,-1922.5765979410853,-12.903198643899902,-1670.59188697216,-1671.4304320686683
1.75,0.65,2.0,120.0,20.0,50.0,147,0,28.423238723007387,18.1590431820037,-126.30333879121531,-12.977305279744542,-149.64493945330491,2,5,-242.3433016192539,-1.6485938885663531,-1758.3585906503286,-1759.197135746837
1.75,0.65,2.0,120.0,20.0,50.0,147,2,-31.576761276992613,-41.8409568179963,-212.3033387912153,-44.97730527974454,-205.64493945330491,0,5,-536.3433016192539,-3.648593888566353,-1758.3585906503286,-1759.197135746837
1.75,0.65,2.0,120.0,20.0,50.0,147,4,-91.57676127699261,-101.8409568179963,-298.3033387912153,-76.97730527974454,-261.6449394533049,0,5,-830.3433016192539,-5.648593888566353,-1758.3585906503286,-1759.197135746837
1.75,0.65,2.0,120.0,20.0,50.0,147,6,-151.5767612769926,-161.8409568179963,-384.3033387912153,-108.97730527974454,-317.6449394533049,0,5,-1124.343301619254,-7.648593888566353,-1758.3585906503286,-1759.197135746837
1.75,0.65,2.0,120.0,20.0,50.0,147,8,-211.5767612769926,-221.8409568179963,-470.3033387912153,-140.97730527974454,-373.6449394533049,0,5,-1418.343301619254,-9.648593888566353,-1758.3585906503286,-1759.197135746837
1.75,0.65,2.0,120.0,20.0,50.0,147,10,-271.5767612769926,-281.8409568179963,-556.3033387912153,-172.97730527974454,-429.6449394533049,0,5,-1712.343301619254,-11.648593888566353,-1758.3585906503286,-1759.197135746837
1.75,0.65,2.0,120.0,20.0,50.0,147,12,-331.5767612769926,-341.8409568179963,-642.3033387912153,-204.97730527974454,-485.6449394533049,0,5,-2006.343301619254,-13.648593888566353,-1758.3585906503286,-1759.197135746837
1.75,0.65,2.0,120.0,30.0,15.0,155,0,-123.39223510296438,-38.95185453886768,12.142105066582701,-23.186350247383757,7.558838423475947,2,5,-165.82949639915705,-1.0698677187042391,-1779.3963932359018,-1762.2243627093626
1.75,0.65,2.0,120.0,30.0,15.0,155,2,-185.39223510296438,-98.95185453886768,-79.8578949334173,-55.18635024738376,-56.44116157652405,0,5,-475.82949639915705,-3.069867718704239,-1779.3963932359018,-1762.2243627093626
1.75,0.65,2.0,120.0,30.0,15.0,155,4,-247.39223510296438,-158.95185453886768,-171.8578949334173,-87.18635024738376,-120.44116157652405,0,5,-785.829496399157,-5.069867718704239,-1779.3963932359018,-1762.2243627093626
1.75,0.65,2.0,120.0,30.0,15.0,155,6,-309.3922351029644,-218.95185453886768,-263.8578949334173,-119.18635024738376,-184.44116157652405,0,5,-1095.829496399157,-7.069867718704239,-1779.3963932359018,-1762.2243627093626
1.75,0.65,2.0,120.0,30.0,15.0,155,8,-371.3922351029644,-278.9518545388677,-355.8578949334173,-151.18635024738376,-248.44116157652405,0,5,-1405.829496399157,-9.06986771870424,-1779.3963932359018,-1762.2243627093626
1.75,0.65,2.0,120.0,30.0,15.0,155,10,-433.3922351029644,-338.9518545388677,-447.8578949334173,-183.18635024738376,-312.44116157652405,0,5,-1715.829496399157,-11.06986771870424,-1779.3963932359018,-1762.2243627093626
1.75,0.65,2.0,120.0,30.0,15.0,155,12,-495.3922351029644,-398.9518545388677,-539.8578949334174,-215.18635024738376,-376.44116157652405,0,5,-2025.829496399157,-13.06986771870424,-1779.3963932359018,-1762.2243627093626
1.75,0.65,2.0,120.0,30.0,25.0,150,0,-6.036252896311339,-59.97276111783856,-463.1129500667764,-9.796001701431493,14.7189874620571,1,5,-524.1989783203005,-3.49465985546867,-2087.765875157045,-2070.5938446305063
1.75,0.65,2.0,120.0,30.0,25.0,150,2,-68.03625289631134,-119.97276111783856,-551.1129500667764,-41.79600170143149,-43.2810125379429,0,5,-824.1989783203005,-5.49465985546867,-2087.765875157045,-2070.5938446305063
1.75,0.65,2.0,120.0,30.0,25.0,150,4,-130.03625289631134,-179.97276111783856,-639.1129500667764,-73.79600170143149,-101.2810125379429,0,5,-1124.1989783203005,-7.49465985546867,-2087.765875157045,-2070.5938446305063
1.75,0.65,2.0,120.0,30.0,25.0,150,6,-192.03625289631134,-239.97276111783856,-727.1129500667764,-105.79600170143149,-159.2810125379429,0,5,-1424.1989783203005,-9.49465985546867,-2087.765875157045,-2070.5938446305063
1.75,0.65,2.0,120.0,30.0,25.0,150,8,-254.03625289631134,-299.97276111783856,-815.1129500667764,-137.7960017014315,-217.2810125379429,0,5,-1724.1989783203005,-11.49465985546867,-2087.765875157045,-2070.5938446305063
1.75,0.65,2.0,120.0,30.0,25.0,150,10,-316.03625289631134,-359.97276111783856,-903.1129500667764,-169.7960017014315,-275.2810125379429,0,5,-2024.1989783203005,-13.49465985546867,-2087.765875157045,-2070.5938446305063
1.75,0.65,2.0,120.0,30.0,25.0,150,12,-378.03625289631134,-419.97276111783856,-991.1129500667764,-201.7960017014315,-333.2810125379429,0,5,-2324.1989783203007,-15.494659855468672,-2087.765875157045,-2070.5938446305063
1.75,0.65,2.0,120.0,30.0,35.0,149,0,-88.09790290107742,88.38233674621455,-353.58745625475217,-15.740513693175728,35.24037027055559,2,5,-333.8031658322352,-2.2402897035720484,-1925.5490983267675,-1896.561989982358
1.75,0.65,2.0,120.0,30.0,35.0,149,2,-150.09790290107742,28.38233674621455,-441.58745625475217,-47.74051369317573,-20.759629729444413,1,5,-631.8031658322352,-4.240289703572048,-1925.5490983267675,-1896.561989982358
1.75,0.65,2.0,120.0,30.0,35.0,149,4,-212.09790290107742,-31.61766325378545,-529.5874562547522,-79.74051369317573,-76.75962972944441,0,5,-929.8031658322352,-6.240289703572048,-1925.5490983267675,-1896.561989982358
1.75,0.65,2.0,120.0,30.0,35.0,149,6,-274.0979029010774,-91.61766325378545,-617.5874562547522,-111.74051369317573,-132.7596297294444,0,5,-1227.8031658322352,-8.24028970357205,-1925.5490983267675,-1896.561989982358
1.75,0.65,2.0,120.0,30.0,35.0,149,8,-336.0979029010774,-151.61766325378545,-705.5874562547522,-143.74051369317573,-188.7596297294444,0,5,-1525.8031658322352,-10.24028970357205,-1925.5490983267675,-1896.561989982358
1.75,0.65,2.0,120.0,30.0,35.0,149,10,-398.0979029010774,-211.61766325378545,-793.5874562547522,-175.74051369317573,-244.7596297294444,0,5,-1823.8031658322352,-12.24028970357205,-1925.5490983267675,-1896.561989982358
1.75,0.65,2.0,120.0,30.0,35.0,149,12,-460.0979029010774,-271.61766325378545,-881.5874562547522,-207.74051369317573,-300.75962972944444,0,5,-2121.803165832235,-14.24028970357205,-1925.5490983267675,-1896.561989982358
1.75,0.65,2.0,120.0,30.0,50.0,147,0,-201.03492884339062,47.525447375187355,-245.91888080455624,-22.1264020883296,45.76933586799137,2,5,-375.78542849309724,-2.556363459136716,-1935.738800170466,-1918.5442526432205
1.75,0.65,2.0,120.0,30.0,50.0,147,2,-261.0349288433906,-12.474552624812645,-331.91888080455624,-54.1264020883296,-10.230664132008627,0,5,-669.7854284930972,-4.556363459136716,-1935.738800170466,-1918.5442526432205
1.75,0.65,2.0,120.0,30.0,50.0,147,4,-321.0349288433906,-72.47455262481265,-417.91888080455624,-86.1264020883296,-66.23066413200863,0,5,-963.7854284930972,-6.556363459136716,-1935.738800170466,-1918.5442526432205
1.75,0.65,2.0,120.0,30.0,50.0,147,6,-381.0349288433906,-132.47455262481265,-503.91888080455624,-118.1264020883296,-122.23066413200863,0,5,-1257.7854284930972,-8.556363459136715,-1935.738800170466,-1918.5442526432205
1.75,0.65,2.0,120.0,30.0,50.0,147,8,-441.0349288433906,-192.47455262481265,-589.9188808045562,-150.1264020883296,-178.23066413200863,0,5,-1551.7854284930972,-10.556363459136715,-1935.738800170466,-1918.5442526432205
1.75,0.65,2.0,120.0,30.0,50.0,147,10,-501.0349288433906,-252.47455262481265,-675.9188808045562,-182.1264020883296,-234.23066413200863,0,5,-1845.7854284930972,-12.556363459136715,-1935.738800170466,-1918.5442526432205
1.75,0.65,2.0,120.0,30.0,50.0,147,12,-561.0349288433906,-312.47455262481265,-761.9188808045562,-214.1264020883296,-290.23066413200866,0,5,-2139.7854284930972,-14.556363459136715,-1935.738800170466,-1918.5442526432205
1.75,0.65,2.0,120.0,40.0,15.0,155,0,-200.90704923817339,-83.51172562590489,-157.66257492065392,28.394590925695127,39.41771500433629,2,5,-374.26904385470084,-2.414638992610973,-2020.1411393225435,-1982.0318525706568
1.75,0.65,2.0,120.0,40.0,15.0,155,2,-262.9070492381734,-143.5117256259049,-249.66257492065392,-3.6054090743048732,-24.582284995663713,0,5,-684.2690438547008,-4.414638992610973,-2020.1411393225435,-1982.0318525706568
1.75,0.65,2.0,120.0,40.0,15.0,155,4,-324.9070492381734,-203.5117256259049,-341.6625749206539,-35.60540907430487,-88.58228499566371,0,5,-994.2690438547008,-6.414638992610973,-2020.1411393225435,-1982.0318525706568
1.75,0.65,2.0,120.0,40.0,15.0,155,6,-386.9070492381734,-263.5117256259049,-433.6625749206539,-67.60540907430487,-152.5822849956637,0,5,-1304.2690438547008,-8.414638992610973,-2020.1411393225435,-1982.0318525706568
1.75,0.65,2.0,120.0,40.0,15.0,155,8,-448.9070492381734,-323.5117256259049,-525.6625749206539,-99.60540907430487,-216.5822849956637,0,5,-1614.2690438547008,-10.414638992610973,-2020.1411393225435,-1982.0318525706568
1.75,0.65,2.0,120.0,40.0,15.0,155,10,-510.9070492381734,-383.5117256259049,-617.6625749206539,-131.60540907430487,-280.5822849956637,0,5,-1924.2690438547008,-12.414638992610973,-2020.1411393225435,-1982.0318525706568
1.75,0.65,2.0,120.0,40.0,15.0,155,12,-572.9070492381734,-443.5117256259049,-709.6625749206539,-163.60540907430487,-344.5822849956637,0,5,-2234.2690438547006,-14.414638992610971,-2020.1411393225435,-1982.0318525706568
1.75,0.65,2.0,120.0,40.0,25.0,150,0,-121.05571636468255,-91.68009171621941,-689.9858462763948,27.85635250855421,113.78145684872158,2,5,-761.083845000021,-5.07389230000014,-2356.955940467864,-2318.846653715977
1.75,0.65,2.0,120.0,40.0,25.0,150,2,-183.05571636468255,-151.6800917162194,-777.9858462763948,-4.14364749144579,55.781456848721575,1,5,-1061.083845000021,-7.07389230000014,-2356.955940467864,-2318.846653715977
1.75,0.65,2.0,120.0,40.0,25.0,150,4,-245.05571636468255,-211.6800917162194,-865.9858462763948,-36.14364749144579,-2.218543151278425,0,5,-1361.083845000021,-9.073892300000141,-2356.955940467864,-2318.846653715977
1.75,0.65,2.0,120.0,40.0,25.0,150,6,-307.05571636468255,-271.6800917162194,-953.9858462763948,-68.14364749144579,-60.218543151278425,0,5,-1661.083845000021,-11.073892300000141,-2356.955940467864,-2318.846653715977
1.75,0.65,2.0,120.0,40.0,25.0,150,8,-369.05571636468255,-331.6800917162194,-1041.9858462763948,-100.14364749144579,-118.21854315127842,0,5,-1961.083845000021,-13.073892300000141,-2356.955940467864,-2318.846653715977
1.75,0.65,2.0,120.0,40.0,25.0,150,10,-431.05571636468255,-391.6800917162194,-1129.9858462763948,-132.1436474914458,-176.21854315127842,0,5,-2261.083845000021,-15.073892300000141,-2356.955940467864,-2318.846653715977
1.75,0.65,2.0,120.0,40.0,25.0,150,12,-493.05571636468255,-451.6800917162194,-1217.9858462763948,-164.1436474914458,-234.21854315127842,0,5,-2561.083845000021,-17.07389230000014,-2356.955940467864,-2318.846653715977
1.75,0.65,2.0,120.0,40.0,35.0,148,0,-238.5948843703286,-24.73977616157265,-613.8035524985071,40.98174852231364,128.48462760251044,2,5,-707.6718369055843,-4.781566465578273,-2341.5552816394843,-2278.926370355331
1.75,0.65,2.0,120.0,40.0,35.0,148,2,-300.5948843703286,-82.73977616157265,-701.8035524985071,8.981748522313637,72.48462760251044,2,5,-1003.6718369055843,-6.781566465578273,-2341.5552816394843,-2278.926370355331
1.75,0.65,2.0,120.0,40.0,35.0,148,4,-362.5948843703286,-140.73977616157265,-789.8035524985071,-23.018251477686363,16.484627602510443,1,5,-1299.6718369055843,-8.781566465578273,-2341.5552816394843,-2278.926370355331
1.75,0.65,2.0,120.0,40.0,35.0,148,6,-424.5948843703286,-198.73977616157265,-877.8035524985071,-55.01825147768636,-39.51537239748956,0,5,-1595.6718369055843,-10.781566465578273,-2341.5552816394843,-2278.926370355331
1.75,0.65,2.0,120.0,40.0,35.0,148,8,-486.5948843703286,-256.73977616157265,-965.8035524985071,-87.01825147768636,-95.51537239748956,0,5,-1891.6718369055843,-12.781566465578273,-2341.5552816394843,-2278.926370355331
1.75,0.65,2.0,120.0,40.0,35.0,148,10,-548.5948843703286,-314.73977616157265,-1053.803552498507,-119.01825147768636,-151.51537239748956,0,5,-2187.6718369055843,-14.781566465578273,-2341.5552816394843,-2278.926370355331
1.75,0.65,2.0,120.0,40.0,35.0,148,12,-610.5948843703286,-372.73977616157265,-1141.803552498507,-151.01825147768636,-207.51537239748956,0,5,-2483.6718369055843,-16.781566465578273,-2341.5552816394843,-2278.926370355331
1.75,0.65,2.0,120.0,40.0,50.0,146,0,-307.690005516277,-51.462042403596,-361.8662407094781,34.59586012715975,326.7339264641415,2,5,-359.6885020380496,-2.4636198769729423,-1965.945555323795,-2008.016458375076
1.75,0.65,2.0,120.0,40.0,50.0,146,2,-367.690005516277,-109.462042403596,-447.8662407094781,2.595860127159753,270.7339264641415,2,5,-651.6885020380496,-4.463619876972943,-1965.945555323795,-2008.016458375076
1.75,0.65,2.0,120.0,40.0,50.0,146,4,-427.690005516277,-167.462042403596,-533.8662407094781,-29.404139872840247,214.7339264641415,1,5,-943.6885020380496,-6.463619876972943,-1965.945555323795,-2008.016458375076
1.75,0.65,2.0,120.0,40.0,50.0,146,6,-487.690005516277,-225.462042403596,-619.8662407094781,-61.40413987284025,158.7339264641415,1,5,-1235.6885020380496,-8.463619876972942,-1965.945555323795,-2008.016458375076
1.75,0.65,2.0,120.0,40.0,50.0,146,8,-547.690005516277,-283.462042403596,-705.8662407094781,-93.40413987284025,102.73392646414149,1,5,-1527.6885020380496,-10.463619876972942,-1965.945555323795,-2008.016458375076
1.75,0.65,2.0,120.0,40.0,50.0,146,10,-607.690005516277,-341.462042403596,-791.8662407094781,-125.40413987284025,46.7339264641415,1,5,-1819.6885020380496,-12.463619876972942,-1965.945555323795,-2008.016458375076
1.75,0.65,2.0,120.0,40.0,50.0,146,12,-667.690005516277,-399.462042403596,-877.8662407094781,-157.40413987284023,-9.266073535858503,0,5,-2111.6885020380496,-14.463619876972942,-1965.945555323795,-2008.016458375076
1.75,0.65,2.0,120.0,60.0,15.0,151,0,-259.80060599288606,-36.69144878873891,-295.60270753115867,122.77556400233111,81.05793460931997,2,5,-388.2612637011323,-2.571266647027366,-2075.560243355493,-1956.0240724170883
1.75,0.65,2.0,120.0,60.0,15.0,151,2,-319.80060599288606,-94.69144878873891,-385.60270753115867,90.77556400233111,19.05793460931997,2,5,-690.2612637011323,-4.571266647027366,-2075.560243355493,-1956.0240724170883
1.75,0.65,2.0,120.0,60.0,15.0,151,4,-379.80060599288606,-152.6914487887389,-475.60270753115867,58.77556400233111,-42.94206539068003,1,5,-992.2612637011323,-6.571266647027366,-2075.560243355493,-1956.0240724170883
1.75,0.65,2.0,120.0,60.0,15.0,151,6,-439.80060599288606,-210.6914487887389,-565.6027075311587,26.77556400233111,-104.94206539068003,1,5,-1294.2612637011323,-8.571266647027366,-2075.560243355493,-1956.0240724170883
1.75,0.65,2.0,120.0,60.0,15.0,151,8,-499.80060599288606,-268.6914487887389,-655.6027075311587,-5.224435997668891,-166.94206539068003,0,5,-1596.2612637011323,-10.571266647027366,-2075.560243355493,-1956.0240724170883
1.75,0.65,2.0,120.0,60.0,15.0,151,10,-559.8006059928861,-326.6914487887389,-745.6027075311587,-37.22443599766889,-228.94206539068003,0,5,-1898.2612637011323,-12.571266647027366,-2075.560243355493,-1956.0240724170883
1.75,0.65,2.0,120.0,60.0,15.0,151,12,-619.8006059928861,-384.6914487887389,-835.6027075311587,-69.22443599766889,-290.94206539068,0,5,-2200.2612637011325,-14.571266647027368,-2075.560243355493,-1956.0240724170883
1.75,0.65,2.0,120.0,60.0,25.0,146,0,-38.8614575463622,5.794753775189406,-748.7494700662171,95.11925314067675,171.2547823690419,3,5,-515.4421383276715,-3.5304256049840514,-2152.741117982032,-2033.2049470436275
1.75,0.65,2.0,120.0,60.0,25.0,146,2,-98.8614575463622,-52.205246224810594,-834.7494700662171,63.11925314067675,115.25478236904188,2,5,-807.4421383276715,-5.5304256049840514,-2152.741117982032,-2033.2049470436275
1.75,0.65,2.0,120.0,60.0,25.0,146,4,-158.8614575463622,-110.2052462248106,-920.7494700662171,31.119253140676747,59.25478236904188,2,5,-1099.4421383276715,-7.5304256049840514,-2152.741117982032,-2033.2049470436275
1.75,0.65,2.0,120.0,60.0,25.0,146,6,-218.8614575463622,-168.2052462248106,-1006.7494700662171,-0.8807468593232528,3.2547823690418767,1,5,-1391.4421383276715,-9.530425604984051,-2152.741117982032,-2033.2049470436275
1.75,0.65,2.0,120.0,60.0,25.0,146,8,-278.8614575463622,-226.2052462248106,-1092.749470066217,-32.88074685932325,-52.74521763095812,0,5,-1683.4421383276715,-11.530425604984051,-2152.741117982032,-2033.2049470436275
1.75,0.65,2.0,120.0,60.0,25.0,146,10,-338.8614575463622,-284.2052462248106,-1178.749470066217,-64.88074685932325,-108.74521763095812,0,5,-1975.4421383276715,-13.530425604984051,-2152.741117982032,-2033.2049470436275
1.75,0.65,2.0,120.0,60.0,25.0,146,12,-398.8614575463622,-342.2052462248106,-1264.749470066217,-96.88074685932325,-164.7452176309581,0,5,-2267.4421383276713,-15.53042560498405,-2152.741117982032,-2033.2049470436275
1.75,0.65,2.0,120.0,60.0,35.0,144,0,-83.00120630396037,71.99738225534517,-643.9012571126243,117.52104211225543,136.4357446138449,3,5,-400.9482944351396,-2.7843631557995803,-2062.790078055403,-1951.6327307030167
1.75,0.65,2.0,120.0,60.0,35.0,144,2,-143.00120630396037,15.997382255345173,-729.9012571126243,85.52104211225543,82.43574461384489,3,5,-688.9482944351396,-4.78436315579958,-2062.790078055403,-1951.6327307030167
1.75,0.65,2.0,120.0,60.0,35.0,144,4,-203.00120630396037,-40.00261774465483,-815.9012571126243,53.52104211225544,28.43574461384489,2,5,-976.9482944351396,-6.78436315579958,-2062.790078055403,-1951.6327307030167
1.75,0.65,2.0,120.0,60.0,35.0,144,6,-263.0012063039604,-96.00261774465483,-901.9012571126243,21.521042112255437,-25.56425538615511,1,5,-1264.9482944351396,-8.78436315579958,-2062.790078055403,-1951.6327307030167
1.75,0.65,2.0,120.0,60.0,35.0,144,8,-323.0012063039604,-152.00261774465483,-987.9012571126243,-10.478957887744563,-79.56425538615511,0,5,-1552.9482944351396,-10.78436315579958,-2062.790078055403,-1951.6327307030167
1.75,0.65,2.0,120.0,60.0,35.0,144,10,-383.0012063039604,-208.00261774465483,-1073.9012571126243,-42.47895788774456,-133.5642553861551,0,5,-1840.9482944351396,-12.78436315579958,-2062.790078055403,-1951.6327307030167
1.75,0.65,2.0,120.0,60.0,35.0,144,12,-443.0012063039604,-264.0026177446548,-1159.9012571126243,-74.47895788774457,-187.5642553861551,0,5,-2128.9482944351394,-14.784363155799578,-2062.790078055403,-1951.6327307030167
1.75,0.65,2.0,120.0,60.0,50.0,142,0,-162.32899749562193,116.75951914981167,-416.081068687031,111.13515371710157,362.1464769724523,3,5,11.63108365671269,0.08190903983600485,-1610.6375120533182,-1718.7645625977607
1.75,0.65,2.0,120.0,60.0,50.0,142,2,-220.32899749562193,60.759519149811666,-500.081068687031,79.13515371710157,308.1464769724523,3,5,-272.3689163432873,-1.918090960163995,-1610.6375120533182,-1718.7645625977607
1.75,0.65,2.0,120.0,60.0,50.0,142,4,-278.32899749562193,4.759519149811666,-584.081068687031,47.13515371710157,254.14647697245232,3,5,-556.3689163432873,-3.9180909601639953,-1610.6375120533182,-1718.7645625977607
1.75,0.65,2.0,120.0,60.0,50.0,142,6,-336.32899749562193,-51.240480850188334,-668.081068687031,15.135153717101574,200.14647697245232,2,5,-840.3689163432873,-5.918090960163995,-1610.6375120533182,-1718.7645625977607
1.75,0.65,2.0,120.0,60.0,50.0,142,8,-394.32899749562193,-107.24048085018833,-752.081068687031,-16.864846282898426,146.14647697245232,1,5,-1124.3689163432873,-7.918090960163995,-1610.6375120533182,-1718.7645625977607
1.75,0.65,2.0,120.0,60.0,50.0,142,10,-452.32899749562193,-163.24048085018833,-836.081068687031,-48.86484628289843,92.14647697245232,1,5,-1408.3689163432873,-9.918090960163996,-1610.6375120533182,-1718.7645625977607
1.75,0.65,2.0,120.0,60.0,50.0,142,12,-510.32899749562193,-219.24048085018833,-920.081068687031,-80.86484628289843,38.14647697245232,1,5,-1692.3689163432873,-11.918090960163996,-1610.6375120533182,-1718.7645625977607
